,comment,Username,time,like,IDIndex,platform
0,所以之前的视频呢？,阿瞒当娶本初,2023/12/7 20:00,0,2,bilibili
1,正能量要传播，,套娃星系,2023/12/8 7:09,0,2,bilibili
2,现在发的申明和做删帖的做法可是相反的哦，我本来差点信了呢,七个行者,2023/12/6 22:53,0,2,bilibili
3,没流量啊，我在评论区才看到的这事找过来的,终章一,2023/12/7 17:23,0,2,bilibili
4,五月天,74874634358_bili,2023/12/7 19:17,0,2,bilibili
5,在CDT看到的,MetaMiku,2023/12/7 17:28,0,2,bilibili
6,一方有难，八方支援。正能量！,Prime长歌-,2023/12/7 12:29,0,2,bilibili
7,幽默自助,吃亏是福不是祸lk,2023/12/6 20:03,0,2,bilibili
8,堵不如疏吧。。真有什么第一时间澄清，哪怕是负面的人们也习惯了。反而支支吾吾的才会引发争议。,醉月喵,2023/12/15 8:17,0,2,bilibili
9,"所以，花120万包机是真的喽？
有这个家资的，干出这种事也不让人意外啊",AnziDeno,2023/12/6 22:47,0,2,bilibili
10,这帮�，留下我一个在这里感冒！一个月了没挣一分钱。你们都是旅游了啊,去星巴克喝娃哈哈,2023/12/7 19:28,0,2,bilibili
11,谣言止于智者！已举办,鸦森咲羽,2023/12/6 19:59,0,2,bilibili
12,马上就删 最后一条关于这个新闻了,桂uou,2023/12/7 19:20,0,2,bilibili
13,恩将仇报 见利忘义 就是这种人,萧四无先生,2023/12/9 19:38,0,2,bilibili
14,快去看五月天假唱,发条熊-,2023/12/7 0:31,0,2,bilibili
15,令人信服,苹果泡泡水,2023/12/6 19:22,0,2,bilibili
16,什么时候公务员献肾？,ㅡ包薯条嘻嘻,2023/12/7 0:22,0,2,bilibili
17,中山事件彻底无了？,甜尼熊噗,2023/12/7 18:41,0,2,bilibili
18,我是秦始皇，打钱,MetaMiku,2023/12/13 16:27,0,2,bilibili
19,阿里这么牛逼的吗,超高校级的披萨女,2023/12/6 19:21,0,2,bilibili
20,唉马云，唉资本,自律宅楠,2023/12/8 20:57,0,2,bilibili
21,什么扫地僧,多啦兔,2023/12/6 19:53,0,2,bilibili
22,哈哈哈哈哈,alive包,2023/12/6 19:18,0,2,bilibili
23,拉黑不谢,猫咪古神,2023/12/6 20:18,0,2,bilibili
24,G*2,德基督山,2023/12/7 23:37,0,2,bilibili
25,好好好,半岛铁盒山东半岛分盒,2023/12/7 0:26,0,2,bilibili
26,乐,bili_82360369534,2023/12/7 23:28,0,2,bilibili
27,6,一个大头啊,2023/12/6 22:20,0,2,bilibili
28,"看一眼包机发票和转账记录
能看一眼公函的话最好",osking,2023/12/8 22:33,0,2,bilibili
29,大型纪录片又有新素材了,TryRemember,2023/12/14 9:44,0,2,bilibili
30,挺好的，以后有人在阿里遇到这种事就要这一样的救治。,朝游碧海暮栖苍梧,2023/12/9 1:22,0,2,bilibili
31,终于有人没忘记,辰大爱吃胡萝卜s,2023/12/8 14:21,0,2,bilibili
32,别问了别问了，我不想知道了，爱怎样就怎样吧,始终有一天我会被召唤,2023/12/8 17:51,0,2,bilibili
33,人人都要有爱心，献血是每个公民的义务，居民就没必要了,账号又被注销了,2023/12/9 13:11,0,2,bilibili
34,我自愿相信这个辟谣是真的。,稀稀稀稀稀有,2023/12/14 16:42,0,2,bilibili
35,emmm，不愧是大号自媒体,焚风最强肥宅,2023/12/12 20:42,0,2,bilibili
36,感谢上海卫健委,错过了然后,2023/12/13 9:24,0,2,bilibili
37,没啥奇怪的，而且有什么可大惊小怪的。我要是有特权我也用。这件事情起码是让你知道了，你不知道的多了去了。大部分骂这个事情的人可不是为了什么所谓的平等，而是他想要特权，但他没有特权，而且这辈子大概率也不会有。,利奥波德大公,2023/12/9 13:55,0,2,bilibili
38,再问，就不礼貌了,金毛败犬sawamura,2023/12/8 21:12,0,2,bilibili
39,振聋发聩,老海象啊,2023/12/8 21:05,0,2,bilibili
40,人道主义，希望各位都能走上人道嗷,温七上酒,2023/12/8 13:57,0,2,bilibili
41,只要普通人也有资格，那么我们也不会再说什么,rt露西亚,2023/12/9 12:41,0,2,bilibili
42,我信还不行么,安东q,2023/12/8 7:51,0,2,bilibili
43,"每个环节都需要通天的能量
两地卫健委
消防部队官兵公务员
包医疗专机
交警开道
移植肝源",sivccoo,2023/12/9 9:18,0,2,bilibili
44,哦，收到,地基一旦腐朽,2023/12/9 1:26,0,2,bilibili
45,我信了,2023年8月24日壹,2023/12/8 7:51,0,2,bilibili
46,笑了,xiaomagezzz,2023/12/7 18:50,0,2,bilibili
47,信信信，不信又能怎么样呢,鲜二臭,2023/12/7 19:30,0,2,bilibili
48,变好了是吧,阿瓦隆系统yue了,2023/12/8 2:14,0,2,bilibili
49,凤凰网,并不认真的昵称,2023/12/14 13:02,0,2,bilibili
50,勇！,雨中謾歩,2023/12/7 19:31,0,2,bilibili
51,现在已经搜索不到了,不要太独特,2023/12/8 8:32,0,2,bilibili
52,我觉得那是啥 那就必须是啥,雪夜下江南,2023/12/7 18:54,0,2,bilibili
53,,灰色的地方,2023/12/7 18:55,0,2,bilibili
54,别的不说，你就算换成中国首富想完成这个壮举都难,ncdzy,2023/12/8 14:29,0,2,bilibili
55,我是科比,可以不用但不能没有,2023/12/8 2:43,0,2,bilibili
56,你们喜欢就好,星语心愿丶,2023/12/8 13:53,0,2,bilibili
57,医研丁真 鉴定为：鉴定失败，请以官方通告为准,康康_1592,2023/12/9 12:51,0,2,bilibili
58,上海本来就得财政定点支援西部，有这个人脉也没啥好奇怪的，人得势了家人子女沾点光不是再正常嘛，就是凡事都不可以太过分更不可以张扬，这女的嘛就是无脑。德不配位必有灾祸，就她这个德行要是不修炼下也守不住家里的财富和地位。,FKC95,2023/12/8 23:24,0,2,bilibili
59,我觉得善意都是对等的，有其他人出事时能不能专门抽这个女的的血啊，毕竟她接受了那么多人献血，也该奉献奉献,吴歑琧,2023/12/7 20:10,0,2,bilibili
60,"小姑牛批这事，我提莫用你提莫告诉我吗？
b站：传说归传说，这是官方认证",崔杼弑君,2023/12/9 15:27,0,2,bilibili
61,要找之前的那些视频，去看看我的动态，给你们指路（已经被控评的盯上了，仅自己可见状态）,ge2tow,2023/12/8 8:14,0,2,bilibili
62,虽然我也不信，但我都给你一个解释了，我觉得你们这些屁民有点不地道，早早散去吧！,yaobanli,2023/12/10 2:55,0,2,bilibili
63,逻辑死循环，根本不是谣言不谣言的问题，你的加法式非得来个乘0鬼来了也不会是1,泮河汐,2023/12/7 20:33,0,2,bilibili
64,你们说的有多荒诞，我们都得信，因为你们手里有枪，而我们手无寸铁,芝麻小动物,2023/12/9 3:32,0,2,bilibili
65,这女的实在是没脑子，这种事也能放在明面上讲，还发在网上,有为青年司马懿233,2023/12/8 8:48,0,2,bilibili
66,就是这么一个白眼狼，搅和了这么长时间的漩涡，真是恶心啊。,Super-Aurinko,2023/12/9 18:14,0,2,bilibili
67,你就说出来真相吧，反正我们也不能拿你怎么办,实况胡迪,2023/12/14 18:26,0,2,bilibili
68,小叔叔 今年66岁 被捕前曾是钢厂工人,蒙题术士,2023/12/8 20:29,0,2,bilibili
69,人家水军都快把这波辟谣过去了，你又提。,千牛卫备身,2023/12/8 11:01,0,2,bilibili
70,,李相赫注定没有女朋友,2023/12/14 16:04,0,2,bilibili
71,那个刚刷出来的 最新版本 是自媒体造谣 以被处理,Schulmdchen,2023/12/8 21:35,0,2,bilibili
72,6.67E+17,纪狗蛋,2023/12/8 15:05,0,2,bilibili
73,你说没问题把，你删视频删评论干什么,3500万人最速通关记录,2023/12/14 7:43,0,2,bilibili
74,如果是假的，为什么不把当事人抓起来,CSGO大茹子,2023/12/8 13:44,0,2,bilibili
75,你这不什么都没多说啊 还没想好吗,编号421520,2023/12/9 18:28,0,2,bilibili
76,谁做的文案，这不得开除了，啥水平,Leslie蜻蜓,2023/12/9 4:14,0,2,bilibili
77,我，阎王爷，早晚收了她,刘氓哥ge,2023/12/8 7:34,0,2,bilibili
78,信了信了，行了吧。,夏尼·玛掺乎,2023/12/7 18:59,0,2,bilibili
79,问这些有啥用啊,笑脸lm,2023/12/8 14:23,0,2,bilibili
80,看来各个洗地的都出来洗地了,騲犇,2023/12/9 13:22,0,2,bilibili
81,压热搜啊，才1.9w播放量,夜雨之风君,2023/12/9 10:50,0,2,bilibili
82,我更想希望秦始皇得长生了。,段润黎,2023/12/8 8:42,0,2,bilibili
83,还来之不易呢 你可真能找,教主深田,2023/12/9 9:13,0,2,bilibili
84,这事，走正常渠道才牛吧！,搁浅大地,2023/12/8 15:32,0,2,bilibili
85,大家都洗衣服了呀，哈哈哈,一个靓仔_5589,2023/12/8 15:30,0,2,bilibili
86,冰冻三尺，非一日之寒。,星光在水-渔火浮天,2023/12/14 18:36,0,2,bilibili
87,这事短短几天就没热度了,帝都bili混子geexer,2023/12/8 17:55,0,2,bilibili
88,不是全部屏蔽了吗还能发,赌怪Kimiro,2023/12/8 17:46,0,2,bilibili
89,首陀罗确实不能叫普通人,Z-y大人,2023/12/8 15:35,0,2,bilibili
90,流量和牛魔只能要一个哦,歌者GZH,2023/12/8 14:29,0,2,bilibili
91,哈哈哈哈哈哈哈！！！,不理人左卫门,2023/12/9 13:47,0,2,bilibili
92,香港媒体破坏内地稳定,模玩评测果子狸,2023/12/8 11:58,0,2,bilibili
93,老老实实当你的中国人,爱吃薯条嘻嘻,2023/12/8 10:37,0,2,bilibili
94,明牌了，你能怎么样,妙蛙蒜头子,2023/12/14 21:30,0,2,bilibili
95,我信了还不行了吗？,账号已被注肖,2023/12/10 12:33,0,2,bilibili
96,富贵儿子叫啥来着？,笑容不是为ni,2023/12/8 21:20,0,2,bilibili
97,别说了，我信秦始皇,羞羞的猪队友,2023/12/8 17:53,0,2,bilibili
98,哈哈哈,川べりの家-松崎名央,2023/12/7 19:32,0,2,bilibili
99,死神都干不过你们,_clouding_,2023/12/14 16:58,0,2,bilibili
100,感動哭了。。。,邠寧節度使,2023/12/15 12:09,0,2,bilibili
101,一辈子不会献血,風棂,2023/12/9 3:21,0,2,bilibili
102,唉马云，唉资本,自律宅楠,2023/12/8 21:03,0,2,bilibili
103,正直的凤凰台,Lijmailxl,2023/12/9 10:57,0,2,bilibili
104,上海人厉害啊,chinahnwqf,2023/12/9 9:25,0,2,bilibili
105,是是是对对对,警长114514,2023/12/9 9:01,0,2,bilibili
106,视频都删没了,土圭垚森,2023/12/9 3:56,0,2,bilibili
107,/test,TOGRSSSSSS,2023/12/8 3:53,0,2,bilibili
108,无所谓了,哆啦a梦索拉西,2023/12/8 6:38,0,2,bilibili
109,说的道理,永世神选莉莉丝,2023/12/8 3:52,0,2,bilibili
110,？？？？,飞军破势,2023/12/8 1:45,0,2,bilibili
111,我姓曾,花の三つ葉,2023/12/8 15:06,0,2,bilibili
112,会编的,煊头,2023/12/8 12:51,0,2,bilibili
113,逆天,撒玛利亚肥鼠,2023/12/14 17:17,0,2,bilibili
114,幽默,科比佈萊恩特official,2023/12/8 20:49,0,2,bilibili
115,呵呵,大明caoyu,2023/12/7 20:16,0,2,bilibili
116,NB,玩家洛洛,2023/12/7 19:01,0,2,bilibili
117,呵呵,氿訫,2023/12/7 18:57,0,2,bilibili
118,血库姐已经搜不到了，全是彩票,灬事了拂衣去,2023/12/14 18:24,0,2,bilibili
119,算逑,智慧生物的美好之处,2023/12/9 0:42,0,2,bilibili
120,"核污染排放，食品添加剂，奶粉，
饲料，化肥，农药，电子辐射，
这些关乎自己安全和利益，多看看吧，",套娃星系,2023/12/8 7:15,0,2,bilibili
121,我就一个想法，我出事了也能不能这个流程来,敲可爱的脑壳,2023/12/15 1:28,0,2,bilibili
122,哈哈哈哈哈哈哈哈哈哈哈哈哈哈hh,永远跟党走u,2023/12/7 14:38,0,2,bilibili
123,漏洞百出,你要搜我也没办法捏,2023/12/7 1:47,0,2,bilibili
124,@马督工,Pop柚子,2023/12/7 15:06,0,2,bilibili
125,我不信,我在听-小南瓜,2023/12/14 21:51,0,2,bilibili
126,啊。,丨缪尔赛思丨,2023/12/6 21:07,0,2,bilibili
127,那公布一下怎么联系的,月静湖澄,2023/12/15 20:12,0,2,bilibili
128,什么狗东西,暗夜飘逸,2023/12/9 22:56,0,2,bilibili
129,"恭迎TFBOYS回归！
恭迎TFBOYS回归！
恭迎TFBOYS回归！",猫猫可爱捏_,2023/12/10 17:14,0,2,bilibili
130,幽默闹钟,smartisan坚果,2023/12/9 23:17,0,2,bilibili
131,驴友重生记：一上海驴友在阿里突遇车祸，生命危在旦夕。阿里地区军民三十多人自发献血，西藏上海医疗援藏对口部门向上海市卫健委发函，请求在日喀则的上海援藏医生到阿里进行会诊，上海市卫健委立即进行安排。根据病情，上海援藏医生建议立即转至川大华西医院抢救。华西医院在接到求助后，立即进行了安排。一切万事俱备，病人空运成了唯一难题。驴友的小姑姑得知此事，突想起儿媳妇在物流公司工作，并且负责办理委托承运手续，遂电话询问儿媳如何包机。儿媳得知包机原因后，想起公司有包机恰好当天从阿里运货到成都，便请求领导提供帮助。公司领导当即拍板，先救人，货物改日再运。经抢救，受伤驴友几天后脱离危险，可以回上海继续疗养。驴友小姑姑的儿媳再次找公司领导求助，希望搭乘公司从成都到上海的商务车，公司领导考虑驴友包机已花费一百多万，便只收取两千多元。回顾全过程，驴友十分感慨，真是天不灭曹，包机一事让众人一筹莫展，却被退休在家的小姑姑轻松搞定，小姑姑牛X。（本故事纯属虚构，如有雷同，纯属巧合）,冬日暖阳27792779,2023/12/10 13:16,0,2,bilibili
132,@光学刺猬 我前面回答过你的，不是歪楼，我特意zhendui你说的话来的，还解释了半天，结果评论被举报，你还拉黑我，不知道谁心虚,梦化空,2023/12/9 17:41,0,2,bilibili
133,大家该干嘛干嘛，做人自私点，你不欠谁的，你只要知道遵守规则的人是小丑就行了，散了,桐崎芊棘,2023/12/10 22:42,0,2,bilibili
134,最简单的证明就是大街随机找几个人，你让他们试试能不能做到就行了。,X_Cccccccccc,2023/12/14 8:20,0,2,bilibili
135,这些才是中国公民啊，其他人只是有个身份证而已,柯大吓,2023/12/14 9:03,0,2,bilibili
136,好，那把造谣的抓起来吧,阿坤昆堃啊,2023/12/9 16:22,0,2,bilibili
137,这是什么情况？,123姐妹追剧,2023/12/8 23:06,0,2,bilibili
138,传播谣言不是要行政处罚的吗,演员没有假期,2023/12/9 21:14,0,2,bilibili
139,他们说造谣就是造谣？,好强太强了我选择摆烂,2023/12/10 10:43,0,2,bilibili
140,此地无银三百两,光影-时刻,2023/12/9 11:20,0,2,bilibili
141,试图弱化大脑,我就这个表情ーヘー,2023/12/11 8:34,0,2,bilibili
142,黄河终将决堤,世上可有仙,2023/12/10 16:07,0,2,bilibili
143,真？假？,祝你胃痛牙痛膝盖痛,2023/12/9 23:58,0,2,bilibili
144,调查结果现在也没有吗？,饼不圆,2023/12/6 22:58,1,2,bilibili
145,顶上去,夜樱千歌,2023/12/14 13:06,1,2,bilibili
146,正能量视频,东百电灯侠,2023/12/8 10:41,1,2,bilibili
147,还请各位爷继续保持吃瓜心态，别急，还有更加魔幻的节目给您献上咧,Lesand,2023/12/8 12:39,1,2,bilibili
148,我只知道 阿里地区的朋友们献血是真心真意的 愿好人一生平安,heifetz7,2023/12/6 19:29,1,2,bilibili
149,不是在阳光下，反正我是不会去相信了,蓝龙Vic,2023/12/7 12:59,1,2,bilibili
150,主要是打电话这个就是最大的不同了,黑工瞳仁,2023/12/6 19:26,1,2,bilibili
151,我咋都没有听说过这事情？,当一名好医生,2023/12/6 19:24,1,2,bilibili
152,好！,N1BEL,2023/12/9 22:36,1,2,bilibili
153,7000毫升,醒风弄月,2023/12/7 0:06,1,2,bilibili
154,什么都搜不到了,daring000,2023/12/8 15:04,1,2,bilibili
155,有这么好的医疗服务，这么多热心群众，大家为什么还畏首畏尾，恶意不消费呢，完全没有任何后顾之忧啊,a_Mandalorian,2023/12/7 20:06,1,2,bilibili
156,要不是看到“清洁煤”评论区有人问这个事，我都没想到视频都被删了,修行社,2023/12/7 8:53,1,2,bilibili
157,这??,洛小河_Riv,2023/12/14 10:18,1,2,bilibili
158,留念第四天，希望视频不要被删。,春日枫ヽ,2023/12/15 10:17,1,2,bilibili
159,一个人最多4000ml血液，这波献了7000ml......多余的是吐了还是拿去当水喝啊？,大炮真的很大,2023/12/7 10:42,1,2,bilibili
160,其实我就是秦始皇，现在我化身尚宗本人，正在做游戏剪辑,真人快打-老顽童,2023/12/9 11:21,1,2,bilibili
161,包机可以花钱血要也不是完全不可能联系市卫健委纯离谱,没有的别试了,2023/12/8 0:46,1,2,bilibili
162,反转了结果pxj还是不信，还在幻想,YsChAkkk,2023/12/6 23:06,1,2,bilibili
163,马上就删 最后一条关于这个新闻了,word麻鸭失棉了,2023/12/6 22:49,1,2,bilibili
164,所以视频为啥都没了,大七呀-,2023/12/6 22:23,1,2,bilibili
165,再等等吧，互联网是没有记忆的,小岛秀夫HideoKojima,2023/12/6 19:48,1,2,bilibili
166,怎么没有卫健委的事了？,浩浩无敌大帅比,2023/12/7 0:11,1,2,bilibili
167,,1024_black_cat,2023/12/10 20:19,1,2,bilibili
168,说不出话了，悲哀,堂主三三,2023/12/8 11:48,1,2,bilibili
169,才300评论啊,小班也上政治课,2023/12/7 7:17,1,2,bilibili
170,如何破局,boomboomboomxx,2023/12/7 18:19,1,2,bilibili
171,遥遥领先,魔幻丁真,2023/12/7 0:55,1,2,bilibili
172,666,狂宕三世,2023/12/9 16:02,1,2,bilibili
173,唉美团,Ruprecht-I,2023/12/8 14:20,1,2,bilibili
174,6,长庚星毓,2023/12/14 16:41,1,2,bilibili
175,6,名字叫名字or名字,2023/12/10 20:09,1,2,bilibili
176,1,究极野猪大王,2023/12/9 7:55,1,2,bilibili
177,顶起来,比利海灵遁,2023/12/8 8:05,1,2,bilibili
178,投2币了，希望视频能存在久一点吧。,歌島新治,2023/12/13 8:29,1,2,bilibili
179,@中国长安网 @复兴路上 @国是直通车 正能量，值得宣传,何家欢,2023/12/11 18:11,1,2,bilibili
180,尊重,huibuuc,2023/12/9 0:03,1,2,bilibili
181,我之前的几条不见了，那我只敢相信了,inarticulater,2023/12/10 2:59,1,2,bilibili
182,普通人活着就不容易了，哪还有能力来质疑大佬。,特斯拉刹车调试员,2023/12/11 11:02,1,2,bilibili
183,只有小凤凰还在刚,而立知天命,2023/12/8 18:03,1,2,bilibili
184,感天动地，建议拍电影,梦里醒时,2023/12/8 23:11,1,2,bilibili
185,五大亮点,花中行樂月中眠,2023/12/10 19:53,1,2,bilibili
186,不知道还会不会有徙木立信,灭你的牛,2023/12/7 19:04,1,2,bilibili
187,第六问：肝源来自于何处,账号已注销,2023/12/8 11:55,1,2,bilibili
188,我信了�,阅读驴,2023/12/9 11:35,1,2,bilibili
189,已经搜不到了！,白菜的白_庶民的庶,2023/12/10 7:04,1,2,bilibili
190,这和现实太撕裂 平时去医院 去政府部门办事 有这效率？,IQLY2580,2023/12/9 10:58,1,2,bilibili
191,还得是凤凰网。,心可以碎_手不能停,2023/12/12 23:20,1,2,bilibili
192,可存在的问题是，我们普通人发生了事，为什么困难就那么大？谁都联系不到了，只能求助自己和上天保佑了,风语雨声,2023/12/9 14:07,1,2,bilibili
193,谢谢你，凤凰网，你是真凤凰，你是真的勇,刘庸干净生又卫,2023/12/8 21:14,1,2,bilibili
194,载入史册咯,藏狐也是狐,2023/12/12 16:00,1,2,bilibili
195,听说那天是星期天,沉牧不远,2023/12/9 8:35,1,2,bilibili
196,终于等到真相了，相信凡凡,薛定谔的末日,2023/12/10 21:47,1,2,bilibili
197,你还真想给我买瓜子啊,我头像是电视,2023/12/8 18:37,1,2,bilibili
198,我反正信了,醪糟酒师傅,2023/12/7 20:01,1,2,bilibili
199,我信，我信,大和赤骥big_,2023/12/10 19:20,1,2,bilibili
200,"好,真相不会迟到",a-piece-of-shit,2023/12/7 19:03,1,2,bilibili
201,好开,L渐入佳境,2023/12/9 16:09,1,2,bilibili
202,航空公司人还怪好的咧,路灯推荐专家,2023/12/9 10:18,1,2,bilibili
203,怎么是普通人骗谁呢？以为网友都是傻子。殊不知不管怎么欺骗隐瞒，网友一个比一个清楚。,凉未火,2023/12/8 14:24,1,2,bilibili
204,对对  都是普通老百姓,资本主义真该死啊,2023/12/8 14:30,1,2,bilibili
205,凤凰这还在,鸡蛋六只糖呢两茶匙,2023/12/13 13:44,1,2,bilibili
206,唯三还能搜到的视频,Able_77,2023/12/13 16:59,1,2,bilibili
207,公平公正廉洁奉献,六盘水欧亚男科刘主任,2023/12/9 18:45,1,2,bilibili
208,每个人紧急用血都可以像她一样的，不要再带节奏了,NoNuke肥八神,2023/12/14 10:59,1,2,bilibili
209,"""世界上最可悲的事，是好人只能偷偷议论真相，而坏人却能明目张胆的说好人在造谣。""
一毛姆",真不会取名丶,2023/12/9 10:50,1,2,bilibili
210,跟你们说啊！该给解释的都解释了 ！在不信，就不礼貌了！,13岁的爱国心,2023/12/8 12:43,1,2,bilibili
211,救人是好事，那就都发出来让大家评判评判，表扬表扬，遮遮掩掩的，让有心人看到还以为你们心里有鬼呢,地上有五把枪,2023/12/8 0:18,1,2,bilibili
212,都这么牛逼的权利背景了还用发函，直接打电话办事就行了，这不是露马脚吗，吃力不讨好，我不觉得这是个聪明人,love蕾姆酱o,2023/12/8 0:55,1,2,bilibili
213,既然你诚心诚意的问了，我就大发慈悲的告诉你，五葬，小刺喽。,权叔视频好看,2023/12/8 14:41,1,2,bilibili
214,我听说被救女子是夸大事实，如果是真的话属于造谣要抓吗,贤妻良母由佳酱,2023/12/10 13:16,1,2,bilibili
215,谁敢不信，就是罕见！抓起来去领50w,Doubling7,2023/12/9 9:20,1,2,bilibili
216,我为这种人能和我生活在同一个城市感到不齿,残月代柔啦,2023/12/12 11:22,1,2,bilibili
217,别问了，别查了，再查下去跟你们息息相关了,鹤归风车KZ,2023/12/9 12:04,1,2,bilibili
218,我估摸，马云在这小姑面前也就是一个屁,除暴安良之人,2023/12/9 22:35,1,2,bilibili
219,你们信吗？骗傻子的！几千年来恒古未有,吃白菜也要勇气,2023/12/8 20:33,1,2,bilibili
220,儿媳妇是谁，什么岗位，什么权力级别？,骊威X,2023/12/8 13:55,1,2,bilibili
221,哈哈哈哈哈哈哈，真是好笑,伪宅sama,2023/12/12 12:17,1,2,bilibili
222,对对对，你说是就是呗,稻草人DAOCAO,2023/12/9 17:17,1,2,bilibili
223,我建议上海市卫健委起诉这对夫妻,互联网调查记者,2023/12/7 19:01,1,2,bilibili
224,我只愿相信这些人话的，多捐血,肿么你不服气,2023/12/14 8:54,1,2,bilibili
225,你问问鬼，他信不？哈哈哈哈哈,除暴安良之人,2023/12/9 22:33,1,2,bilibili
226,居然还有，其他视频早下架了。,55052054,2023/12/8 12:22,1,2,bilibili
227,我，秦始皇！打钱,早安扎胩扒胩,2023/12/7 22:19,1,2,bilibili
228,北机鲢鱼，西藏血拐,不是吧宝贝,2023/12/13 11:43,1,2,bilibili
229,这个解释你还是写在课本上吧,越狱牛仔,2023/12/9 13:23,1,2,bilibili
230,凤凰网经典肉喇叭,喵麦皮,2023/12/7 20:52,1,2,bilibili
231,再加一吨洗涤剂，使劲洗,小猪不在请叫猪头,2023/12/9 3:12,1,2,bilibili
232,哈哈哈，评论都给我吞了,霁月yousa,2023/12/8 11:30,1,2,bilibili
233,说的好，建议上春晚,窝没有什么嘤嘤魔杖,2023/12/8 16:24,1,2,bilibili
234,凤凰变味了,冕蜡嘴鹀,2023/12/7 18:56,1,2,bilibili
235,解释了你就要信,猪哥踟躇,2023/12/8 20:24,1,2,bilibili
236,我不信,究极吃瓜看戏乐子人,2023/12/8 18:27,1,2,bilibili
237,朱高燧：狂妄！,作业写完没否,2023/12/8 12:09,1,2,bilibili
238,你看我信吗？,或许丶想得太多,2023/12/9 18:19,1,2,bilibili
239,真好 真幸福,晓看天色星河归秋,2023/12/8 14:21,1,2,bilibili
240,凤凰网真硬啊,甜甜的哈哈哈哈哈密瓜,2023/12/7 19:18,1,2,bilibili
241,五月天：6,啧啧啧珠子,2023/12/11 15:32,1,2,bilibili
242,不是普通人,偷偷看片儿,2023/12/8 12:37,1,2,bilibili
243,搞事媒体,fgjiygvgfgbbjuu,2023/12/10 15:15,1,2,bilibili
244,阶级敌人,南若北,2023/12/10 10:02,1,2,bilibili
245,哈哈哈哈,把球传给3号,2023/12/9 10:19,1,2,bilibili
246,开始洗了,SeanJordan,2023/12/8 20:25,1,2,bilibili
247,越描越黑,凡尼到永生,2023/12/8 12:36,1,2,bilibili
248,我不信,心中月亮地,2023/12/8 20:05,1,2,bilibili
249,差评,叫我杨大强,2023/12/9 9:39,1,2,bilibili
250,黑,孤舟凌波,2023/12/10 14:20,1,2,bilibili
251,但愿如此吧，时间问题罢了,传说级别的痛苦,2023/12/6 20:59,1,2,bilibili
252,人民何时才能真正翻身？,爱吃樱桃的小熊猫,2023/12/8 9:34,1,2,bilibili
253,都包机了 去哪不都差不多嘛,不要太独特,2023/12/8 8:39,1,2,bilibili
254,哈哈哈，我信了,铃仙铃,2023/12/10 10:52,1,2,bilibili
255,活着,狂宕三世,2023/12/9 16:03,1,2,bilibili
256,我建议推了！,封茗子阳,2023/12/11 16:28,1,2,bilibili
257,为什么不说是什么职位？,王牌贱谍果果,2023/12/10 15:06,1,2,bilibili
258,呵呵,粉黑粉黑的,2023/12/10 19:58,1,2,bilibili
259,辟谣了，工薪家庭，家里困难，上学期间接受过补助。,阴间三剑客,2023/12/10 23:04,1,2,bilibili
260,我可能不了解事实真相，但我了解中国。我又不是第一天当中国人。,显卡又炸了,2023/12/9 19:13,1,2,bilibili
261,权力的游戏,黑布林1314,2023/12/9 22:46,1,2,bilibili
262,这么爽的人生下辈子换我来当行不行,cccccXX077,2023/12/13 22:06,1,2,bilibili
263,啥也没说，又什么都说了,Rukxx,2023/12/11 20:38,1,2,bilibili
264,@央视新闻 @中国警察网 @联合国,龘遊,2023/12/10 0:48,1,2,bilibili
265,哈哈哈,mwl8492,2023/12/9 7:15,1,2,bilibili
266,对对对，小姑姑是普通退休职工,逝去的__青春,2023/12/10 10:19,1,2,bilibili
267,都辟谣了，应该是真的了,大头猫小米饼,2023/12/14 7:27,1,2,bilibili
268,我是秦始皇,想用开水泡你,2023/12/11 21:13,1,2,bilibili
269,那她姑姑到底是干嘛的,暧昧的性,2023/12/10 20:28,1,2,bilibili
270,你说是那就是，不反驳,时间尚早别睁开眼睛,2023/12/9 10:07,1,2,bilibili
271,幽默,独善其身CH6,2023/12/14 11:46,1,2,bilibili
272,这是谣言,XinI_,2023/12/11 12:32,1,2,bilibili
273,搁这用排除法呢,落榜洪秀全,2023/12/14 2:43,1,2,bilibili
274,所以小姑姑是？,法治若鱼,2023/12/9 19:15,1,2,bilibili
275,辟谣就是承认,狸花之君,2023/12/9 18:26,1,2,bilibili
276,这才是谣言,画间步,2023/12/14 22:52,1,2,bilibili
277,造谣不抓？,aof82497,2023/12/10 1:11,1,2,bilibili
278,盲人摸象,汽油official,2023/12/9 10:06,1,2,bilibili
279,nb,和你一起过家家-,2023/12/11 13:16,1,2,bilibili
280,幽默,bili_61735690454,2023/12/10 22:40,1,2,bilibili
281,呵呵,星衍元,2023/12/9 6:31,1,2,bilibili
282,6,小喵的守护骑士,2023/12/13 16:31,1,2,bilibili
283,为什么没回应呢，因为回应无非三种，所以这事情其实和你想的一样，倒不如好好过好自己的日子得了,妙龄少女八云紫,2023/12/6 20:40,10,2,bilibili
284,这么“正能量”的事情，b站怎么搜不到啊，不应该大力宣传和弘扬的么,FZpro君,2023/12/14 17:48,10,2,bilibili
285,行吧。回头旅游去阿里看看去。这年头儿媒体把正经工人贬低成“打工人”，把不像工人的称为工人。普通工人家庭要是真能做到视频里那样，怕不是我们早已经跳过了社会主义初级阶段了。,HCBili,2023/12/6 20:07,10,2,bilibili
286,不是说造谣吗，这么有正当性怎么现在视频全没了啊,梦揽星河入怀,2023/12/6 21:30,10,2,bilibili
287,现在已经全网降热度了捏 有点像�� 傻孩子们 快跑吧,幸好迅哥生得早,2023/12/7 12:02,10,2,bilibili
288,我无意点开这个视频，希望有关部门不要清算我,肥肉驾驭者,2023/12/7 17:01,10,2,bilibili
289,为什么下架视频？越怕越说明有问题,红色的中国球,2023/12/9 0:22,10,2,bilibili
290,真相就是你不能知道，不该知道，给你看到也是假象，你永远只能活在新闻联播的世界路，每天做着白日梦，国强了，大部分民弱了，一小部分棺员和家人享福，这就是真相啊,zhangyuevil,2023/12/8 10:02,10,2,bilibili
291,本着人道主义？多少人病危时拿着献血证换不来一升，你搁这人道主义跨省救援？把人都当傻子？烂透了，全是谎话。,清和院宇麦秋凉,2023/12/12 10:40,10,2,bilibili
292,"已经封禁一批人了
不过最初造谣的人怎么不处理",削柴火,2023/12/9 22:59,10,2,bilibili
293,兄弟们，找你们找的好苦呀，就剩这一个独苗视频了,喔太想进部啦,2023/12/7 2:39,10,2,bilibili
294,某杀人犯在法庭澄清谣言：“我没杀人”，法官当庭宣判无罪释放,堂主三三,2023/12/7 11:36,10,2,bilibili
295,坚决维护新闻正义 抨击造谣传谣者,种花家唯一真神,2023/12/10 2:00,10,2,bilibili
296,他们眼睛中的普通人和我们“普通人”都一样是人，就是有点区别！,湖北的年轻人,2023/12/7 20:35,103,2,bilibili
297,自信点，承认的话我们也不会怎么样,平行的交点,2023/12/7 18:57,105,2,bilibili
298,以前只是压热度，不给推荐，这次是直接搜都搜不到了，玩b站这么久，第一次遇到，开了眼了,落榜洪秀全,2023/12/7 1:03,106,2,bilibili
299,被压热度了，刚才刷视频突然想起来这么个事，时间还不久，一点声音都没有了,清酒暖心co,2023/12/11 20:51,11,2,bilibili
300,很难不想到余华的《活着》,无名02200059,2023/12/13 0:03,11,2,bilibili
301,B站已经搜不到了,无敌的本大王,2023/12/6 19:25,11,2,bilibili
302,真牛皮，现在热度都没了,只能说呵呵了,2023/12/12 23:14,11,2,bilibili
303,"2023年底了，每天都在刷新我对离谱的认知下限，
更离谱的是我居然觉得不惊讶",大GAI哥,2023/12/10 12:03,11,2,bilibili
304,五月天也是倒霉被拿来压热度，世间万物皆可为盾又如何，人心散了信任体系崩了再怎么守都没用。,ummug,2023/12/8 14:03,112,2,bilibili
305,黑龙江奥迪哥是工人，这又是工人。我们信还不行嘛！咱们工人有力量，真的太有力量了,赫尔辛基机器猫,2023/12/6 20:52,114,2,bilibili
306,明天将搜不到这个视频,萨播,2023/12/6 19:25,116,2,bilibili
307,既然这是假的，那当事人的行为仅仅是口嗨还是造谣呢,bili_271853211,2023/12/6 20:07,12,2,bilibili
308,评论区真的是颠覆三观，献血是国之大义，奉献国家，奉献社会，行善积德，你不献他不献，难道要我献？？？,爫乛爫乛,2023/12/11 23:58,12,2,bilibili
309,净网行动开始了，之前的视频直接搜不到了，直接此地无银三百两,世界属于三体消灭人类,2023/12/7 3:06,12,2,bilibili
310,每次一有这些事 就扔一个明星出来挡刀,笼子里的老摆信,2023/12/7 7:10,12,2,bilibili
311,现在b站搜al线血就只有3个视频了,o何总o,2023/12/10 11:10,12,2,bilibili
312,信了，再不信可就没好果子吃了,麦虎核桃,2023/12/7 19:00,12,2,bilibili
313,"删也没用，删了我继续发，这个号发不出来我继续用小号发
嗨嗨嗨，又来了奥
本人普普通通老百姓，我相信当自己生病急需用血用钱时，同事和单位能动员全体人员，在充分考虑自身身体素质，家庭关系，社会关系，个人自愿，白天休息的情况下献血；同事能请大城市的师兄/师姐/老师远程帮忙看看病历，指导接下来的治疗；亲戚能在1周内围在病床前根据自身能力，家庭规划内出钱出力；医护、交通等各部门能协调开通绿色通道第一时间直达抢救室。",今天还是阵羽哒,2023/12/8 4:38,12,2,bilibili
314,都删除完了,看你既得利益者的嘴脸,2023/12/6 23:44,12,2,bilibili
315,希望上海普通人遇到意外时，也能得到卫健委的函急救,浦上清枫,2023/12/7 19:10,1293,2,bilibili
316,可以把这个求助电话发出来，大家以后记得打打,橙子君wishes,2023/12/6 19:14,13,2,bilibili
317,别删了，我信还不行吗,春风垂落红旗,2023/12/12 20:41,13,2,bilibili
318,大家宁愿相信这个，却不相信我是秦始皇，都不转我50,冰冰果实爱莎,2023/12/7 22:02,13,2,bilibili
319,限流限的真狠�,雨中謾歩,2023/12/7 22:37,13,2,bilibili
320,"大河报记者以异地急需用血者家属的身份，求助上海市卫健委。工作人员回应，异地用血需要走正常渠道，求助当地的医院，在当地申请。

当记者询问，被上海市卫健委协调救助的车祸女子，之前是否有这样的救助通道？工作人员表示，自己不清楚，会将需求记录下来，会有专人在1至15个工作日内联系记者。",dxxjxpxcx,2023/12/7 12:59,13,2,bilibili
321,公布真实情况是最好的防止谣言传播的方法。,小脸通红小手冰凉,2023/12/9 17:31,133,2,bilibili
322,上海市卫健委表示，经核实，网传说法不实，问题是这个不是一般的网传。是当事人自己说的， 如果当事人造谣，什么时候抓起来。,要照顾好自己-,2023/12/6 21:15,134,2,bilibili
323,这么正能量的事应该多传播发扬光大啊,脸色苍白的伙伴,2023/12/8 11:05,137,2,bilibili
324,普通人在外地受伤能接触到航空医疗服务商吗？航空医疗服务商能在边境地区申请临时航线吗？申请效率这么快，能在三天之内完成？,大棋局之感情纠纷,2023/12/7 19:55,139,2,bilibili
325,辟谣的文字游戏看多了以后我一眼就知道意思了,鲁智深拳打沸羊羊,2023/12/8 23:22,14,2,bilibili
326,很多视频都没了，血槽姑能量真是大。那个鲢鱼完全不够看,饭麸果,2023/12/7 19:41,148,2,bilibili
327,这还不是上仙们的亲属，这还仅仅是看得见的土地爷，就已经有这样的威能了,单扌亻主人,2023/12/8 17:41,15,2,bilibili
328,知道为什么五月天一下子被顶那么前面吗,是她影响了我,2023/12/13 18:58,15,2,bilibili
329,"大象新闻:当然是继续带节奏，继续造谣了。
四川观察:你说的对，我也是这么想的。",龙行泰兴,2023/12/8 23:29,15,2,bilibili
330,厉害了，我昨天这视频下的评论已经被删了，活了接近一天,烧勺少哨,2023/12/8 7:56,16,2,bilibili
331,笑拉了,文满为溢我文艺,2023/12/6 19:16,16,2,bilibili
332,真牛逼，视频都不见了！！,上帝给你玩,2023/12/6 19:14,16,2,bilibili
333,大小姐驾到，通通献血！,Last_Battalion,2023/12/8 0:24,16,2,bilibili
334,为什么视频越来越少，这小姑又出来散发能量了,深渊藕,2023/12/6 23:08,16,2,bilibili
335,僧丫就是这样带的节奏吧？老惯犯了,blodeshilking,2023/12/9 0:42,16,2,bilibili
336,我们国家没有放弃一个生命我们人民善良,有概率说反话,2023/12/7 20:38,165,2,bilibili
337,反正就是保护隐私，哪怕组织体面受损。普通人做不到，她做到了。,Milan2012,2023/12/10 0:05,169,2,bilibili
338,现在怎么就搜到这一个视频,趣钓娱,2023/12/6 21:10,17,2,bilibili
339,笑死，别的报道都删了,bili_481377114,2023/12/6 19:17,17,2,bilibili
340,我真不不知道有的人在想什么，如果是假的那这个造谣危害就太大了，竟然不管？如果没什么特殊情况，那说明我们这个医疗保障能力特别厉害，简直是制度优越性，应该当成光辉事迹大力宣传啊？,富土康粗鄙之语辅导班,2023/12/9 14:11,17,2,bilibili
341,我信还不行吗,Hy-佳,2023/12/7 18:48,178,2,bilibili
342,啊  我信还不行吗！,墨竹暄mzx,2023/12/6 19:24,18,2,bilibili
343,不去故事会投稿太可惜了,-秋风辞-,2023/12/7 19:19,18,2,bilibili
344,还真有普通人会信沪✌的，它们傲慢的本质是不会变的几年前的都忘了吗,旧日轮廓,2023/12/6 19:18,19,2,bilibili
345,无相关视频,荒漠活佛,2023/12/6 20:49,19,2,bilibili
346,所以以前的视频去哪了,一猫儿啊一,2023/12/6 23:47,2,2,bilibili
347,热度不能降啊,唯一敏与网子斌,2023/12/14 15:28,2,2,bilibili
348,怎么只有一个了？,莱德至上,2023/12/7 10:53,2,2,bilibili
349,准备补档,不能说话的人们,2023/12/7 0:58,2,2,bilibili
350,想看一下进展，没了,邪王真眼゛,2023/12/6 19:37,2,2,bilibili
351,行了行了我信了,你也想一起起起舞吗,2023/12/7 7:40,2,2,bilibili
352,真牛啊,Arch_Angel,2023/12/8 0:14,2,2,bilibili
353,好，这才是正能量,bili88613746600,2023/12/6 20:44,2,2,bilibili
354,生命长城！阿里精神！对了，有条件来这边医院看看,峡谷野怪保护协会会长,2023/12/15 1:17,2,2,bilibili
355,我还疑惑阿里地区是哪？阿里巴巴？后来才看到好像是西藏的？我为什么没看懂这个事  感觉患者家头关系也不是很硬那种啊�,反方向_循迹,2023/12/6 20:20,2,2,bilibili
356,你说啥就是啥,_-联合国怎么说-_,2023/12/7 15:07,2,2,bilibili
357,幽默⏰,cgujbdtjn,2023/12/10 19:58,2,2,bilibili
358,"我这边能找到的发布过谈论该事件视频的账号（不知道控评情况下能留存多久，搜索时手动去“前排”的数字）

275罗辑的二向箔
235搞笑孟文明
1114远方的达文西
6795小孟涨知识啦
342张捷财经观察
5566大视野NO1
34照理说事
225校尉说
342首席操作工
778章北海official
6648胡律师看法
453为啥子让风吹
230望启年
279我是饭叔啊
yxyy3604（这个不要去数字）

更多的视频和博主账号还有类似新京报、大象新闻等等的，我这边找不到记录了，想了解可以问问别的留言网友。另外以上博主言论各异自行分辨，评论区也经过处理了的慎重分辨吧

测试是否被仅自己可见，路过的随便互动一下？",ge2tow,2023/12/7 13:55,2,2,bilibili
359,就是个工艺品联营工厂工人，散了吧，多大点儿屁事,压酥共伤,2023/12/6 20:35,2,2,bilibili
360,开始拿五月天炒作转移注意力,太哈人了,2023/12/7 13:39,2,2,bilibili
361,评论区就是X站特有的错的必不是我,烬裔居士,2023/12/6 20:44,2,2,bilibili
362,那是不是可以算造谣了,2401忏悔切线,2023/12/6 19:19,2,2,bilibili
363,这次真可以说遥遥领先了,瞭望塔一号,2023/12/7 17:49,2,2,bilibili
364,为什么就你能发，真厉害啊,哎咿呀哦吼吼,2023/12/7 22:24,2,2,bilibili
365,我宣布个事，我是秦始皇！,账号已注销,2023/12/6 19:29,2,2,bilibili
366,我是秦始皇，打钱,_小镇错题家_,2023/12/6 21:40,2,2,bilibili
367,1,laobden,2023/12/14 12:30,2,2,bilibili
368,我本科时献过三次血，但现在我不希望我的爱心被用在这种人的身上,EA3148,2023/12/14 13:12,2,2,bilibili
369,我们都信了,野兔子族长,2023/12/9 17:12,2,2,bilibili
370,这是b站能找到的最后一个视频，能量真大,夜和业和叶,2023/12/11 16:42,2,2,bilibili
371,神奇的地方有比神话还科幻的故事,小写的sky,2023/12/9 9:33,2,2,bilibili
372,太美丽了,青玉飘,2023/12/9 10:40,2,2,bilibili
373,多背单词就行了,不知名怪客,2023/12/9 18:03,2,2,bilibili
374,当直言不能被允许就说明一切,fukeall,2023/12/9 5:54,2,2,bilibili
375,放心拖一拖就没了,高恋月,2023/12/13 7:43,2,2,bilibili
376,那可不兴查呐，万一真的有什么问题,County-Down,2023/12/9 0:53,2,2,bilibili
377,别的不说，起码各地的卫健委工作量要增加了，官方说这条路行得通，换言之就是最起码15*24=360人中，起码有一个可以获得同样待遇的救助，这是历史性的进步啊,鸢尾花开丶清茗,2023/12/10 13:22,2,2,bilibili
378,普通人，对，普通人,king-of-hell,2023/12/8 17:44,2,2,bilibili
379,本来是一个彰显优势的好机会，居然发酵到这个地步,这不对那不对,2023/12/8 13:05,2,2,bilibili
380,都没有了,那里不可以那里会坏掉,2023/12/9 23:07,2,2,bilibili
381,难崩,10260366,2023/12/7 20:21,2,2,bilibili
382,很多相关视频都被删了……,勿忘那些年的回忆,2023/12/8 16:23,2,2,bilibili
383,相信权威媒体！,瑞士国师,2023/12/7 18:49,2,2,bilibili
384,下一期故事会没有这个我不看，不要唬我，我可是援藏回来的，对口林芝察隅,相逢头白莫调低,2023/12/9 7:40,2,2,bilibili
385,这个就是真相，大家不要被别有用心的人利用啊,无常之巷,2023/12/8 10:06,2,2,bilibili
386,我也不感不信啊,奈何桥过不去的是过去,2023/12/10 23:53,2,2,bilibili
387,我只能保证我爸妈会凑钱救我，其他的我想都不敢想啊？而且要辟谣不是很简单，让当事人出来接受一下采访。然后感谢一下政府，然后对自己的不实聊天记录感到抱歉之类的就行了。,丁真大开,2023/12/8 18:47,2,2,bilibili
388,不是说请水军是违法行为吗？怎么感觉评论区有人在违法呢？为什么没有得到法律的惩罚？是因为他们有免死金牌吗？,Clark丶Kent,2023/12/11 1:08,2,2,bilibili
389,公主都掉珍珠了还想怎样，眼睛坏了咋们又要倒霉放自己一条生路吧,我的ID真可爱,2023/12/9 9:40,2,2,bilibili
390,如果不是个例，请普及，如果是造谣，请逮捕，少来这么多有的没的，看着使人生厌,伸爪爪公会会长,2023/12/10 1:06,2,2,bilibili
391,如果正常 希望公布流程让每个中国人都能享受这种待遇,笼子里的老摆信,2023/12/10 19:58,2,2,bilibili
392,把群众当傻子你还不如闭嘴，沙雕，单细胞生物,冕蜡嘴鹀,2023/12/7 20:54,2,2,bilibili
393,以后有病，记得打上海的120…,真的不知叫啥好,2023/12/9 7:46,2,2,bilibili
394,腾讯的阴谋。你看阿里股票已经跌到不如拼多多了。,二级烘火吃瓜运动员,2023/12/8 6:33,2,2,bilibili
395,基本上视频都没了还封了一批号，别的不多说,亚楠血疗师尤瑟夫卡,2023/12/8 19:37,2,2,bilibili
396,凤凰网是上海的媒体吧,江月丶何年初照人,2023/12/8 9:17,2,2,bilibili
397,我们人口10几亿，而这种事。。。。,无法直视阳光,2023/12/9 11:48,2,2,bilibili
398,听说一个老鼠生了一头牛，我还不信,盜蹠,2023/12/7 19:05,2,2,bilibili
399,才两天热度就凉了。,20201201新人,2023/12/13 3:35,2,2,bilibili
400,你知道什么叫越描越黑不？,红魔馆的男主人,2023/12/8 13:21,2,2,bilibili
401,越洗越黑，塔西陀陷阱了,清真饺子,2023/12/8 15:20,2,2,bilibili
402,我，秦始皇，打钱，封侯,柔弱的你别闹,2023/12/7 23:54,2,2,bilibili
403,我是秦始皇,Jo2261,2023/12/7 22:09,2,2,bilibili
404,杀戮的欲望正在高涨,好心的古德,2023/12/10 8:43,2,2,bilibili
405,别问了，没有结果的,腾云飞天,2023/12/9 10:13,2,2,bilibili
406,漏洞百出，难以置信,外行看不看热闹,2023/12/8 8:43,2,2,bilibili
407,怎么洗都洗不干净,汝愚村,2023/12/8 22:44,2,2,bilibili
408,热度压的真狠啊,世界太魔幻请毁灭吧,2023/12/13 22:46,2,2,bilibili
409,再问就不礼貌了,与天同行的观察者,2023/12/11 22:08,2,2,bilibili
410,信你们鬼话连篇,噗咚噗咚少年强,2023/12/9 1:01,2,2,bilibili
411,反着听就对了,亮猪,2023/12/8 19:25,2,2,bilibili
412,让粉蛆先献,堡垒之夜高手,2023/12/8 12:52,2,2,bilibili
413,你信吗,咱俩儿,2023/12/7 22:20,2,2,bilibili
414,"找旧收藏，看我动态
（评论已经被仅自己可见）",ge2tow,2023/12/8 8:20,2,2,bilibili
415,要不是我在医院换过血，我就信了,诺克萨斯断头台,2023/12/6 22:13,2,2,bilibili
416,他们要赢了，事情即将结束,堂主三三,2023/12/7 16:58,2,2,bilibili
417,评论区懂完了,天上的桌子,2023/12/7 22:30,2,2,bilibili
418,没热度了,匿名用户_QUANJU,2023/12/12 23:18,2,2,bilibili
419,遥遥领先,Bili_40305067,2023/12/6 23:16,2,2,bilibili
420,看来不止,枫叶飘零秋雨落,2023/12/13 19:07,2,2,bilibili
421,我信了，你们随意,专业劈瓜十年,2023/12/9 20:51,2,2,bilibili
422,既然都不是，那是什么？请有关部门说清,百变顽童,2023/12/10 8:19,2,2,bilibili
423,模模糊糊的往最差里想准没错,标键仙,2023/12/11 21:03,2,2,bilibili
424,幽默闹钟,力蓝,2023/12/11 0:12,2,2,bilibili
425,驴友重生记：一上海驴友在阿里突遇车祸，生命危在旦夕。阿里地区军民三十多人自发献血，西藏上海医疗援藏对口部门向上海市卫健委发函，请求在日喀则的上海援藏医生到阿里进行会诊，上海市卫健委立即进行安排。根据病情，上海援藏医生建议立即转至川大华西医院抢救。华西医院在接到求助后，立即进行了安排。一切万事俱备，病人空运成了唯一难题。驴友的小姑姑得知此事，突想起儿媳妇在物流公司工作，并且负责办理委托承运手续，遂电话询问儿媳如何包机。儿媳得知包机原因后，想起公司有包机恰好当天从阿里运货到成都，便请求领导提供帮助。公司领导当即拍板，先救人，货物改日再运。经抢救，受伤驴友几天后脱离危险，可以回上海继续疗养（后续）。,冬日暖阳27792779,2023/12/9 19:47,2,2,bilibili
426,和上海辟谣一样丁真,wink773,2023/12/11 12:09,2,2,bilibili
427,建议把账号背后的真人信息也公布一下啊？姓什么，是男是女，抓了吗？抓补照片打码发一下啊。,是是是你说的都对-,2023/12/10 5:16,2,2,bilibili
428,这个事反正是伤害了阿里那边的形象 也许别人真的是爱心献血 现在也说不清了,TotoroCC,2023/12/9 10:57,2,2,bilibili
429,把网上的谣言挑出来定向辟谣？,mfbxj,2023/12/10 7:44,2,2,bilibili
430,姑姑到底是个啥？,灭犹战士,2023/12/13 14:13,2,2,bilibili
431,急了急了急了,笑死干饭人,2023/12/9 10:20,2,2,bilibili
432,“谣言”,寂寞救赎001,2023/12/11 14:11,2,2,bilibili
433,不是官媒吗？而且其他视频都没了，那你让人怎么相信？那不就和高校删热搜一样，先降低影响，大事化小小事化了。。。你让人怎么相信。。,为了原石被迫营业,2023/12/6 19:50,20,2,bilibili
434,热度全没了，都去关注五月天了…..完了,Error1945,2023/12/7 7:54,20,2,bilibili
435,这个舆论是严格管控的，居然发的出来,帅帅的Okami,2023/12/6 19:16,20,2,bilibili
436,啥单位领导一次性给120w亲戚一分不给，你在家里多招狠呀不过在单位人缘是真的好，领导就像你亲爹,秒手谷剩下,2023/12/7 5:14,20,2,bilibili
437,没别的说的，希望每个去西藏玩的都有这种待遇,是加林啊,2023/12/11 7:31,20,2,bilibili
438,目前我们对奔驰女子的身份，核子老师身份，仍然一无所知,凌小澜,2023/12/8 23:10,208,2,bilibili
439,这种事情发生了也没什么，但还要发出来宣传，还要自称“普通人”�,深罪三重奏-,2023/12/7 19:41,21,2,bilibili
440,主动搜都搜不到相关视频,堂主三三,2023/12/6 20:39,22,2,bilibili
441,没有记者吗？好人好事为什么不去报到呢多好的宣传机会，这不比什么真强吗？,相信祖国一定统一,2023/12/6 19:52,236,2,bilibili
442,澎湃新闻背书，公众号文章下边的评论都是一面倒，全都相信，没人质疑，b友们你们怎么疑心这么大,天道造物师,2023/12/6 23:39,24,2,bilibili
443,这个东西能广泛传播能被相信说明的问题比任何东西都有说服力，自己活成啥样自己清楚,komieko咪咪,2023/12/11 2:46,24,2,bilibili
444,这种关键词视频全删无脑站有问题，没问题删视频干嘛,后抹,2023/12/7 9:30,25,2,bilibili
445,"已经删除很多视频了
这个估计也要没了",仓鼠灰轮,2023/12/8 16:24,25,2,bilibili
446,真厉害啊………,清汤下细面,2023/12/8 23:55,25,2,bilibili
447,行，传的很离谱，在边境地区也有很多少数民族受伤之后，会得到官兵的献血啊，这些如果在那些政府官网的新闻报道上都可以看得到，至于小姑姑，我查了一下，谣言传的很离谱，刚开始传是余艳红，但问题就是是男方的小姑姑，男方姓陶啊！受伤的女方姓余！而且换个逻辑思考，如果他们家真的有很大的背景，那为什么在受伤的初期，她的丈夫还要发帖在网上寻求治疗，在微博上都看得到,夜满西楼_,2023/12/8 23:48,25,2,bilibili
448,直接把这姑娘抓起来就能辟谣了，她完全够造谣标准了，所以为什么不做？,higrenade,2023/12/6 19:29,27,2,bilibili
449,"很好，已阅。
15日后再回复",爱搞事的老实人,2023/12/8 22:06,27,2,bilibili
450,我只是穷我不是蠢,alvernon,2023/12/7 1:39,28,2,bilibili
451,愚民不是真的蠢,我爱刘令,2023/12/6 20:54,28,2,bilibili
452,预制菜很好吃,walkingolddog,2023/12/6 22:53,29,2,bilibili
453,呦，还搞上合集了，您网上多多关注,在夏u,2023/12/9 1:30,29,2,bilibili
454,可以动用私权，但是不可以讨论。相信官方说辞的人真的有吗?做出这种回应只会损失公信力，寒了更多有爱心的人的心。,山咔新,2023/12/9 10:23,3,2,bilibili
455,好厉害，居然还有残留的信息，其他我都搜不到了,yongyuana5,2023/12/8 14:18,3,2,bilibili
456,相信国家会有交代,最爱小海团,2023/12/6 19:18,3,2,bilibili
457,反正我行了,浅雪惜阳,2023/12/6 21:01,3,2,bilibili
458,留念第三天，希望视频不要被删。,春日枫ヽ,2023/12/14 11:24,3,2,bilibili
459,"12.14 23.43心血来潮搜阿里献血，只搜到前3个视频为相关内容，日期为两个12.6一个12.7，播放量分别为2.8w 3.2w 5100,以此做个纪念",秋名山下裤里丝,2023/12/14 23:46,3,2,bilibili
460,幽默自助,觊觎太阳的殉道者,2023/12/7 8:33,3,2,bilibili
461,我转发的视频都被删了呢,Hypnotic-p,2023/12/14 12:33,3,2,bilibili
462,"我想说，看了当事人求助帖内容，这家人肯定不是多牛逼的家庭，开的车也是普普通通的。
问题在为什么这么多人不信? 这才是官方要想清楚的事。大部分民众都不会去深入思考，只会情绪输出。
为什么情绪如此?宣传有没有问题?",期盼星期五,2023/12/6 20:18,3,2,bilibili
463,人家既然这样能动用特权享受一般人享受不了的医疗资源，也能动用特权让新闻媒体说出普通民众想听的话，蒙上你的眼睛，堵住你的耳朵,丝血反杀闰土的猹333,2023/12/9 15:49,3,2,bilibili
464,不是屁瑶了吗？不是饭砖了吗？应屁尽屁，全是瑶盐,lck-krdog,2023/12/8 14:02,3,2,bilibili
465,"真实的死里逃生：无数平凡人关键时刻伸出援手；
他们眼里的死里逃生：幸亏我手眼通天有钱有势",他乡遇故人,2023/12/6 22:35,3,2,bilibili
466,"普通人如何学习求助
教程
遇到相似情况，联系所在地卫健委请求帮助
没帮成就曝光他",还好吧跳舞,2023/12/8 14:44,3,2,bilibili
467,最简单的方法就是把造谣者抓起来，不说几年，就抓15天，哪里用像现在这样编故事。,lunulaup,2023/12/6 20:13,3,2,bilibili
468,再问问，这楼主也没了,BYD天下第二,2023/12/9 11:11,3,2,bilibili
469,热度嗯没了，牛啊，,民主和法制,2023/12/7 0:02,3,2,bilibili
470,一句话，你信吗？,猫咪古神,2023/12/6 20:17,3,2,bilibili
471,没关系谁信啊,神秘の鸡,2023/12/6 21:04,3,2,bilibili
472,你抢来的每一滴血都是孔繁森的眼泪，估计大小姐不会知道谁是孔繁森的,实况胡迪,2023/12/8 21:24,3,2,bilibili
473,翻车翻多了，终于学会正经糊弄了，,bili_207936210,2023/12/8 21:01,3,2,bilibili
474,我想知道普通老百姓也能有这种待遇吗？,Goku518,2023/12/8 17:57,3,2,bilibili
475,五问虚空,分别时你总回头,2023/12/8 14:19,3,2,bilibili
476,此阿里非彼阿里，同志们不要怪马老师,明朝小吏,2023/12/8 12:32,3,2,bilibili
477,对对对，我们都相信了,巧罗前可,2023/12/9 23:24,3,2,bilibili
478,我信还不行吗,传感牛马,2023/12/8 1:06,3,2,bilibili
479,过几天就没有了，厉害了,灰色的地方,2023/12/7 18:55,3,2,bilibili
480,凤凰网  继承了凤凰卫视的传统,进步祖师爷,2023/12/8 7:41,3,2,bilibili
481,我觉得特别温暖,丁山儿啊,2023/12/7 19:17,3,2,bilibili
482,双加好,蹩脚诗人艾梅达尔,2023/12/7 19:11,3,2,bilibili
483,牛皮，已经相关视频删的差不多了,莉萝爱真是太好了,2023/12/9 22:20,3,2,bilibili
484,删视频辟谣更能证明官方的说辞是假的，给出这种结论真的有人信吗？只会损失掉公信力,山咔新,2023/12/9 10:25,3,2,bilibili
485,无论前面几条怎么解释的通，这家人出的这个视频事实上已经造成了民众对社会的一种不信任和质疑，是对社会风气的破坏，不能解释完就算了，本来一件好事被他这么一搞成了一个负面社会热点，不予以警告以后这种事说不定还会发生,美术课代表pia,2023/12/8 10:32,3,2,bilibili
486,“贵族，这在一个国家里只不过是有害而无用的特权，你们如此夸耀的贵族头衔有什么可令人尊敬的？你们贵族阶级对祖国的光荣、人类的幸福有什么贡献！你们是法律和自由的死敌，凡是在贵族阶级显赫不可一世的国家，除了专制的暴力和对人民的压迫以外还有什么？”                      ——卢梭,Jack-Clarinet,2023/12/13 18:04,3,2,bilibili
487,哊？当事人造谣 当事人不出来？当事人不应该一左一右站着有关部门，然后澄清？道歉？这么大能量？都不露面是吧？让你们这些官号打工人想破头皮来回应？,一几三,2023/12/14 7:30,3,2,bilibili
488,辟谣真是越来越熟练了。技术都突破到天际了。都快能赶上那驴子在那拉磨了。,正版免费都不看,2023/12/8 12:28,3,2,bilibili
489,授权书发给我一份，让我也试一试,米忽悠加强刻晴,2023/12/7 19:02,3,2,bilibili
490,哦哦哦，对对对，是是是，好好好，明白明白,老虎不在家上山打老虎,2023/12/7 23:37,3,2,bilibili
491,"不管你信不信
我反正是信了.jpg",B站核心用户--loser,2023/12/10 22:20,3,2,bilibili
492,两个彩票一个明星就妄图转移，笑话,论神是否该站在神坛上,2023/12/15 20:33,3,2,bilibili
493,这也是一种自信,那没事了1995,2023/12/7 19:53,3,2,bilibili
494,粉蛆:屁瑶啦，饭砖啦,lck-krdog,2023/12/8 14:01,3,2,bilibili
495,真的没热度了,燥滑弄人_,2023/12/12 23:36,3,2,bilibili
496,遥遥领先！,岁月如歌dx,2023/12/11 23:29,3,2,bilibili
497,"普通人如何学习求助
教程
遇到相似情况，联系所在地卫健委请求帮助
没帮成就曝光他",还好吧跳舞,2023/12/8 14:47,3,2,bilibili
498,如果不是智商问题自曝家门，这件事在世界上不会有任何人知道。还是当社畜吧,小麦夫_,2023/12/7 11:04,3,2,bilibili
499,热度肯定被压了，才79的赞。别报了，还是目光聚集五月天吧。,哎咿呀哦吼吼,2023/12/7 22:26,3,2,bilibili
500,说啥都没用，其他视频都搜不到了，足以证明问题。,万恶之源H菌,2023/12/8 1:28,3,2,bilibili
501,666,怎样才能起个名字,2023/12/6 20:55,3,2,bilibili
502,我自愿相信这个辟谣是真的。,稀稀稀稀稀有,2023/12/14 16:43,3,2,bilibili
503,主要是这么长时间没有回应，突然得到的回应又有谁会信。已经埋下了猜疑的种子，别人说什么也不会相信的,汐夏-poi,2023/12/11 20:12,3,2,bilibili
504,告诉你不是这个不是那个，但是就是不说是什么,三流的饺子,2023/12/10 20:25,3,2,bilibili
505,别删了，俺们信了还不行吗,lck-krdog,2023/12/11 20:04,30,2,bilibili
506,以后希望人民公仆记得，做好事不需要感谢,NeptuneLei,2023/12/7 18:55,31,2,bilibili
507,一切看起来都是那么有迹可循似乎很是正常,楓葉舞雨,2023/12/7 19:00,318,2,bilibili
508,什么时候群众碰见困难也可以联系到这么厉害的热心人士,沽酒愿君酌,2023/12/6 19:15,326,2,bilibili
509,"嗨嗨嗨，又来了嗷
本人普普通通老百姓，我相信当自己生病急需用血用钱时，同事和单位能动员全体人员，在充分考虑自身身体素质，家庭关系，社会关系，个人自愿，白天休息的情况下献血；同事能请大城市的师兄/师姐/老师远程帮忙看看病历，指导接下来的治疗；亲戚能在1周内围在病床前根据自身能力，家庭规划内出钱出力；医护、交通等各部门能协调开通绿色通道第一时间直达抢救室。",今天还是阵羽哒,2023/12/8 4:47,33,2,bilibili
510,我信还不行吗，视频能先别删了吗�,全一铁球_,2023/12/7 21:26,33,2,bilibili
511,医疗包机居然是家属先提议的，这普通家庭牛逼，我还是第一次听说有医疗专机,黑石塔,2023/12/8 7:51,35,2,bilibili
512,说实话上海住西藏办事处这个机构我都是头一次听说,罗杰--费德勒,2023/12/6 19:27,36,2,bilibili
513,"那航线问题呢？要知道航线才是这里面最难的
以上发言仅代表个人看法如有不妥之处请见谅",天破襄碎,2023/12/7 14:11,36,2,bilibili
514,援藏人员都是有理想的人，会经常献血和出尽全力帮助他人，这女的被救属于正常情况，但是她以为自己获得了特权，首先感谢特权并洋洋得意，不仅伤了援藏者的心，还让人心寒。,汪神喜欢打酱油,2023/12/8 23:14,36,2,bilibili
515,没收到那是不是男的应该按造谣抓起来了，那可是他亲口说的，请用实际行动证明清白，捍卫和巩固政府的公信力，人民群众都等着呢，嘎嘎支持,认真的阿真,2023/12/6 19:19,39,2,bilibili
516,一眼假的事情 我建议把造谣那对夫妻抓起来 对了 这热心的卫健委能不能把流程公示一下 下次遇到类似情况 普通人也有救了,枫哥啥时候复出啊,2023/12/6 19:24,39,2,bilibili
517,好厉害啊�这不是一般人啊，这家伙资本主义大佬看了都心生羡慕。,小本本日记,2023/12/7 18:08,39,2,bilibili
518,所以把这件事的流程公布不就是了，普通人通过合理手段能享受到如此待遇，这该是大肆宣扬的正能量呀，怎么不宣传？把受助全过程公开给所有人看看，对所有人不都有利？遮掩什么,这个是很长很长的名字,2023/12/9 17:35,39,2,bilibili
519,我父亲贫血基金昏迷，想输血还要先找人献血，上哪里可以求助？,长风信陵君,2023/12/8 18:44,4,2,bilibili
520,我自己搜进来的,我会注意骑士的疯度_,2023/12/7 17:14,4,2,bilibili
521,留念第一天，希望视频不要被删。,春日枫ヽ,2023/12/12 11:56,4,2,bilibili
522,ta 的力量,吃口刀子,2023/12/15 8:17,4,2,bilibili
523,所以，是不是应该效仿一下，造谣亲属是干部中秋收礼被处罚的事件，视频是女士自己发的，内容也是女士自己发布的，内涵假消息，官方公布里也承认了，那发布虚假信息损坏国家公职人员名誉是不是该处理一下？就我举的例子，有参照。,童话镇1d2,2023/12/8 21:09,4,2,bilibili
524,捂嘴还不如把谣言公开，把谣言挂出来，让群众一起批判。真理是越辩越明的，捂嘴只会掩盖真理发酵阴谋论,蒙古海军崔提督,2023/12/6 23:07,4,2,bilibili
525,评论已消失，打了一大串秒删，信澎湃新闻还不如信中彩票得了，不清楚可以自己查澎湃新闻黑历史,萌新up主鸽子,2023/12/8 18:29,4,2,bilibili
526,好莱坞编剧都弱爆了，10万复试投注彩票，退休工人的正能量，就问这是什么大脑能开出来的脑洞,灵魂思维植物化,2023/12/7 14:18,4,2,bilibili
527,这些有闲阶级炫耀之狗徒，古往今来天下大乱之时往往是第一个被灭满门的首要目标,当末日降临,2023/12/7 15:54,4,2,bilibili
528,还想发个《是，首相》里的zz第一定律来着，居然不能发图,王嘉然今天吃塔菲捏,2023/12/9 19:32,4,2,bilibili
529,"要相信卫健委的力量
敢于求助
不行就曝光他",还好吧跳舞,2023/12/8 14:50,4,2,bilibili
530,不管你信不信，反正我是深信不疑,反癸烯醇,2023/12/6 19:18,4,2,bilibili
531,我信了，可以让那些被删了的视频回来了吗？,42095974225_bili,2023/12/6 20:11,4,2,bilibili
532,求助电话发一发，万一出事我也打,松弟们吃了吗,2023/12/6 19:22,4,2,bilibili
533,全网已经下架所有相关视频了，真猛,局外_ren,2023/12/13 23:23,4,2,bilibili
534,不管你信不信，反正我是深信不疑,缘木求闲鱼,2023/12/6 19:32,4,2,bilibili
535,我有两根象拔蚌，你们信不信,爱电影的猪大浪,2023/12/12 15:26,4,2,bilibili
536,信她还是信我带大熊猫吃火锅,Crazy牙擦苏,2023/12/7 21:17,4,2,bilibili
537,哪怕抖音也比b站勇,AKL-V,2023/12/11 8:46,4,2,bilibili
538,ok完全没有热度,芝士星扣,2023/12/11 0:36,4,2,bilibili
539,你看就是这么虚伪,小小龙猫君,2023/12/11 0:03,4,2,bilibili
540,已经搜不到了,去年买菜呢精神病,2023/12/14 2:02,4,2,bilibili
541,你们再不信就多少有点不识好歹了啊，人家调查这么久回答了这么多问题不辛苦嘛？就因为你们的怀疑让人家这么辛苦想了这么多答复。我们永远遥遥领先，所以我们要无条件相信它们，拥护它们，爱戴它们。,月夕浅清怜,2023/12/9 3:19,4,2,bilibili
542,我信了,睿智哥啊,2023/12/7 19:09,4,2,bilibili
543,"首先该解释下，民警、消防官兵、解放军，这三个，后两个都不是公务员，民警里面的辅警也不是公务员。
要是公务员去献的血，我还另眼高看下呢",我就是秋田犬,2023/12/9 9:38,4,2,bilibili
544,一切都是那么魔幻，负能量滔天。你说这是马，那就是马吧,头痛老医师,2023/12/11 22:27,4,2,bilibili
545,我很想问，被救这位，你是对国家有什么突出贡献还是高精尖人员呢，咋你一个人拉动了这么多公共资源，而其他人得不到万中之一呢？,头痛老医师,2023/12/11 22:28,4,2,bilibili
546,爱怎样怎样，无能狂怒摆了，别惹我就行，因为我没有软肋，我只想过好我的生活，谁要是让我不活了那就都别活了,无敌霸王牛炸天,2023/12/9 0:04,4,2,bilibili
547,"普通人如何学习求助
教程
遇到相似情况，联系所在地卫健委请求帮助
没帮成就曝光他",还好吧跳舞,2023/12/8 14:47,4,2,bilibili
548,笑死，说辟谣的非蠢既坏，视频评论给删个精光，辟你�的谣呢,lck-krdog,2023/12/11 20:02,4,2,bilibili
549,搞笑这还能给我评论举报了？笑死，这种事喜欢越来越多不让人说是吧,樱色飘落捏,2023/12/11 19:30,4,2,bilibili
550,这几个字半个月了才打好  脑血栓几年了？,悬浮在阳光中的微尘,2023/12/7 19:09,4,2,bilibili
551,小编写这条的时候，只要没笑出来，我就信,学好英语能带路,2023/12/8 12:12,4,2,bilibili
552,笑死了，看得出来已经很卖力的在编了,八岐纸月,2023/12/8 17:43,4,2,bilibili
553,但凡别的视频下架没那么快我就信了,星魂少司命,2023/12/12 20:33,4,2,bilibili
554,哈哈视频全没了，这就是特权啊,靠別人不如靠自己,2023/12/13 18:21,4,2,bilibili
555,至今都没看到小红书，对救命的感谢,读书_别刷了,2023/12/6 21:40,4,2,bilibili
556,笑了,火鸡味锅巴_-z,2023/12/9 10:46,4,2,bilibili
557,小姑姑牛逼,压抑的菠菜,2023/12/9 10:48,4,2,bilibili
558,澄清谣言的最好方式就是说清楚她姑姑到底是什么职位,flashmie,2023/12/8 23:10,41,2,bilibili
559,解释这么多了，能不能解释一下，为什么之前还是热搜的新闻，现在只有这三、四个视频剩下了？,落榜洪秀全,2023/12/10 0:50,42,2,bilibili
560,"“小姑姑”今年60岁，退休前为某工艺品联营工厂工人。事发后，“小姑姑”联系到儿媳，儿媳又求助单位领导，其间有多位热心人士接力传递信息，最后联络上了上海市驻西藏办事处。
通过自己的人际关系网络传递信息联络到办事处，并且能协调发函，我非常希望这是每一个普通上海人都能有的待遇，最好把这个流程公开出来，让每一个上海人都能享受到",章北海official,2023/12/7 18:59,438,2,bilibili
561,最好改变的东西就是舆论，就像学校里的案件，永远走不出校门一样,movingreef,2023/12/8 9:00,45,2,bilibili
562,看来更高级啊,De_u,2023/12/11 10:50,45,2,bilibili
563,有一说一，谣言最初不是两口子自己在网上乱发的吗,光学刺猬,2023/12/9 10:01,45,2,bilibili
564,跟你们说啊！该给解释的都解释了 ！在不信，就不礼貌了！,毀滅吧趕緊的累了,2023/12/7 19:09,468,2,bilibili
565,普通人也可以让他们帮忙发函吗,十元现任正牌男友,2023/12/6 19:15,47,2,bilibili
566,这么热感人的事迹，建议结合事实细节编入包饺子，大家一起感动。,麦斯迈缇欣,2023/12/7 23:17,47,2,bilibili
567,放心 我们已经相信,易北游,2023/12/6 19:39,48,2,bilibili
568,"嗨嗨嗨，来了嗷
本人普普通通老百姓，我相信当自己生病急需用血用钱时，同事和单位能动员全体人员，在充分考虑自身身体素质，家庭关系，社会关系，个人自愿，白天休息的情况下献血；同事能请大城市的师兄/师姐/老师远程帮忙看看病历，指导接下来的治疗；亲戚能在1周内围在病床前根据自身能力，家庭规划内出钱出力；医护、交通等各部门能协调开通绿色通道第一时间直达抢救室。",今天还是阵羽哒,2023/12/6 19:44,49,2,bilibili
569,这事应该记录史册，大家永远铭记，然后发生事故都能被如此对待，中国加油,Gadotman,2023/12/8 6:12,49,2,bilibili
570,怎么就这两条视频了？我记得之前一搜至少十几条的？,非衣广隶,2023/12/14 16:20,5,2,bilibili
571,包机申请航线，能从上海联系到阿里，还是公职人员献血，能从阿里立马包机到华西，并且立马手术，每一步都需要手续，他可以这么快速完成所有手续，你知道这什么概念吗，相当于大家都在排队，她有特殊通道，就这么简单。,十三22222333,2023/12/9 8:18,5,2,bilibili
572,通过朋友圈号召献血是真的有可能的，我在医院呆的时候，疫情期间就经常看见有同学同事转发朋友圈血库告急谁谁需要血小板需要什么型血，有的时候正好对上了我们也会去献，或者真的医院里有这么个患者，医护人员肯定能献的也就去献了，当时即使是疫情期间血站人也不少，基本都是看到了过去献爱心的，不过我也就知道这么一个渠道，至于怎么有关部门社会人员号召我就不知道了,見者生財,2023/12/6 23:17,5,2,bilibili
573,含xcj三个字的标题已经都搜不到了,Able_77,2023/12/13 16:58,5,2,bilibili
574,留念第二天，希望视频不要被删。,春日枫ヽ,2023/12/13 19:38,5,2,bilibili
575,太厉害了，突然就这么多人献血，新闻各种消音，这应该只是那个世界的冰山一角，看小说的时候我还以为是夸张手法，结果一看，TM写实派，艹！,灵感咕咕,2023/12/8 22:46,5,2,bilibili
576,不如直接把相关信息都上ban位得了，这种事情屡见不鲜不进行一场刻骨铭心的改变，只会一直这样,西西弗斯来自神话,2023/12/7 5:39,5,2,bilibili
577,还是小红薯围脖给力，每次都能让他们露出尾巴敲响大家的警钟,nei最近还好吗,2023/12/6 20:45,5,2,bilibili
578,这得什么能量啊,p5-Joker,2023/12/11 10:42,5,2,bilibili
579,就你还在发声,搜狗输入阀,2023/12/6 19:16,5,2,bilibili
580,解释是真的，我保证,jokerjudge,2023/12/8 19:28,5,2,bilibili
581,咱就是玩舆论起家的，这方面可是一把好手,悠悠懒猫酱,2023/12/10 12:31,5,2,bilibili
582,那造谣的余某言是不是得被处罚？网络不是法外之地,考虑到之前的管理风格,2023/12/8 11:52,5,2,bilibili
583,乐，希望小编生病时也有卫健委亲自接待,北海极风,2023/12/8 23:59,5,2,bilibili
584,评论区真的是颠覆三观，献血是国之大义，奉献国家，奉献社会，行善积德，你不献他不献，难道要我献？？？,爫乛爫乛,2023/12/11 23:57,5,2,bilibili
585,还五问呢，伪装成调查报道，自以为掩耳盗铃，我看是明火执仗,查拉图斯黄丁丁-,2023/12/9 7:10,5,2,bilibili
586,十月份的事情现在才知道,马卡吧卡的丁丁车,2023/12/6 23:41,5,2,bilibili
587,真相大白！,无忧乡人,2023/12/6 21:11,5,2,bilibili
588,第1点应该是确实没有。剩下的那几点，不说了,DOMO哥DOLLA妹,2023/12/6 21:34,5,2,bilibili
589,大象你怎么回是，老乡面前也不讲清楚啊�,曈心TongXin,2023/12/8 23:33,5,2,bilibili
590,看这个新闻不能用脑子看，用了脑子就能发现问题,小萝卜汁丶,2023/12/6 20:53,50,2,bilibili
591,周日发函好样的,穿山Jack,2023/12/6 20:46,52,2,bilibili
592,那么是谁把b站上所有相关视频删了的呢,吾知少年,2023/12/6 19:25,523,2,bilibili
593,这几天终于把话圆好了，才放出来,天地有正气ssl,2023/12/7 14:35,55,2,bilibili
594,塔西佗表示赞同,WZCM,2023/12/7 18:51,56,2,bilibili
595,笑了,三刀邮寄付,2023/12/9 17:55,57,2,bilibili
596,公布真实情况是最好的防止谣言传播的方法。,一壶清酒醉人生,2023/12/9 18:33,57,2,bilibili
597,我相信10w彩票是真的，我相信这是真的，我相信我是秦始皇是真的,豆腐脑是咸辣的,2023/12/7 19:04,59,2,bilibili
598,遥遥领先，过几年回来考古,Suk-9587,2023/12/9 11:28,6,2,bilibili
599,奇了怪了，这两天搜相关新闻视频全部都没了,玳瓒瓒,2023/12/6 23:58,6,2,bilibili
600,厉害了我的国。人民政府为人民！人民医生为人民！,啪叽叽叽叽叽叽,2023/12/8 10:14,6,2,bilibili
601,我信啦,黑猫ILY,2023/12/6 20:30,6,2,bilibili
602,看到这些阴阳怪气的评论就心疼，这个社会怎么了，献血本来就是一件积德行善、利国利民的好事，如果你也不去献，他也不去献，难道让我去献吗？,深蓝色OAQ,2023/12/14 11:03,6,2,bilibili
603,“贵族，这在一个国家里只不过是有害而无用的特权，你们如此夸耀的贵族头衔有什么可令人尊敬的？你们贵族阶级对祖国的光荣、人类的幸福有什么贡献！你们是法律和自由的死敌，凡是在贵族阶级显赫不可一世的国家，除了专制的暴力和对人民的压迫以外还有什么？”                      ——卢梭,Jack-Clarinet,2023/12/13 17:56,6,2,bilibili
604,最简单的一点，这个女子说的话如果是假的，已经造成了这么大的不良影响，为什么不处理她?反而各种对网友删评控制舆论，不怕损失公信力也要包庇,山咔新,2023/12/9 10:33,6,2,bilibili
605,搜索输血姐根本没有，搜索阿里输血就那么两条视频，我应该高兴你还愿意骗我呢，还是该愤怒太假呢？,伟大萝莉,2023/12/8 17:04,6,2,bilibili
606,你信吗？我不信,人间最欧是初夏,2023/12/6 19:17,6,2,bilibili
607,没热度了卧槽,匿名用户_QUANJU,2023/12/12 23:16,6,2,bilibili
608,这比赵高指鹿为马还离谱，爱了爱了,小灰机大脑袋,2023/12/11 18:09,6,2,bilibili
609,既然那么正能量就应该拍成电影大肆宣传才行啊��������到时候我一定看,奈亚酱呀,2023/12/9 15:15,6,2,bilibili
610,希望我遇到死亡瞬间时也能得到（吞 remark 是吧）,桃子湖说,2023/12/9 17:09,6,2,bilibili
611,我信了还不行吗,神话吾等,2023/12/7 18:56,6,2,bilibili
612,她说的你们信吗？反正我是一个字都不信,寒星风语,2023/12/7 19:29,6,2,bilibili
613,【远在异乡的打工人被轧断手掌·手术排队等了9个小时他没喊一句疼-哔哩哔哩】 远在异乡的打工人被轧断手掌·手术排队等了9个小时他没喊一句疼,黑石塔,2023/12/8 8:06,6,2,bilibili
614,"我没看过猪跑 也知道那些猪是能跑！
大家都不是猪",欧王企鹅侠,2023/12/7 18:53,6,2,bilibili
615,看着反感可以就地开喷，没必要划走,驶向蔚蓝大海,2023/12/11 23:30,6,2,bilibili
616,你看我像傻子吗，为啥把我当傻子呢,早起的鸟儿硬邦邦3258,2023/12/8 15:15,6,2,bilibili
617,小学生都比你会撒谎，什么破媒体,抓狂学习,2023/12/8 12:48,6,2,bilibili
618,b战已经搜不到xc姐了,www喵喵喵呜www,2023/12/11 0:51,6,2,bilibili
619,删的好像不存在了一样,青城周峰,2023/12/8 23:43,6,2,bilibili
620,再问就不礼貌了,破碎残阳的盖子,2023/12/7 19:15,6,2,bilibili
621,幽默的土地,莱德至上,2023/12/11 8:40,6,2,bilibili
622,哦豁，竟然还有三个视频，还不删了。,火韦林三水,2023/12/10 17:23,6,2,bilibili
623,真的吗？我读的书少，你别骗我呀,你稍等一下吧,2023/12/6 21:07,6,2,bilibili
624,别光说是谣言啊 查个普通人通报一下很困难吗,编号421520,2023/12/9 23:46,6,2,bilibili
625,“普通人”,平凡之川,2023/12/8 23:23,6,2,bilibili
626,那到底是什么职位？,和風甜辣醬,2023/12/9 0:18,66,2,bilibili
627,只剩一种声音的舆论必然不可信，因为它不可证伪。,mintkeeper,2023/12/8 2:13,68,2,bilibili
628,人家就是不说小姑姑是啥职位咋的？,累了煙灭吧,2023/12/9 8:42,69,2,bilibili
629,当他们把那段微信的文字晒在网上的时候就已经说不清了,DOMO哥DOLLA妹,2023/12/8 23:50,69,2,bilibili
630,为什么记者联系卫健委没回复怎么动员献血呢,那你可真酷,2023/12/7 7:31,7,2,bilibili
631,要不人余华是大家呢,鲤鱼背面,2023/12/11 20:27,7,2,bilibili
632,苹果是借的 房子是租的 万物皆可借,激你不太美,2023/12/8 11:52,7,2,bilibili
633,这就是现实，少看主流媒体的报道。都是给大家吃的定心丸,嘉禾望岗offer,2023/12/7 13:20,7,2,bilibili
634,关系网大，所以能联系上，没问题啊,在暗中观察者,2023/12/6 20:34,7,2,bilibili
635,因为这些视频后面的一句话，我看了余华的活着。看到有庆被抽血抽死，真的忍不住眼泪。,安哥儿lda,2023/12/8 0:03,7,2,bilibili
636,本来如果只有这件事没什么 可以自我洗脑合理化 但是结合中山事件就有点耐人寻味了,甜尼熊噗,2023/12/11 17:36,7,2,bilibili
637,周五爆出来 周末热闹两天 周一开始销声匿迹了 人那意思 都醒醒该上班上班去吧,sxh191817,2023/12/6 19:31,7,2,bilibili
638,还是你牛比，别的都删了，就你一条视频了,队长别开枪-オレオレ,2023/12/6 22:05,7,2,bilibili
639,五月天假唱，这事儿就没人关注了笑死,GOAT10MESSIII,2023/12/7 23:44,7,2,bilibili
640,这就是五月天假唱的原因,啧啧啧珠子,2023/12/11 15:22,7,2,bilibili
641,15个工作日。。。只怕我有需要的时候，等到回复人都已经凉了,原来你也玩mbti,2023/12/8 17:37,7,2,bilibili
642,我三年不在国外，是在中国待着的。感谢三年，让我知道真不是啥都能无脑跟风的。,不咲的熊,2023/12/8 21:38,7,2,bilibili
643,先给胶带，再给交代，可真行啊,落榜洪秀全,2023/12/7 22:56,7,2,bilibili
644,"笑死了 全网视频还剩下几个.
当事男的皮皮虾也没了.
而且当事女的自述是不是造谣了？要不要处理！！！？",卢腹肌,2023/12/7 20:31,7,2,bilibili
645,五月天和彩票呢，救一下啊,巴克霍恩大大,2023/12/7 18:48,7,2,bilibili
646,"别辟谣了
已经进入塔西佗陷阱了",T0ny_Wu,2023/12/7 20:12,7,2,bilibili
647,"视频分享的指路评论被举报了
举报理由是：涉政谣言",ge2tow,2023/12/8 1:22,7,2,bilibili
648,哪真实的身份到底是啥?,yaobanli,2023/12/9 23:31,7,2,bilibili
649,人心不是一天凉的,竟然是我觉悟不够高,2023/12/10 14:19,7,2,bilibili
650,哈哈哈哈，只否定，就是不说到底是啥,再怎么也找不到啦,2023/12/9 18:00,7,2,bilibili
651,现在在 b 站搜【阿里献血】关键字，就这一条视频了，真牛,SouthCG,2023/12/6 19:35,708,2,bilibili
652,“多方动员”？？？这个词儿在这个事件里面，很诡异啊,山溪家的喵,2023/12/6 19:26,73,2,bilibili
653,搜血槽献血之类的已经看不到这件事了,中华孙氏吧官方,2023/12/6 19:20,79,2,bilibili
654,一刷新，刚看到的几个相关新视频就没了，，，，，，，删前留名,钱怕狼,2023/12/6 21:58,8,2,bilibili
655,666，只能看到这一个视频了,时光停留在断桥,2023/12/7 10:54,8,2,bilibili
656,天爷啊，下辈子让我当这样的人吧,cccccXX077,2023/12/13 22:04,8,2,bilibili
657,还没结果呢 又一个不了了之的,Sakura风景,2023/12/12 21:42,8,2,bilibili
658,"补充的谈论过该事件的账户，观点各异控评限流自行分辨
（搜索时只去“前排”数字，前半段账户翻前面的评论）
34建筑史石博士
239彭华律师
34写手一条城
3648城南旧话
罐头哥2023（这个别去数字）
679天君蝴蝶
55667-夏-日-
562阿季卢尔弗
345姜讲纪录片传奇
287大头鹰-不怼好人
128鬼邪君GL
563鹰哥铁拳
907热搜第一线
368梦回三棵树下
97蚌霸
578悟空不要紧箍咒
9895Shurry老师
395北斗导航Compass
246让人说实话
512话题探索酱
208热奶茶酸辣粉
779社会记录局
768天津纪爸爸
336薛定恶的狗
769西湖队长
0013悟人生智慧
720詹老师的论思维
190詹哥聊思维
86涛哥经记杂货铺
89懒羊羊纪录片传奇
054张司令sammy
6788BlueChasingWind
856深圳原油哥
35辟谣助手

大河报
大象新闻
四川观察",ge2tow,2023/12/7 14:30,8,2,bilibili
659,偷着乐不就行了，生怕别人不知道偏要发出来显摆，去年微博那个女的在微博上炫富 不也是把她爷爷坑了,胖修每天都不想动,2023/12/6 19:32,8,2,bilibili
660,五月天假唱跟这件事有关系吗？类似围魏救赵这种套路不是第一次见了,游走的老黄,2023/12/10 1:50,8,2,bilibili
661,全部搜不到了真的是6,257HD,2023/12/7 13:23,8,2,bilibili
662,热度过了，视频删完了，出来辟谣是吧,碰巧路过的王小明,2023/12/7 12:14,8,2,bilibili
663,全TM删了,热爱996的椰羊,2023/12/8 19:42,8,2,bilibili
664,太感动了，一定要上春晚小品,硬币老君快显灵,2023/12/9 0:30,8,2,bilibili
665,都知道�来了的故事,bili_70278536509,2023/12/7 19:37,8,2,bilibili
666,经调查，系鸭脖,农耕爱好者,2023/12/11 19:10,8,2,bilibili
667,能让b站把所有相关视频从搜索结果中抹除，能量确实不一般,青之泪光,2023/12/8 23:56,8,2,bilibili
668,再不信，下次就抽你大动脉的血,精神病院总院分行,2023/12/7 19:31,8,2,bilibili
669,别解释了，我都信，我全部都信,划船不用浆8,2023/12/9 16:15,8,2,bilibili
670,他小姑姑是秦始皇我都信,脑袋中箭但是撒了孜然,2023/12/12 6:37,8,2,bilibili
671,拖了这么久，就想了个这,贪玩蓝月湾仔,2023/12/7 18:54,80,2,bilibili
672,要不是我妈生我弟弟时，我爸拿着献血证急的满医院跑也没有优先用血，之后一年跑几次也没报销下来，那这个事儿这个解释我就信了从那以后，我爸再没有去献过血。,今天星期天了吗,2023/12/6 21:03,80,2,bilibili
673,B站只有这一个相关视频了，还是18分钟之前发的。看来这个视频也危险了,叉子Now,2023/12/6 19:35,83,2,bilibili
674,这不来个万里接力，重视生命的“阿里精神”？,统一而又分层次,2023/12/8 12:37,88,2,bilibili
675,只是谣言的话，为什么相关搜索都被屏蔽了，为什么造谣者没有被处理,开水没味_,2023/12/9 16:15,89,2,bilibili
676,事实证明所有的“谣言”都是真的,mr琥珀,2023/12/13 18:40,9,2,bilibili
677,诸如此类事件一旦开始公关，可信度飙升,律化宵,2023/12/7 10:40,9,2,bilibili
678,这件事情究竟是怎么样的其实不是关键的，关键的是为什么这类事情群主反应那么大呢？现实里群众都遇到了什么事情引起共鸣了呢？值得思考,方圆1o1z,2023/12/6 20:18,9,2,bilibili
679,之前好多相关视频都没了，就剩几个几万播放的视频了,八加N等于八,2023/12/14 18:10,9,2,bilibili
680,【远在异乡的打工人被轧断手掌·手术排队等了9个小时他没喊一句疼-哔哩哔哩】 远在异乡的打工人被轧断手掌·手术排队等了9个小时他没喊一句疼,饼不圆,2023/12/6 23:00,9,2,bilibili
681,没有暗箱操作但是全网删视频,吾知少年,2023/12/6 19:48,9,2,bilibili
682,你信多少？,Mr_haoye,2023/12/6 19:14,9,2,bilibili
683,还想咋样，都解释的这么清楚了，再问就是大胆,雨过之后一晴天,2023/12/8 9:25,9,2,bilibili
684,不愧是凤凰网，之前大象新闻发的都消失了,砚台雾雨朦胧,2023/12/7 20:30,9,2,bilibili
685,公关不错，都挺合理的，就是有点,威风呐,2023/12/7 18:55,9,2,bilibili
686,新京是都城控制的，澎湃是魔都控制的，mt是……,行随秋至,2023/12/7 19:10,9,2,bilibili
687,他有枪，要信他,倒悬逆流,2023/12/7 19:02,9,2,bilibili
688,坚决维护新闻正义 抨击造谣传谣者,SuperSkidder,2023/12/9 10:18,9,2,bilibili
689,我搜公务员献血都找不到  找好久才找到队伍  只能说确实牛逼,蓝天白云黑丝袜,2023/12/7 9:46,96,2,bilibili
690,醉里挑灯看剑zc,普通退休工人,2023/12/9 10:17,11,2,bilibili
691,爫乛爫乛,群众的眼睛是雪亮的,2023/12/12 0:06,16,2,bilibili
692,御坂11893号,需要血倒是可以，其他的难,2023/12/6 19:20,18,2,bilibili
693,游-戏-人-生--zero,不管你信不信，反正我先信了,2023/12/14 16:03,2,2,bilibili
694,一卷海绵,有爱，但不多,2023/12/14 12:15,6,2,bilibili
695,仰望终南,不是“动用”?,2023/12/6 19:32,3,2,bilibili
696,阳光开朗的孔乙己,按照正常情况是造谣，但是双不双标真不一定,2023/12/6 20:58,7,2,bilibili
697,阳光开朗的孔乙己,是这样的,2023/12/9 16:42,7,2,bilibili
698,信大安保,习惯就好,2023/12/6 20:13,2,2,bilibili
699,心可以碎_手不能停,不得让张导演拍个电影,2023/12/12 23:21,4,2,bilibili
700,小萝卜汁丶,大豫报记者问过了，没有下文,2023/12/6 21:38,8,2,bilibili
701,下水道是我的,可以的，那家公司就是专门干这个的，私人飞机申请起飞的话24小时内就会通过，可以购买紧急救援的保险，那样的话离市区近是会有直升机来接的,2023/12/8 9:00,6,2,bilibili
702,我叫贊神,15个工作日是啥意思？,2023/12/11 21:16,3,2,bilibili
703,我的畚斗,没想到那四个字居然能发出来,2023/12/9 11:18,5,2,bilibili
704,我的畚斗,一生都沐浴在阳光下的人，怎么会轻易承认黑夜的存在,2023/12/9 11:35,6,2,bilibili
705,未闻光,第一次吗，那还是了解少了,2023/12/7 12:41,3,2,bilibili
706,围殴叉叉,@灵感咕咕 小说都不如啦，我那会儿正看小说，新闻一出来小说都不香了,2023/12/10 19:41,7,2,bilibili
707,天真派新,呦！这么朴素的家庭，是怎么调动公务员献血，光速说服空管拿到航线，又从杭州调了对口医疗专家团去常年排大队的华西医院的？做个攻略呗，让十四亿中国人民都好好学习学习，以后家里有人出意外了也照方抓药。,2023/12/7 19:24,3,2,bilibili
708,堂主三三,我就知道不止我一个发现搜都搜不到,2023/12/6 20:36,5,2,bilibili
709,堂主三三,坏了，这下不得不支持小红薯了,2023/12/6 21:17,3,2,bilibili
710,堂主三三,简单粗暴但在理,2023/12/7 10:05,2,2,bilibili
711,簌ZzZz,蒸馍？腻卜负气,2023/12/7 9:18,2,2,bilibili
712,帅帅的小桂花,搜关键词，之前的视频全没了,2023/12/7 23:11,5,2,bilibili
713,啥昵称合法,古神！,2023/12/13 22:35,2,2,bilibili
714,赛雷零点2秒钟,事情是好的，就怕遇到特权，血库有血，不是很紧急原则不用这么玩,2023/12/14 16:13,7,2,bilibili
715,骑着飞猪的白羊,医疗飞机不稀奇，奇怪的是各方的那么快协调联动，我们这山东四线小城记得七八年前就有999或者PICC的救援直升机过来打广告，算是一种医疗保险年费多少可以享受什么服务,2023/12/8 12:14,8,2,bilibili
716,评论消失之术,问题是不相信也没用呀,2023/12/10 20:11,8,2,bilibili
717,泥马大水王,看起来关系不硬才是最可怕的,2023/12/11 6:49,2,2,bilibili
718,目丶,可以看出协调工作做的不行，本来开个会达成共识就好了，还拖这么几天�,2023/12/7 17:04,8,2,bilibili
719,免硬币吗,有的 对应商业医疗保险都有了（指航空转运）,2023/12/8 23:34,3,2,bilibili
720,米兰公国,普通百姓,2023/12/9 10:09,8,2,bilibili
721,梦化空,是啊，你脑子比较好，能想出这么多奇思妙想，就是想不到正常的东西，辛苦了,2023/12/9 18:09,3,2,bilibili
722,懵懂的男孩Y,重新来一遍   注意语气和态度,2023/12/10 2:05,3,2,bilibili
723,懵懂的男孩Y,我信了  我就是�,2023/12/10 2:41,7,2,bilibili
724,蒙古海军崔提督,甚至还有上海驻内蒙古办事处,2023/12/6 21:42,86,2,bilibili
725,萌新up主鸽子,要不是我问删搜索关键词回复不出来上面那两我真信了�,2023/12/11 12:03,3,2,bilibili
726,笼子里的老摆信,我们仔细检查过了 这个是鸭脖,2023/12/12 7:11,39,2,bilibili
727,今天还是阵羽哒,记得补充一下，截至截稿时间无人联系记者,2023/12/7 18:26,3,2,bilibili
728,果仁2a,主要是走流程，按流程来，谁也说不了什么呀,2023/12/8 2:41,2,2,bilibili
729,风纪委员23娘,"据西藏阿里地区人民医院10月15日向西藏日喀则市人民医院发出的请求救治支援的函，余女士当时情况危急，急需肝胆外科专家支援。
上海市第九批医疗人才“组团式”援藏工作队队长、日喀则市人民医院党委书记王庆华表示，日喀则市人民医院于10月15日收到了函，决定选派上海援藏医疗专家、上海交大医学院附属新华医院普外科副主任医师翁昊参与救治。考虑到要从海拔3800米的日喀则前往海拔4300米的阿里，必须保障翁昊医生的安全，所以收到函后向上海市卫健委作了报备。",2023/12/6 19:30,5,2,bilibili
730,非衣广隶,哦，原来这条是“官方辟谣”啊，难怪能留下来,2023/12/14 16:21,1,2,bilibili
731,电子真人,很香,2023/12/10 14:33,6,2,bilibili
732,帝子降兮・,倒霉？荣幸！,2023/12/8 16:33,5,2,bilibili
733,灬事了拂衣去,看看现在的彩票吧全是彩票 铺天盖地的每个地方都爆,2023/12/14 18:21,3,2,bilibili
734,北别Fomalhaut,只能说明是真的呗,2023/12/6 19:56,6,2,bilibili
735,悲伤玉荣醤,�是荷兰官方媒体,2023/12/7 23:53,8,2,bilibili
736,摆弄E3的图吧小白,已存活8小时，并且也不止这一条了,2023/12/7 3:57,3,2,bilibili
737,爱电影的猪大浪,武则天,2023/12/12 15:33,5,2,bilibili
738,阿瞒当娶本初,根据人家自述是普通工人，明显没漏跟脚。,2023/12/7 19:57,7,2,bilibili
739,zwlak47,弟兄们没零花了，给个机会呗，别自己一个人吃独食,2023/12/9 13:20,8,2,bilibili
740,sergfx,这波和id配合的很好,2023/12/8 14:25,3,2,bilibili
741,Pop柚子,这波和id配合的很好,2023/12/7 15:09,3,2,bilibili
742,MATLAB2015,"喂，汉东省卫健委，我是司机高育良
嘟嘟嘟...",2023/12/8 12:14,7,2,bilibili
743,machuncao,有没有可能大家不想要特权，只想要公平,2023/12/15 12:14,6,2,bilibili
744,jsw007,这么大能量的嘛，五月天这么多年的ip赔进去,2023/12/11 21:30,8,2,bilibili
745,joopapa,这么大能量的嘛，五月天这么多年的ip赔进去,2023/12/14 16:41,5,2,bilibili
746,Jacvdpe,你这个说法很合理，但记者问当事人父亲小姑姑是干啥的，他父亲居然说不清楚,2023/12/9 13:26,3,2,bilibili
747,GoroGoro,航线这块有急救绿通，包机20万起步。全公司筹钱也能说得过去。问题就是所谓造谣的，就是当事人自己。,2023/12/10 13:04,3,2,bilibili
748,ge2tow,"我这边能找到的发布过谈论该事件视频的账号（不知道控评情况下能留存多久--测试过了20min删评，而且私聊不显示，搜索时手动去前排数字）

275罗辑的二向箔
235搞笑孟文明
1114远方的达文西
6795小孟涨知识啦
342张捷财经观察
5566大视野NO1
34照理说事
225校尉说
342首席操作工
778章北海official
6648胡律师看法
453为啥子让风吹
230望启年
279我是饭叔啊

更多的视频和博主账号还有类似新京报、大象新闻等等的，我这边找不到记录了，想了解可以问问别的留言网友。另外以上博主言论各异自行分辨，评论区也经过处理了的慎重分辨吧",2023/12/7 13:35,5,2,bilibili
749,ge2tow,看本人动态找链接,2023/12/7 16:16,7,2,bilibili
750,ge2tow,"我这边能找到的发布过谈论该事件视频的账号（不知道控评情况下能留存多久，搜索时手动去“前排”的数字）

275罗辑的二向箔
235搞笑孟文明
1114远方的达文西
6795小孟涨知识啦
342张捷财经观察
5566大视野NO1
34照理说事
225校尉说
342首席操作工
778章北海official
6648胡律师看法
453为啥子让风吹
230望启年
279我是饭叔啊
yxyy3604（这个不要去数字）

更多的视频和博主账号还有类似新京报、大象新闻等等的，我这边找不到记录了，想了解可以问问别的留言网友。另外以上博主言论各异自行分辨，评论区也经过处理了的慎重分辨吧",2023/12/7 13:44,4,2,bilibili
751,ge2tow,我的已经仅自己可见了,2023/12/8 8:03,3,2,bilibili
752,ge2tow,"我这边能找到的发布过谈论该事件视频的账号（不知道控评情况下能留存多久，搜索时手动去“前排”的数字）

275罗辑的二向箔
235搞笑孟文明
1114远方的达文西
6795小孟涨知识啦
342张捷财经观察
5566大视野NO1
34照理说事
225校尉说
342首席操作工
778章北海official
6648胡律师看法
453为啥子让风吹
230望启年
279我是饭叔啊
yxyy3604（这个不要去数字）

更多的视频和博主账号还有类似新京报、大象新闻等等的，我这边找不到记录了，想了解可以问问别的留言网友。另外以上博主言论各异自行分辨，评论区也经过处理了的慎重分辨吧",2023/12/7 13:42,3,2,bilibili
753,ge2tow,"我这边能找到的发布过谈论该事件视频的账号（不知道控评情况下能留存多久，搜索时手动去“前排”的数字）

275罗辑的二向箔
235搞笑孟文明
1114远方的达文西
6795小孟涨知识啦
342张捷财经观察
5566大视野NO1
34照理说事
225校尉说
342首席操作工
778章北海official
6648胡律师看法
453为啥子让风吹
230望启年
279我是饭叔啊
yxyy3604（这个不要去数字）

更多的视频和博主账号还有类似新京报、大象新闻等等的，我这边找不到记录了，想了解可以问问别的留言网友。另外以上博主言论各异自行分辨，评论区也经过处理了的慎重分辨吧",2023/12/7 13:38,6,2,bilibili
754,ge2tow,路过随便互动下，判断发言状态,2023/12/7 14:32,5,2,bilibili
755,ge2tow,"补充一个
主持人肖雄",2023/12/7 17:24,4,2,bilibili
756,ge2tow,"我这边能找到的发布过谈论该事件视频的账号（不知道控评情况下能留存多久，搜索时手动去“前排”的数字）

275罗辑的二向箔
235搞笑孟文明
1114远方的达文西
6795小孟涨知识啦
342张捷财经观察
5566大视野NO1
34照理说事
225校尉说
342首席操作工
778章北海official
6648胡律师看法
453为啥子让风吹
230望启年
279我是饭叔啊
yxyy3604（这个不要去数字）

更多的视频和博主账号还有类似新京报、大象新闻等等的，我这边找不到记录了，想了解可以问问别的留言网友。另外以上博主言论各异自行分辨，评论区也经过处理了的慎重分辨吧",2023/12/7 13:43,6,2,bilibili
757,ge2tow,"我这边能找到的发布过谈论该事件视频的账号（不知道控评情况下能留存多久，搜索时手动去“前排”的数字）

275罗辑的二向箔
235搞笑孟文明
1114远方的达文西
6795小孟涨知识啦
342张捷财经观察
5566大视野NO1
34照理说事
225校尉说
342首席操作工
778章北海official
6648胡律师看法
453为啥子让风吹
230望启年
279我是饭叔啊
yxyy3604（这个不要去数字）

更多的视频和博主账号还有类似新京报、大象新闻等等的，我这边找不到记录了，想了解可以问问别的留言网友。另外以上博主言论各异自行分辨，评论区也经过处理了的慎重分辨吧",2023/12/7 13:43,4,2,bilibili
758,ge2tow,"我这边能找到的发布过谈论该事件视频的账号（不知道控评情况下能留存多久，搜索时手动去前排数字）

275罗辑的二向箔
235搞笑孟文明
1114远方的达文西
6795小孟涨知识啦
342张捷财经观察
5566大视野NO1
34照理说事
225校尉说
342首席操作工
778章北海official
6648胡律师看法
453为啥子让风吹
230望启年
279我是饭叔啊

更多的视频和博主账号还有类似新京报、大象新闻等等的，我这边找不到记录了，想了解可以问问别的留言网友。另外以上博主言论各异自行分辨，评论区也经过处理了的慎重分辨吧",2023/12/7 13:31,5,2,bilibili
759,ge2tow,"我这边能找到的发布过谈论该事件视频的账号（不知道控评情况下能留存多久，搜索时手动去“前排”的数字）

275罗辑的二向箔
235搞笑孟文明
1114远方的达文西
6795小孟涨知识啦
342张捷财经观察
5566大视野NO1
34照理说事
225校尉说
342首席操作工
778章北海official
6648胡律师看法
453为啥子让风吹
230望启年
279我是饭叔啊
yxyy3604（这个不要去数字）

更多的视频和博主账号还有类似新京报、大象新闻等等的，我这边找不到记录了，想了解可以问问别的留言网友。另外以上博主言论各异自行分辨，评论区也经过处理了的慎重分辨吧",2023/12/7 13:42,5,2,bilibili
760,ge2tow,有关评论，我已被进入仅自己可见模式,2023/12/8 8:16,6,2,bilibili
761,ge2tow,"阿里献血
我这边能找到的发布过谈论该事件视频的账号（不知道控评情况下能留存多久，搜索时手动去“前排”的数字）
。
大河报
大象新闻
四川观察

275罗辑的二向箔
235搞笑孟文明
239姜讲纪录片传奇
1114远方的达文西
6795小孟涨知识啦
342张捷财经观察
5566大视野NO1
34照理说事
225校尉说
342首席操作工
778章北海official
6648胡律师看法
453为啥子让风吹
230望启年
279我是饭叔啊
yxyy3604（这个不要去数字）
34建筑史石博士
239彭华律师
34写手一条城
3648城南旧话
罐头哥2023（这个别去数字）
679天君蝴蝶
55667-夏-日-
562阿季卢尔弗
287大头鹰-不怼好人
128鬼邪君GL
563鹰哥铁拳
907热搜第一线
368梦回三棵树下
97蚌霸
578悟空不要紧箍咒
9895Shurry老师
395北斗导航Compass
246让人说实话
512话题探索酱
208热奶茶酸辣粉
779社会记录局
768天津纪爸爸
336薛定恶的狗
769西湖队长
0013悟人生智慧
720詹老师的论思维
190詹哥聊思维
86涛哥经记杂货铺
89懒羊羊纪录片传奇
054张司令sammy
6788BlueChasingWind
856深圳原油哥
35辟谣助手
。更多的视频和博主账号还有类似新京报、大象新闻等等的，我这边找不到记录了，想了解可以问问别的留言网友。另外以上博主言论各异自行分辨，评论区也经过处理了的慎重分辨吧

测试是否被仅自己可见，路过的随便互动一下？",2023/12/7 15:49,4,2,bilibili
762,ge2tow,"阿里献血
我这边能找到的发布过谈论该事件视频的账号（不知道控评情况下能留存多久，搜索时手动去“前排”的数字）
。
大河报
大象新闻
四川观察

275罗辑的二向箔
235搞笑孟文明
239姜讲纪录片传奇
1114远方的达文西
6795小孟涨知识啦
342张捷财经观察
5566大视野NO1
34照理说事
225校尉说
342首席操作工
778章北海official
6648胡律师看法
453为啥子让风吹
230望启年
279我是饭叔啊
yxyy3604（这个不要去数字）
34建筑史石博士
239彭华律师
34写手一条城
3648城南旧话
罐头哥2023（这个别去数字）
679天君蝴蝶
55667-夏-日-
562阿季卢尔弗
287大头鹰-不怼好人
128鬼邪君GL
563鹰哥铁拳
907热搜第一线
368梦回三棵树下
97蚌霸
578悟空不要紧箍咒
9895Shurry老师
395北斗导航Compass
246让人说实话
512话题探索酱
208热奶茶酸辣粉
779社会记录局
768天津纪爸爸
336薛定恶的狗
769西湖队长
0013悟人生智慧
720詹老师的论思维
190詹哥聊思维
86涛哥经记杂货铺
89懒羊羊纪录片传奇
054张司令sammy
6788BlueChasingWind
856深圳原油哥
35辟谣助手
。更多的视频和博主账号还有类似新京报、大象新闻等等的，我这边找不到记录了，想了解可以问问别的留言网友。另外以上博主言论各异自行分辨，评论区也经过处理了的慎重分辨吧

测试是否被仅自己可见，路过的随便互动一下？",2023/12/7 15:51,64,2,bilibili
763,ge2tow,分享的指路视频，正反言论都有，哪方是谣言？全都是谣言？,2023/12/8 1:28,36,2,bilibili
764,ge2tow,回忆或收藏，去翻翻我动态找找其它链接,2023/12/8 1:39,3,2,bilibili
765,Cancer_Cell,确实，要礼貌。,2023/12/8 11:49,6,2,bilibili
766,bili_226281184,确实，要礼貌。,2023/12/8 1:26,5,2,bilibili
767,all_-in,自我认识很到位,2023/12/11 19:03,4,2,bilibili
768,74874634358_bili,贴吧搜不到了,2023/12/7 19:04,4,2,bilibili
769,27840994881_bili,难以想象的力量,2023/12/6 19:38,5,2,bilibili
