,Title,Content,time,Location,ID,platform
0,加沙的无奈+以军的恐惧，未来无法统计加沙死亡人数？,"在加沙地带死亡的人数已经接近15,000人，受伤的人数可是不计其数。之前传出来受伤的人数是在3万人以上，死亡的人数是接近15,000人，而且70%死亡的人数是妇女儿童，并不是有很多哈马斯武装队员被打死。那么现在加沙卫生部门的负责人就指出，以后要统计死亡人数越来越难。
我们现在所看到的尽管有百万之众从加沙北部中部地区前往南部地区，但还有更多的人是留在了加沙城，留在了加沙北部中部地区，这些人必然会成为冲突的牺牲品。
那么加沙卫生部门负责人就指出，由于各种原因导致未来死亡的人数没有办法统计。为什么没有办法统计？几个原因，第一个原因就是医疗设施已经被彻底损毁。没有医疗人员了，大量的医疗人员被杀，被以色列军队炸死，那么哪还有医疗人员。统计这些死亡人数靠的是谁，靠联合国，靠医疗机构？但是联合国的更多人员被炸死，医疗机构的更多人员被炸死，没有专业的人士去统计，这是第一点。
第二点的话整个通信链路出现了问题，也没有办法来把相关的准确信息传递出来。
还有一方面必须要强调以色列军队是惧怕真实的数字被国际社会所知。也就是现在15,000人被炸死，这个数字应该是一个保守的数字，还有更多的人如果被打死，以色列军队是不希望为国际社会所知，所以要想办法让这些尸体销声匿迹。还有一些人可能是在坑道里、废墟里被打死，这些人你怎么统计他的死亡？你怎么来计算他是算失踪还是算死亡人数？
以色列军队在加沙地区，这场军事冲突，我们说的更直白一点，打的是毫无章法。这种毫无章法让以色列军队是不顾及死亡的代价，只要能够确保自己死亡的人数少，这就达到了自己的战略目标。",2023/11/24 13:57,广东,1,wangyi
1,"加沙的无奈+以军的恐惧, 未来无法统计加沙死亡人数!","以最小的代价来实现更多巴勒斯坦人的死亡。这就是内塔尼亚、胡加兰特这些人的一厢情愿的想法。所以现在的加沙地带已经变成了人间炼狱，这也是一个基本的事实。
随着时间的推移，巴勒斯坦死亡的人数将会进一步增加。包括普京就指出，看到这么多人，这么多孩子在加沙地区被炸死，国际社会不吗？国际社会，美国也，包括有些欧洲国家也，不的是内塔尼亚胡，内塔尼亚胡把这些死亡的人，把巴勒斯坦人等同于是“恐怖分子”，你觉得他怎么可能会呢？
在加沙地带死亡的人数已经接近15,000人，受伤的人数可是不计其数。之前传出来受伤的人数是在3万人以上，死亡的人数是接近15,000人，而且70%死亡的人数是妇女儿童，并不是有很多哈马斯武装队员被打死。那么现在加沙卫生部门的负责人就指出，以后要统计死亡人数越来越难。
我们现在所看到的尽管有百万之众从加沙北部中部地区前往南部地区，但还有更多的人是留在了加沙城，留在了加沙北部中部地区，这些人必然会成为冲突的牺牲品。",2023/11/24 2:24,河北,1,wangyi
2,加沙的无奈+以军的恐惧，未来无法统计加沙死亡人数？,"以最小的代价来实现更多巴勒斯坦人的死亡。这就是内塔尼亚、胡加兰特这些人的一厢情愿的想法。所以现在的加沙地带已经变成了人间炼狱，这也是一个基本的事实。
随着时间的推移，巴勒斯坦死亡的人数将会进一步增加。包括普京就指出，看到这么多人，这么多孩子在加沙地区被炸死，国际社会不震惊吗？国际社会震惊，美国也震惊，包括有些欧洲国家也震惊，不震惊的是内塔尼亚胡，内塔尼亚胡把这些死亡的人，把巴勒斯坦人等同于是“恐怖分子”，你觉得他怎么可能会震惊呢？",2023/11/24 13:57,广东,1,wangyi
3,以色列欲驱逐230万加沙人，美国：反对，加沙人只能在加沙,美国反对,2023/11/25 5:38,广东,1,wangyi
4,世界屏住呼吸注视加沙停火,"根据以色列与哈马斯达成的停火协议，哈马斯24日释放13名以色列人质，以色列当天释放39名巴勒斯坦人。图为国际红十字会人员在以色列监狱外等待接人。（视觉中国）
本报驻埃及特派记者 黄培昭 ● 本报特约记者 于 文 柳玉鹏
当地时间24日上午7时（北京时间13时），巴勒斯坦伊斯兰抵抗运动（哈马斯）和以色列在加沙地带的停火协议正式生效。这是今年10月7日双方爆发新一轮冲突以来，加沙首次实现较长时间的停火。协议生效后，载有援助物资的车辆从拉法口岸的埃及一侧进入加沙。同日下午4时（北京时间晚10时），被哈马斯扣押的第一批13名人质被释放，在国际红十字会人员的带领下经拉法口岸进入埃及，再回到以色列。晚些时候，以色列将释放被关押在以监狱内的39名巴勒斯坦人。按照停火协议的规定，在接下来的3天内，同样的行动将重复进行。“世界屏住呼吸注视着停火协议的执行”，英国《镜报》称。几乎所有的分析都认为，无论从历史经验还是现实情况看，这份协议在执行中都面临着各种不确定性，且距离真正的和平还非常遥远。香港《南华早报》24日称，脆弱的4天停火开始了，这是结束冲突的第一步？还是更激烈冲突爆发前的准备期？许多专家的分析倾向于后者。
炮火持续至最后一刻
据英国广播公司（BBC）报道，哈马斯和以色列的停火协议主要包含以下内容：在为期4天的停火期内，哈马斯方面将释放共50名人质，以色列方面将释放关押的150名巴勒斯坦人，双方释放的人员均为妇女和儿童。以色列表示，在此期限后，哈马斯方面每释放10名人质，停火时间会延长一天。埃及方面表示，在停火的4天内，每天将有13万升柴油和4车汽油、200车援助物资运入加沙地带。
上述协议本应在23日正式生效，但推迟至24日。“众所周知，凡是可能出错的事情，就一定会出错。”以色列《国土报》的这句话说出了许多观察人士的担忧。各方紧盯以色列和哈马斯是否真的能在约定时间停火。BBC在以色列南部的记者称，距离停火开始不到一小时内，仍然能听到加沙持续不断的小型武器和迫击炮射击声，看到火光和烟雾冲上天空；然后是空袭，还有无人机的声音。“以色列军队似乎仍在加沙地带展开行动，直到最后一刻。”美国有线电视新闻网（CNN）记者称，重型武器开火的声音直到上午7时18分左右才停止。
据《以色列时报》报道，以国防军24日表示，停火协议生效前的最后一小时，以军摧毁了加沙最大医院希法医院附近的地下隧道和入口，并完成了在停火线上的部署。以军发言人哈加里23日晚称，作为协议的一部分，以色列军队将留在加沙地带内标记的停火线内；停火期间，以色列国防军将在该地区享有行动自由。他说，人质协议的任何方面都不是一成不变的，“直到它发生……它可能会发生变化”。
“这只是短暂的喘息”，以色列国防部长加兰特23日对以军精锐部队称，战争可能还将持续两个月。他要求以军士兵“在下一步行动之前组织起来，准备、检查和重新武装”，称“未来一个月左右将会发生大规模战斗”。
BBC称，在停火协议生效前几分钟，以色列军方在社交媒体上发布了一段视频，警告加沙民众“战争尚未结束”，禁止人们向北部移动。美联社称，停火协议生效后，数千名流离失所的巴勒斯坦人试图从加沙南部步行前往北部，以军开枪射击打死两人，另有11人受伤。
阿拉伯电视台称，24日，尽管哈马斯和以色列都指责对方有零星的枪击和其他违法行为，但没有发生大规模爆炸、炮击或火箭弹袭击的报道。在停火协议之外，哈马斯24日还释放了12名泰国人质。
还有一些在国外的巴勒斯坦人选择回到故土。CNN称，至少有67名被困在埃及的巴勒斯坦人24日返回加沙，他们有的称“已经22天没能联系到家人了”；有的称“加沙的土地是我们的灵魂”。
接下来会发生什么？
“以色列与哈马斯过去的停火被证明是脆弱的”，《纽约时报》24日称，以色列和哈马斯同意为期4天的停火，但从过去的经验来看，这不能保证战斗会一直暂停，更不用说持久和平了。“以色列与哈马斯的敌对行动历史上充满了被打破或勉强维持的停火和休战协议。这正在成为一个再熟悉不过的循环：暴力升级、第三国斡旋谈判、承诺放松封锁和停止敌对行动，随后是一段脆弱的平静时期。”
“接下来会发生什么？”《南华早报》的文章写道，分析人士称，停火将使各方有机会建立信任，但鉴于以色列铲除哈马斯的决心，这种信任不会持续太久。即使交战双方遵守停火协议条款，战斗暂停也可能仅限于几天。观察人士认为，以色列和哈马斯之间更激烈的战斗可能尚未到来，双方都没有关于如何结束战争的战略计划。相反，他们的下一步行动是在“观望”的基础上决定的，因为以色列地面部队面临着与盘踞在加沙城尚未接近地区的哈马斯武装人员进行血腥消耗战的前景。分析人士告诉该报，哈马斯的武装人员完好无损，隐藏在迷宫般的地下隧道中。与此同时，以色列政府似乎决心在加沙南部展开下一阶段军事行动，他们认为哈马斯领导层已迁往那里。
BBC认为，停火期也是“危险的时刻”。如果停战期间发生任何事情，以色列军队很难不进行干预。例如，如果他们能够追踪到哈马斯重要领导人的位置，他们会犹豫吗？
“这个国家将在过去六周的集体窒息后稍稍喘口气”，《国土报》24日称，内塔尼亚胡总理明白，人质协议能帮他走出目前的政治深渊，他没有不接受的选项。以色列大多数公众支持达成协议，只有少数右翼人士反对。公众压力和情绪是决定性的。
哈马斯“留了一手”
阿拉伯电视台网站24日刊文称，停火协议标志着以色列报复哈马斯的计划，尤其是其扬言要一举铲除哈马斯的计划彻底失败。就在两天前，内塔尼亚胡还说，以色列不会停止进攻加沙，除非哈马斯释放全部人质。现在哈马斯依然存在，且可以与以色列就释放人质和停火事宜讨价还价。
以色列及其支持者美国面临着越来越大的国际压力，是其同意停火协议的主要原因。埃及《消息报》评论说，随着冲突的不断升级，血腥的画面通过电视直播传遍世界，国际上对以色列的谴责和批评声越来越多、越来越响亮。《南华早报》引述分析人士的话称，美国一开始坚定支持以色列彻底铲除哈马斯，“但当以色列给阿拉伯人造成的痛苦和死亡数量超过美国在阿拉伯国家的利益受损的程度”，“压力就变大了”。
中东地区许多媒体认为，目前的停火也对哈马斯有利。约旦《明日报》称，哈马斯的武器，尤其是火箭弹库存已经告急，特别是这些天它已经没有能力再向以色列境内发射大量火箭弹。在双方军力和实力对比严重失衡的情况下，哈马斯从正面作战不是以军的对手。所以，通过地道战和偷袭以色列，哈马斯已经达到了既定目标，其政治、战略上的任务大功告成。现在，哈马斯需要“休养生息”，再展开斗争。
许多阿拉伯网友在社交媒体上留言称，以色列与哈马斯之间的停火协议只是暂时的，尤其是以色列，它停火的根本原因是为了解救人质，一旦目标达到，它会立即重开战火。同时，哈马斯也留了一手，即关键而重要的人质——以军士兵和军官，它不会同意释放，留作与以色列交手的最后一张底牌。哈马斯会在停火期间及时补充武装弹药并调整兵力部署和战术打法，以准备迎接4天后以色列很可能更大规模、更大烈度的空袭和地面攻势。双方的互不信任，决定了加沙的战火硝烟在短期内完全熄灭的难度加大。▲",2023/11/25 7:34,北京,1,wangyi
5,"巴以暂时停火后, 对加沙有利有弊, 加沙局势将迎来转机","好消息！加沙终于将迎来了短暂的停火期。当地时间11月22日凌晨，以色列政府向外界宣布，批准了一项与哈马斯互换人质的协议。根据该协议，双方将在23日早上10点交换互相扣押的人质，人质互换期间双方将会停火。目前，双方约定的停火时间是4天。另外，哈马斯每多释放10名人质，停火时间就将延长一天。
可以说，双方激战这么久确实需要歇一歇了。以色列这边一直面临着国内外的双重压力。先说国内的，首先，从以色列对加沙展开军事行动到现在，已经40多天了，虽然以色列对阵哈马斯已取得了绝对的优势，但其定下的彻底摧毁哈马斯的目标却仍未实现。而随着以军军事行动的展开，人员伤亡也在逐渐增加。其次，关于人质的压力，以色列国内一直有声音要求与哈马斯换俘，此前都被以色列政府压下去了，但这种声音是压不住，越是打压反弹的越厉害。近段时间，以总理内塔尼亚胡民调支持率骤减，甚至被曝出现执政危机，可能就与此有关。再说国外的，自从以色列在加沙造成大量平民伤亡后，国际舆论就已偏向指责以色列，多国宣布和以色列断交。交战另一方的哈马斯，其处境则更加艰难，加沙北部的基地差不多都被以色列摧毁了，基本丧失了对加沙北部的控制权。可以说，巴以双方都需要停下来喘口气。
停火对加沙有没有利？肯定是有的。以色列同意停火期间让更多的人道主义物资进入加沙，这可以拯救不少正处于死亡边缘的人。另外，停火也给了国际社会争取实现长久和平更多的时间。事在人为，既然短期停火已经实现，实现更长久的停火也不是完全没有可能。不过巴以暂时停火对加沙有利也有弊。毕竟这次只是暂时停火，以色列已经明确声明，停火期结束后就将继续进攻。我们都知道以色列从始至终只有一个目的，那就是彻底摧毁哈马斯。因此，在短暂的休整过后，一旦双方再度交火，战斗可能会更加惨烈。哈马斯手上人质数量减少后，以色列需要面临的压力也会减小，再想让以色列停火将会更加艰难。到时候以色列和一直支持以色列的美国都可以拿这次停火为借口，搪塞其他国家。
日前，联合国阿盟就巴以达成暂时停火协议一事表示欢迎。能暂时停火固然值得高兴，但加沙的局势依旧不容乐观。以色列虽然迫于种种压力同意了暂时停火，但其国内要求扩大战火的呼声却并未消失。以色列右翼和极右翼政治团体正在向以色列战时内阁施压，要求重启战端，并将战线推至加沙南部，彻底接管加沙。一面是战端重启的危机，另一面是加沙的人道主义救援机制依然缺失。当地大量民众依然面临着缺水少粮断电断网和缺少药物的困境。虽然以色列同意停火期间让更多救援物资进入加沙，但对加沙目前的整体情况而言，这些物资不过是杯水车薪。更何况，一旦再次开战，以色列地面部队真的有可能会进军加沙南部，造成的伤亡会比现在更多。另外，我们从更长远的角度来看，即使这次的冲突结束了，巴以想要迎来和平依旧还有漫长的路要走。只要“两国方案”还未落实，战争的风险就无法降低，加沙这片地区的苦难也无法消除。",2023/11/25 7:48,河北,1,wangyi
6,加沙地带南部民众返回家园，援助物资进入加沙,"当地时间24日7时，以色列同加沙地带哈马斯等武装组织开始执行临时停火协议。根据总台加沙报道员在前方了解的情况，加沙地带境内未再发生空袭和交火，加沙地带南部一些流离失所的民众陆续返回家园检查房屋状况，同时来自埃及的救援物资也开始逐步运入加沙地带。不过即便达成临时停火，加沙地带的民众生活和物资供应依然面临巨大的困难。
总台报道员 阿纳斯：从今天（24日）7时开始，巴勒斯坦武装组织与以色列军队之间开始人道主义停火，双方就多项问题达成协议，其中最重要的就是哈马斯释放其扣押的50名以方人员，而以色列方面则会释放其关押的150名妇女和少年。目前加沙地带南部地区相对平静，加沙地带南部上空已经看不到以军战机。此外，来自加沙地带南部以东的流离失所民众开始陆续返回家园，同时还有大量的卡车通过拉法陆路口岸进入加沙地带，上面装载着基础物资和人道主义援助物资。
此前，在加沙地带南部的汗尤尼斯，城市东郊持续遭到以军的空袭，大量当地民众被迫离开家园，躲入联合国机构开设的临时避难所。在此次临时停火生效之后，不少民众回到原来的家中，想收拾出一些尚能使用的家当。当地民众希望，此次临时停火，能够持续下去，甚至实现全面的停战。
流离失所者 默罕默德：当我们听说停火的消息时，大家都感到很高兴，这样我们就可以回去看看家里发生了什么，这48天很漫长，没有人知道我们的家发生了什么。我们在避难所遭受了很大的痛苦，没有电没有水，疾病肆虐。我们听说了将停火四天的消息，我们很高兴，当然很高兴，但愿上天保佑实现全面休战，而不仅仅是4天。因为人们遭受了太多苦难，并且仍在遭受苦难，我们回来后发现所有的房子都被炸毁了，但我宁愿在家门前搭个帐篷，也不愿住在别的地方。我希望停战能够永久持续，全面停火，为什么呢？因为我们累了，我们厌倦了这样的生活。
在民众得以自由活动的同时，来自埃及的运载人道主义救援物资的卡车也开始分批通过拉法口岸进入加沙地带。埃及方面预计，在临时停火的4天期间，预计每天将有200辆运载物资的卡车进入加沙地带。但是，这与冲突前每天500辆卡车的数量相比，仍然不足，同时援助物资的进入还面临着其他的挑战。
巴勒斯坦红新月会供应和设备主任 穆罕默德·阿布·阿塔：我想说我们在过去30天就一直守在这个拉法口岸，以接受来自埃及方面的援助。对于这次的临时停火，我们从今天（24日）7时就一直在场。从早上开始到中午，我们已经收到了大约80辆卡车。但我们可以说，我们面临的困境和挑战不在于卡车的数量，而在于接收这些卡车的能力。因为这条人道主义走廊空间非常有限，对卡车及相关工作人员的数量都有很大的限制。因此，我们要求开辟另一条人道主义走廊，使过境的卡车数量能增加一倍。",2023/11/25 8:27,山东,1,wangyi
7,总台现场直击丨加沙地带南部民众返回家园 援助物资进入加沙,"当地时间24日7时，以色列同加沙地带哈马斯等武装组织开始执行临时停火协议。根据总台加沙报道员在前方了解的情况，加沙地带境内未再发生空袭和交火，加沙地带南部一些流离失所的民众陆续返回家园检查房屋状况，同时来自埃及的救援物资也开始逐步运入加沙地带。不过即便达成临时停火，加沙地带的民众生活和物资供应依然面临巨大的困难。
总台报道员 阿纳斯：从今天（24日）7时开始，巴勒斯坦武装组织与以色列军队之间开始人道主义停火，双方就多项问题达成协议，其中最重要的就是哈马斯释放其扣押的50名以方人员，而以色列方面则会释放其关押的150名妇女和少年。目前加沙地带南部地区相对平静，加沙地带南部上空已经看不到以军战机。此外，来自加沙地带南部以东的流离失所民众开始陆续返回家园，同时还有大量的卡车通过拉法陆路口岸进入加沙地带，上面装载着基础物资和人道主义援助物资。
此前，在加沙地带南部的汗尤尼斯，城市东郊持续遭到以军的空袭，大量当地民众被迫离开家园，躲入联合国机构开设的临时避难所。在此次临时停火生效之后，不少民众回到原来的家中，想收拾出一些尚能使用的家当。当地民众希望，此次临时停火，能够持续下去，甚至实现全面的停战。
流离失所者 默罕默德：当我们听说停火的消息时，大家都感到很高兴，这样我们就可以回去看看家里发生了什么，这48天很漫长，没有人知道我们的家发生了什么。我们在避难所遭受了很大的痛苦，没有电没有水，疾病肆虐。我们听说了将停火四天的消息，我们很高兴，当然很高兴，但愿上天保佑实现全面休战，而不仅仅是4天。因为人们遭受了太多苦难，并且仍在遭受苦难，我们回来后发现所有的房子都被炸毁了，但我宁愿在家门前搭个帐篷，也不愿住在别的地方。我希望停战能够永久持续，全面停火，为什么呢？因为我们累了，我们厌倦了这样的生活。
在民众得以自由活动的同时，来自埃及的运载人道主义救援物资的卡车也开始分批通过拉法口岸进入加沙地带。埃及方面预计，在临时停火的4天期间，预计每天将有200辆运载物资的卡车进入加沙地带。但是，这与冲突前每天500辆卡车的数量相比，仍然不足，同时援助物资的进入还面临着其他的挑战。
巴勒斯坦红新月会供应和设备主任 穆罕默德·阿布·阿塔：我想说我们在过去30天就一直守在这个拉法口岸，以接受来自埃及方面的援助。对于这次的临时停火，我们从今天（24日）7时就一直在场。从早上开始到中午，我们已经收到了大约80辆卡车。但我们可以说，我们面临的困境和挑战不在于卡车的数量，而在于接收这些卡车的能力。因为这条人道主义走廊空间非常有限，对卡车及相关工作人员的数量都有很大的限制。因此，我们要求开辟另一条人道主义走廊，使过境的卡车数量能增加一倍。
（央视新闻客户端）",2023/11/25 15:47,北京,1,wangyi
8,加沙休战首日重现平静,"巴勒斯坦伊斯兰抵抗运动（哈马斯）与以色列在加沙地带的临时停火协议24日生效。新华社记者在现场看到，时隔近50天后，加沙地带、以色列与黎巴嫩边境地区暂时重归平静。
暂时重归平静
新华社记者24日驱车从耶路撒冷来到临近加沙地带的以色列城市斯代罗特。站在一处高地远眺，可以看到加沙地带许多建筑已被炸成废墟，但暂时听不到战事胶着期间时断时续的炮击声。
“这里现在安全了吗？”记者问一名以色列士兵。
“只能说目前是的。”他说。
新华社报道员在以黎边境看到，从当天早上开始，防空警报再也没有响起，以军与黎巴嫩真主党的交火也停了。真主党未与以色列达成停火协议，但22日宣布将加入哈马斯同以色列为期4天的休战。
△11月24日，搭载获释人员的直升机抵达以色列佩塔提克瓦一所医院。新华社/基尼图片社
当天傍晚，哈马斯释放首批13名以色列妇女和儿童以及11名泰国、菲律宾籍被扣押人员。他们在加沙地带与埃及接壤处的拉法口岸登上红十字国际委员会的车，稍后被带往以色列南部一座空军基地接受初步检查，再被送往医院进一步观察或治疗，最后将坐直升机到特拉维夫与家人团聚。
以色列当晚从约旦河西岸奥弗监狱释放39名巴勒斯坦人。巴勒斯坦电视台报道说，他们是24名妇女和15名未成年人，主要来自约旦河西岸和东耶路撒冷地区。记者看到，当他们乘坐的大客车缓缓驶出监狱时，巴勒斯坦民众挥舞国旗，将大巴团团围住欢迎他们。
△11月24日，在约旦河西岸城市拉姆安拉附近的拜图尼亚镇，人们庆祝被关押的巴勒斯坦人获释。新华社发（艾曼·诺巴尼摄）
根据22日达成的临时停火协议，哈马斯将释放至少50名妇女儿童，以换取以方在加沙地带停火4天并释放150名在押巴勒斯坦人。如果哈马斯能够释放更多妇女儿童，停火期限可延长至10天。届时，哈马斯每释放10人，以方将停火一天；每释放一人，以方就会释放三名在押巴勒斯坦人。
参与斡旋停火的卡塔尔24日晚证实，临时停火协议第一天的承诺得到履行。
民众期盼和平
联合国人道主义事务协调厅24日在一份声明中说，临时停火协议生效后，联合国得以扩大对加沙地带人道主义救援的规模。200辆运载救援物资的卡车当天被派往拉法口岸，12.9万升燃料和4卡车天然气也进入加沙地带，21名危重病人得以从加沙地带北部撤离。数十万民众获得食品、饮用水、医疗用品等救援物资。
欧盟外交与安全政策高级代表博雷利24日声明，停火协议“作为结束加沙地带持续、令人震惊的人道主义局势的第一步应该得到充分实施，并延长更长时间”。
△11月24日，完成运送任务的卡车从加沙返回拉法口岸埃及一侧。新华社发（穆罕默德·阿萨德摄）
加沙居民穆阿塔兹住在加沙地带北部，冲突开始时和家人逃到南部。从多日前邻居发来的照片中，他发现家附近已经成为瓦砾堆，自己家“可能已经不在了”。
停火了，穆阿塔兹终于不用担惊受怕，但有些沮丧，因为有家不能回。他不打算回家看看，“太危险了，以军会朝你开枪”。
以军宣布停火期间不会撤离加沙，将继续留在“停火线”，并散发传单警告逃离加沙北部的居民不要回家。据巴勒斯坦方面24日消息，两名试图回家的加沙居民遭以方射杀。
另一名逃难加沙人赫巴·穆罕默德说：“这里没有食物、水、煤气和面粉。我没有钱，孩子也在饿肚子。这样的日子还要忍受多久？我们厌倦了战争。四天的休战是不够的，希望这一切尽快结束。”
△这是11月24日停火生效后在加沙地带南部城市汗尤尼斯拍摄的街头景象。新华社发（里泽克·阿卜杜勒贾瓦德摄）
24日当天，耶路撒冷市中心雅法路上，人流明显增多，许多妇女带着孩子出门。在特拉维夫的以色列国防部门前，就职于高技术行业的以色列人阿里埃勒对记者说：“战争最大受害者就是平民，我们不想要战争，只希望正常的生活早点回来。”
以色列总理内塔尼亚胡等政府和军方高层已明确表示，4天休战结束后，战斗将继续，直至以方实现包括消灭哈马斯在内的所有目标。
哈马斯10月7日自加沙地带对以色列境内军民目标发动突袭，以方称袭击造成大约1200人死亡、数千人受伤。以色列随后进入战争状态，对加沙地带发起大规模军事行动。哈马斯23日说，以军行动造成加沙地带超过1.48万人死亡，另有3.6万余人受伤，超过7000人失踪。
来源：央视新闻",2023/11/25 17:09,湖南,1,wangyi
9,200辆人道主义援助卡车进入加沙，其中50多辆运往加沙地带北部,"200辆载有人道主义援助物资的卡车进入加沙地带，其中一些物资将自战争开始以来首次抵达飞地北部。
领土政府活动协调员（COGAT）说，经以色列批准，50多辆卡车被指定用于加沙地带北部，包括尚未撤离的地区。领土政府活动协调员COGAT说，今天有四辆油罐车和四辆油罐车从埃及进入加沙地带。
在发动地面行动之前，以色列国防军告诉巴勒斯坦平民使用人道主义走廊向南撤离到飞地指定的安全地区。
作为以色列与哈马斯恐怖组织之间临时休战的一部分，援助正在进入加沙地带，由埃及和卡塔尔调解。
作为协议的一部分，在加沙被扣为人质的大约50名儿童和妇女被释放，每释放一名以色列人，就有三名巴勒斯坦囚犯被释放。",2023/11/25 23:53,广西,1,wangyi
10,加沙的无奈以及以军的恐惧，未来将会无法统计加沙死亡人数？,"引言：
在加沙地带，死亡人数的估算成了摄人心魄的数字交响曲。
近15,000人的死亡，其中七成是无辜的妇女儿童，使这个曾经风光一时的土地化为人间炼狱。而正是在这场血腥之战中，死亡数字的统计却如同战火一般肆意蔓延。
数字的沉默：统计的难题
在这片被硝烟笼罩的土地上，死亡人数的统计变得比找到一颗针还难。
医疗设施的彻底毁灭使得救治的可能性骤减，无数医疗人员在以色列军队的攻击下丧命，统计这场死亡潮汐的责任本该由联合国和医疗机构共同肩负，然而，联合国的人员如同蜉蝣般被战火吞噬，医疗机构更是折戟沉沙。这不仅是对生命的摧残，更是对统计真相的悲剧性嘲弄。
在这个数字遮蔽的黑夜里，通信链路的突然中断进一步让真相如同被一只无形的巨手掐住喉咙。准确的信息传递成了一场无声的较量，而人们渴望了解的真相却在这场较量中破灭。加沙地区仿佛沉浸在信息的孤寂之中，真实的场景无法呈现在国际社会的面前，唯一的声音却是死寂。
无序之战：以色列军队的失序决策
加沙地区的军事冲突如同一场失控的烈火，烧毁一切，无视一切。
以色列军队的行动愈演愈烈，却毫无章法可言。死亡人数的攀升并非出自对手的顽强抵抗，而是战争的疯狂决策在推波助澜。在这种失序的战争中，死亡仿佛成了一场无情的赌注，以最小代价获取最大的战略目标。
以色列军队似乎对死亡的代价视若无物，只要自身损失最小，便心满意足。妇女儿童成为冲突的主要牺牲品，这并非偶然。他们在毫不留情的战争机器下，成了一种可操纵的筹码。这种冷血的策略背后，是对生命的漠视，对和平的远离。以色列军队似乎忘记了，每一个倒下的生命都是一座无法弥补的坟墓，是整个社会的痛楚。
在这场血色的战争中，国际社会的沉默仿佛是一场冷漠的审判。
普京提出一个令人深思的问题：“看到这么多人，在加沙地区被炸死，国际社会不震惊吗？”国际社会的震惊或许只是短暂的，而对于无辜生命的失落，则似乎成了一种被遗忘的细节。美国、欧洲等国家的震惊声音纷至沓来，但真正的行动何在？道义拷问是否只是一场无关痛痒的言辞？
而在这个混乱的辩论中，以色列领导人内塔尼亚胡却将死亡的人数等同于“恐怖分子”。这种冷漠的言辞让人不禁瞪大了眼睛。难道每一个死去的妇女、每一个丧生的孩子，都是恐怖分子？这种混淆黑白的论调不仅是对事实的歪曲，更是对道义的践踏。内塔尼亚胡的冷漠似乎在彰显一种强权逻辑，让人对于这场冲突的真相感到无限迷茫。
在死寂中寻找希望
在这片深陷苦难的土地上，道义的呐喊成了唯一的寄托。
加沙地区的混乱让以色列军队与国际社会的关系雪上加霜。以色列军队的失序决策、冷漠态度，让国际社会对其失去了信任。这并非仅仅是一场地区性冲突，更是一场国际信任的崩溃。国际社会不仅需要要求以色列军队对于死亡人数负起责任，更需要重新审视其在国际事务中的行为，以避免这种悲剧的再次上演。
以死亡为代价：内塔尼亚胡的政治算计
内塔尼亚胡似乎对于以死亡为代价的政治算计心存侥幸。
他的强权逻辑让人不禁思考，这种以最小代价谋取最大战略目标的冷血选择是否值得。国际社会的愤怒或许只是一时的，但内塔尼亚胡的选择却可能让整个地区沉浸在无尽的仇恨之中。政治家应当对人类的命运负起更多的责任，而不是将其当作一场冷漠的政治博弈。
内塔尼亚胡的冷漠言辞将他推向了国际社会的孤立。国际社会对于他的指责越来越高涨，一些国家甚至开始考虑制裁以色列。这不仅是对内塔尼亚胡的政治打击，更是对以色列整体形象的摧毁。内塔尼亚胡或许认为自己可以逃避舆论的漩涡，然而，这种孤立可能是长期的，是深刻的，是不可逆转的。
未来的迷途：战争的循环
在加沙地区这片陷入血与火的土地上，未来的迷途让人们感到无尽的忧虑。
历史告诉我们，战争的循环往往是人类的悲哀。但愿我们能够从这场惨烈的战争中汲取教训，摆脱循环的束缚。只有当每一个国家都能够以和平为己任，以人类命运为重，我们才能在未来的迷途中找到前行的方向。
和平的呼声应当在丧失中升起，让这片土地不再成为血腥之地。国际社会需要更积极地介入，推动各方通过对话解决分歧，而不是通过冲突。只有当各国能够真正摆脱冲突的枷锁，才能为加沙地区带来真正的安宁。
结论：和平的可能性与无奈的争论
和平的可能性并非遥不可及，而是在我们每个人的手中。
国际社会需要更多的合作，各方需要摆脱争端，寻求共同的解决之道。只有当我们不再以死亡为代价，而是以生命为重，和平的可能性才会在未来的道路上闪烁。
然而，面对这场战争的无奈，真相似乎变得更加遥不可及。内塔尼亚胡的冷漠选择、以色列军队的无序行动，让人们对于真相的寻求变得艰难。在这个争论的漩涡中，我们或许需要更多的勇气去直面残酷的现实，去挑战那些可能永远无法回答的问题。
在这场血与泪的战争中，我们是否能够在死寂中寻找到希望？是时候让和平的声音超越战争的轰鸣，是时候让真相浮出水面，让这片土地重返和平的怀抱。或许这是一个漫长而艰难的过程，但如果我们不去努力，未来的迷途将会更加黑暗。希望是脆弱的，但也是顽强的，让我们共同努力，为这片苦难的土地带来光明的未来。
(免责声明）文章描述过程、图片都来源于网络，此文章旨在倡导社会正能量，无低俗等不良引导。如涉及版权或者人 物侵权问题，请及时联系我们，我们将第一时间删除内容！如有事件存疑部分，联系后即刻删除或作出更改。",2023/11/26 11:18,广东,1,wangyi
11,首批！救援物资运抵加沙城,"临时停火协议生效后
终于有运送救援物资的卡车
进入加沙地带北部
这也是本轮巴以冲突爆发以来
首次有救援物资运往
加沙地带北部
61辆人道救援物资卡车
当地时间25日，也就是加沙地带临时停火协议正式生效的第二天，3辆运载人道主义救援物资的卡车抵达位于加沙地带北部的加沙城。这也是自本轮巴以冲突以来，首批人道主义救援物资运入加沙城。
当地时间25日，联合国人道主义事务协调厅表示，当天共计61辆救援物资车进入加沙地带北部，这是本轮巴以冲突以来物资运送数量最多的一次。这些物资包括食物、水和紧急医疗用品。此外，11辆救护车、3辆大巴和1辆平板车前往加沙地带最大医院希法医院协助疏散。
据悉，25日共有200辆人道救援物资卡车前往加沙地带，当天19时前共计187辆进入加沙，其中61辆进入加沙北部，当天被运进加沙的燃料共计12.9万升。
以色列和哈马斯
继续交换被扣押人员
据半岛电视台报道，当地时间25日夜间，巴勒斯坦伊斯兰抵抗运动（哈马斯）释放的第二批共17名被扣押人员，包括13名以色列籍被扣押人员，以及4名其他国籍的被扣押人员，已经乘坐红十字国际委员会的车离开加沙地带，进入埃及。
以色列国防军当地时间25日午夜发表声明称，哈马斯释放的第二批被扣押人员已进入以色列境内。
▲图源《以色列时报》
另一方面，综合半岛电视台与以色列Walla新闻网站当地时间26日凌晨消息，39名被以色列关押的巴勒斯坦人已被释放。
此前，25日晚，哈马斯方面一度以以色列未遵守临时停火协议中的相关条款为由，宣布推迟释放第二批被扣押人员。最终经过国际斡旋，哈马斯与以色列达成一致。
以军：临时停火结束后
将立即恢复打击行动
当地时间25日，加沙地带整体局势较为平静。但据巴勒斯坦通讯社消息，25日晚间，以军袭击了约旦河西岸城市杰宁，包围了红新月会的办公地点和当地多家医院，并使用推土机摧毁了大量车辆和基础设施，以军行动造成至少4名巴勒斯坦人死亡，6名巴勒斯坦人受伤。
《以色列时报》25日晚报道，以色列国防军总参谋长表示，以军将在临时停火期间进行休整，临时停火结束后将立即恢复在加沙地带的打击行动。哈马斯方面对此暂无回应。
（来源：央视军事、CCTV-13《新闻直播间》）
主编：刘倩
本期责编：张梦雨",2023/11/26 14:41,北京,1,wangyi
12,伦敦大游行吁加沙“真正停火”,"参考消息网11月26日报道 据法新社11月25日报道，数万名英国人25日再次走上伦敦街头支持巴勒斯坦人，呼吁在加沙实现持久停火。
在以色列与哈马斯之间的冲突已经发生7周后，英国首都的动员活动没有减弱。
报道称，游行队伍于正午时分出发，向伦敦市中心的白厅行进。人们手持数百面巴勒斯坦国旗和写有“停止轰炸加沙”、“结束围困”等字样的标语牌。
24岁的阿拉·哈桑在卫生部门工作，她坚定地表示：“作为阿拉伯人、穆斯林以及作为一个人，我来到这里是为了捍卫巴勒斯坦人及其生存、呼吸和自由的权利。”
她说：“对加沙的占领必须结束，我们想要的是真正的停火，而不仅仅是4天的休战。”
报道引用现年56岁的格雷厄姆·富德的话说，他对媒体和英国政府描述伦敦游行的方式“表示失望”，其中包括前内政大臣苏拉·布雷弗曼将这些动员描述为“仇恨游行”。
报道说，布雷弗曼以其挑衅性言论而闻名，11月中旬，她因批评警方在每周于首都举行的这些大规模游行中的行动而被解职。
整个周末，伦敦动员了1500多名警察，并从英国其他城市调来近500名增援警察。
报道还说，现任内政大臣詹姆斯·克莱弗利在社交网站X（前身为推特）上表示，一名手持纳粹标志标语牌的男子在示威活动开始时被捕。（编译/林晓轩）",2023/11/26 17:15,北京,1,wangyi
13,内塔尼亚胡说过，以色列部队要长期驻守加沙，要无限期接管加沙,"加沙地带冲突升级：和平之路在何方？
加沙地带，这片狭小的土地，多年来饱受战火摧残，民众生活困苦。如今，以色列和哈马斯之间的冲突再次升级，让这片土地更加动荡不安。如果双方无法达成妥协，冲突持续升级，哈马斯可能面临被“团灭”的命运。然而，以色列也无法从中获得安生，哈马斯式的袭击隐患将时刻存在，让整个地区陷入恶性循环。
以色列和哈马斯之间的矛盾源于历史、宗教和领土等多方面原因，短期内难以化解。以色列作为强势一方，采取军事手段打击哈马斯，试图将其驱逐出境。而哈马斯则以游击战的方式，不断对以色列进行袭击，以表达对以色列占领政策的抗议。这种恶性循环已经持续了多年，造成了无数无辜平民的死伤。
在这个问题上，国际社会应当发挥积极作用，推动双方实现和平对话。然而，长期以来，中东地区的和平进程一直受到诸多外部因素的干扰，使得和平之路异常艰难。此间，伊朗等中东大国的作用尤为重要。如果这些国家能够积极介入，推动以色列和哈马斯走向谈判桌，或许能为这片饱受战火的土地带来一线生机。
然而，现实情况并不乐观。以色列和哈马斯之间的矛盾深重，双方都缺乏妥协的意愿。在此背景下，外部力量的干预变得尤为关键。正如土耳其宣布进驻加沙地带，部署野战医院并为难民提供援助，这一行动在国际社会中引起了广泛关注。其他国家，尤其是有能力影响以色列和哈马斯的国家，也应积极参与其中，共同为推动和平进程贡献力量。
从长远来看，解决加沙地带的冲突，需要从根源上化解以色列和哈马斯之间的矛盾。这包括双方在领土、安全等问题上的妥协，以及国际社会的积极调解。在此过程中，中东大国应承担起责任，推动和平进程向前发展。
我们期待，在各方共同努力下，加沙地带的冲突能够得到缓解，和平之路不再遥远。这片土地上的人们，有权过上安定的生活，远离战火和硝烟。只有实现和平，加沙地带的民众才能真正迎来新的生活。
在此，我们呼吁国际社会，尤其是中东地区的大国，积极参与和平进程，为推动以色列和哈马斯之间的对话与合作贡献力量。让我们共同努力，为加沙地带的和平与安宁注入希望。因为，只有这样，我们才能创造出一个更加美好的未来。",2023/11/26 22:47,湖南,1,wangyi
14,强硬！马斯克宣布捐赠加沙,"马斯克捐赠加沙：英勇的正义之举或公关策略？
近日，特斯拉CEO马斯克在社交媒体上宣布，将把推特上的广告收入全部捐赠给加沙受苦受难的人民。这一举动一时间引起了广泛关注，有人称赞他英勇站出来支持正义，也有人质疑他是在炒作公关。无论动机如何，马斯克的这一决定无疑将他推向了风口浪尖。
加沙地区近期冲突不断，民众生活困苦，亟需援助。马斯克在此时力排众议，公开表达了对加沙人民的支持，这一举动值得我们敬佩。然而，马斯克此举真的是出于人道关怀，还是为了其他目的呢？
首先，我们必须认识到，马斯克作为全球知名企业家，他的言行举止都受到广泛关注。此次捐赠加沙，无论出于何种动机，都将提高他在全球范围内的知名度。这位商界大佬一直以求新求变、敢于挑战权威著称，此次捐款无疑再次巩固了他的形象。
其次，马斯克此次捐款有可能是在炒作公关。近年来，马斯克及其企业特斯拉多次成为舆论焦点，无论是正面还是负面的新闻，都让这位企业家陷入了争议。此次捐赠加沙，也有可能是一种公关策略，旨在转移视线，缓解特斯拉近期面临的压力。
此外，马斯克此次捐赠加沙也可能与其个人价值观有关。作为一个拥有丰富人生经历的企业家，马斯克曾多次表达了对人类未来发展的关注。他此次站出来支持加沙人民，也许是出于对人道主义的坚守，也许是为了唤起更多人关注这一地区的冲突和苦难。
然而，无论是出于人道关怀，还是公关策略，我们都不能忽视这样一个事实：马斯克的捐赠行为在一定程度上选择了与以色列及犹太财团对立。在美国，支持和援助巴勒斯坦人民的声音一直存在，但敢于公开站出来的人却寥寥无几。马斯克此次捐款，展现了他敢于直面争议的勇气。
然而，捐款事件背后，我们更应该思考的是如何解决中东地区的冲突，以及如何让加沙人民走出困境。马斯克此次捐赠，虽然传递出了一种支持正义的声音，但解决这一地区的问题，并非一蹴而就。
总之，马斯克捐赠加沙的举动，无论是出于人道关怀，还是公关策略，都值得我们关注。在这个充满冲突和战争的世界，我们需要更多有影响力的人物站出来，关注弱势群体，为和平与正义发声。同时，我们也期待马斯克及其他企业家能够充分发挥自身影响力，为推动中东地区的和平进程贡献力量。
最后，让我们再次关注马斯克的这一英勇举动，期待更多有识之士加入到支持正义的行列，为加沙人民带来希望与光明。也希望马斯克能够将这一精神贯彻到他的企业及个人行为中，为人类社会的进步作出更多贡献。",2023/11/27 4:20,广东,1,wangyi
15,加沙地带：补充天然气,"新华社照片，加沙，2023年11月26日
11月25日，在加沙地带南部城市汗尤尼斯，巴勒斯坦人在充完天然气后准备返回。
联合国人道主义事务和谐厅24日发表声明说，临时停火协议生效后，200辆运载救援物资的卡车被派往拉法口岸。此外，12.9万升燃料和4卡车天然气当天也进入加沙地带，21名危重病人得以从加沙地带北部撤离。
新华社发（亚西尔·库迪摄）
11月25日，在加沙地带南部城市汗尤尼斯，人们为天然气罐充气。
11月25日，在加沙地带南部城市汗尤尼斯，人们排队等待为天然气罐充气。",2023/11/27 5:12,广东,1,wangyi
16,加沙离和平还有多远？,"潮新闻客户端编辑钟融融余金叶
品新闻，聊话题，识冷暖。夜晚潮回，一起重温今日热点。
四明湖水杉图源视觉中国
11月25日，“习近平生态文明思想浙江论坛”开幕式在金华举行。
浙江扎实践行习近平生态文明思想打造生态文明绿色发展标杆之地
从崇拜自然到改造自然、征服自然，再到顺应自然，人与自然的关系随经济社会发展而演变。当前浙江要建设的现代化，是人与自然和谐共生的现代化。
重磅！浙江生态省建设20周年成果发布
11月25日，“习近平生态文明思想浙江论坛”开幕式举行，会上发布浙江生态省建设二十周年成果。
假如绿色有声音……
20年来，绿色的声音奏响在浙江大地，这个代表勃勃生机的美好颜色，正成为浙江发展最动人的色彩。
第二届全球数字贸易博览会正在杭州如火如荼进行。
数贸会现场，有哪些新鲜事？
数贸体验官：1秒拍下196张照片用3D手办留存回忆
通过一组3D云阵相机，一秒钟就能收集信息，随后建成一个二次元的数字人，最后再通过全彩3D打印技术，制作一个真人的迷你彩色手办。
你好，数贸会：印度记者表示最常用的中国产品是手机App
经营电动毛绒玩具的老板娘孙丽娟托记者向来自印度的记者Abhishek送上了一只电动洋娃娃并提出了两个问题，一起来听听他们聊了些什么。
潮评丨浙江慧眼识“数贸”，搭台引得活水来
在数字贸易的大潮中，一系列先行探索让“浙江路径”更加清晰，数字经济也因此成为浙江抢占产业新赛道、培育经济新增长点的重要力量。
11月24日，在拉法口岸埃及一侧，巴勒斯坦人等待进入加沙地带。图源新华社
当地时间11月24日，随着加沙地带临时停火协议正式生效，巴勒斯坦伊斯兰抵抗运动（哈马斯）与以色列完成第一轮被扣押人员的交换。
巴以双方完成第一轮被扣押人员交换联合国扩大加沙地带援助规模
自停火开始以来，加沙地带南部的上空十分平静，以色列飞机似乎已完全撤出加沙地带南部上空，包括侦察机和战机。
以军发言人：不会停止对哈马斯的军事行动
以色列国防军发言人哈加里表示，交换被扣押人员期间以军只是暂停军事行动。以军不会停止对哈马斯的军事行动，直至哈马斯被消灭，所有被扣押人员都被释放。
以色列外交部：获释外籍人员在医院接受检查
以色列外交部宣布10名泰国公民和1名菲律宾公民24日早些时候被巴勒斯坦伊斯兰抵抗运动（哈马斯）释放。目前他们已抵达以色列特拉维夫的沙米尔医疗中心，接受医学检查。
加沙地带停火协议正式生效，能否迎来地区和平？
为何卡塔尔能成为本轮巴以冲突的调停者？此次临时停火协议的达成有何原因？停火协议生效后，能否迎来地区和平？",2023/11/27 5:44,广东,1,wangyi
17,加沙隔离墙：巴勒斯坦居民究竟如何生活？揭秘加沙地带生存秘诀,"阅读此文前，诚邀您点击一下“关注”按钮，方便以后持续为您推送此类文章，同时也便于您进行讨论与分享，您的支持是我们坚持创作的动力~
文|糖葫芦
编辑|t
2023年10月，新一轮的巴以冲突将全世界的目光都吸引到了一个位于中东地区的特殊地带——加沙地区。
虽然这里在名义上是属于巴勒斯坦人的土地，但这片区域却处在以色列的包围和监视之下。在本轮冲突爆发之后，加沙地带的居民也遭到了以色列军队的狂轰滥炸。
战局的不断发展，越来越多关于加沙地带的新闻被其他媒体记者曝光了出来。人们开始愈发地关心起了加沙地带普通民众的生存状况。直到这个时候大家才逐渐意识到：加沙地带的民众在国际社会之中根本无法发声。
为了尽快帮助加沙地带的民众摆脱被以色列方面围困的局面，国际社会上的各个国家和组织都开始不计成本地为加沙民众提供必要的生活物资，他们的生存状态也成为了媒体关注的焦点。
那么，作为一个处在以色列重重包围之下的特殊地区加沙地带的民众究竟是如何生活的呢？以色列的重重围困又给他们的生活带来了哪些改变和困难呢？这些当下的困难未来又究竟有没有改变的可能呢？
（正在接受救助的巴勒斯坦民众）
接下来，就让我们慢慢地道来。
特殊的加沙地带
由于加沙地带几乎每次都会成为巴以冲突的核心地区，今天的人们一听到这个地区的名字就会下意识地想到战乱和屠杀。几乎所有的人都没有意识到：这里曾经是一个中东地区少有的富饶地带。
加沙地带本身就处在中东地区的海岸线上，历史上这里曾经出现过非常繁荣的外贸行业。每一个统治加沙地区的政权都会将加沙地带作为一个重要的外贸港口来发展。
甚至今天，以色列通过各种蚕食鲸吞的方式来占领加沙地带也是为了逐步夺取加沙的地理位置所带来的经济利益。
（橄榄植株）
曾经的加沙地带以盛产橄榄而闻名，每年都有大批的商船来到加沙将橄榄运往欧洲市场。因此，在犹太人没有到来之前，加沙地带的民众过得其实是非常滋润的。
但1948年，一些流散在世界各地的犹太人在苏联和美国两个超级大国的支持下建立了以色列国，加沙地带和整个欧洲的历史就被完全改变了。
加沙地带在法理上曾经隶属于埃及，1988年11月，巴勒斯坦建国以后加沙地带就和约旦河西岸的区域一起成为了巴勒斯坦的领土。
（加沙隔离墙边的巴勒斯坦民众）
但由于战争的缘故最终他却成为了巴勒斯坦武装组织的栖身之地。目前这里处在被以色列封锁的状态之中。不得已之下，那些生活在加沙地带的民众，只能采取一些方法来缓解自己的生活困难。
坦白地来说，加沙民众寻找生存之路的过程非常不顺利。因为在这个过程当中他们不仅会遭受到来自地理环境的考验，甚至还会时不时面对从以色列方向扫射而来的子弹。
在经过了几十上百次的尝试之后，加沙地带的民众最终放弃了从陆地建立生存通道的想法，他们将自己的目光看向了脚下的那片土地。
（加沙南部的巴勒斯坦民众）
加沙的“地下经济带”
由于以色列在地面上对加沙地带的居民进行了全方位的封锁。至就连普通的加沙居民出海打鱼，都会遭到以色列海岸警卫部队的严密监视。
一般情况下，只要加沙居民的船只驶离了海岸线超过八公里，就会遭到以色列军队的武装警告。因为以色列不允许任何加沙地带的居民擅自离开这里。
无可奈何之下，加沙地带的居民只能够通过挖地道的方式与外界取得联系。如今的加沙地带已经形成了一套庞大且复杂的地下交通网络。
（以色列修建的“隔离墙”）
如今加沙地带的地下网络可以直接通往埃及与巴勒斯坦交界的拉法口岸，因此，加沙地区民众的生存物资绝大多数也来自于埃及境内。
根据一些居住在加沙南部城市的居民介绍，如果巴勒斯坦和以色列不交战他们甚至可以从埃及境内的肯德基点餐。对方会根据他们的要求把食物通过地道送进去。
当然，由于加沙地带本身就处在以色列军队的重重封锁之中，进入加沙地带就意味着当事人自身也要面临生命危险，相关物资的配送费用并不是普通巴勒斯坦人能够承担得起的。
（加沙南部的拉法口岸）
因此，往往会有一些巴勒斯坦人将彼此的钱聚集在一起，从埃及境内购买一些物资，然后再进行分配或售卖。
如今，在战火之中仍然坚强经营的那些加沙地带的店铺十有八九就是靠着这些地道当中的物资来维持运转的。大家对此也有着一种不可明说的默契。
由于加沙地带的地道承载着维护本地经济和社会运转的重要使命，多年以来，哈马斯的成员们和加沙地带的居民对相关的地道进行了精心的布置。
（隔离墙边的以色列哨位）
曾经有一位英国媒体的记者探访过加沙地带的地道网络。通过镜头人们才发现，加沙地带的地道分为上下几层，每一层都有独立的通风系统和运输任务。
如此一来，即便是在最为艰难的时刻，这些地道当中的物资也可以缓解一部分加沙居民的生存难题。但这一切其实都是以色列人强行封锁造成的结果。
除此之外，一些居住在加沙地带的居民有时候也会偷偷地通过地道跑到埃及境内参加演唱会和其他的大型文娱活动。这种消遣模式几乎已经成为了巴勒斯坦人生活中的常态。
（正在迁移的加沙民众）
曾经的加沙居民尝试过在境外好心人士的帮助之下建立供水站和供电站，但这些设施在不久之后就被以色列国防军的导弹给摧毁了。
这使得绝大多数的加沙居民彻底失去了自力更生的能力。他们绝大多数的生存资源都只能依赖脚下的地道。
在本轮的巴以冲突爆发之后，以色列国防军几乎在攻入加沙地带的第一时间就毒死了所有他们能够见到的地道口。因为这些地道口随时都能给他们带来杀身之祸。
（加沙地带的民众）
甚至一些以色列军事学者认为，哈马斯在本轮巴以冲突之中用来袭击以色列的火箭弹也大多是通过这些地道运进加沙地带的。
当然，除了地道之外还有一些加沙地带的居民会选择进入以色列打工来挣取生活费。他们干着被以色列本地人瞧不起的脏活累活，收入却远远不及以色列公民。
在绝大多数时候，这些进入以色列打工的巴勒斯坦公民还会遭到当地犹太人群体的排挤和歧视。为了能够维持自己和家人的生活，他们必须默默地忍受着这一切。
（已经被曝光的加沙地道）
曾经有一位巴勒斯坦的居民在面对媒体的镜头时无奈地说道：“我们并没有在第二次世界大战当中屠杀过犹太人，我们也不是刽子手希特勒的亲戚，可我们却在自己的土地上变成了难民。”
这位巴勒斯坦居民的话语代表了绝大多数加沙地带民众的心情。当所有生活在加沙地带的民众生存条件变得越来越苛刻，甚至让他们无法继续生存时，奋起反抗也就成为了他们唯一的选择。
（正在地道中忙碌的加沙居民）
无可奈何的反抗
上个月7日，盘踞在加沙地带的哈马斯组织对以色列发动了猛烈的攻击。这场被称为阿克萨洪水的军事行动很快就给加沙地带带来了毁灭性的后果。
但其实居住在这里的人们早就为即将到来的战争做好了准备。先前被用作贸易运输通道的地道迅速就被规划成为了军事堡垒，哈马斯的成员们穿梭其中，让以色列国防军无从下手。
靠着四通八达的交通网络哈马斯的战斗人员可以轻轻松松地抵达加沙城内的任何一个地方，以色列人却始终抓不到他们的踪迹。
（哈马斯地武装人员）
11月初，一名来自英国的新闻记者曾经探访过加沙地带的地道。此刻的地道已经没有了往日经济大动脉的样子，地道两旁的墙上全都是阵亡烈士的照片。
每一个战士在抵达地道口准备作战的时候，都会先注视一下两旁的烈士照片，或许过不了多久，他们的照片也会出现在这些墙面上。
在地道当中，这名英国记者还见到了一些被哈马斯成员储存起来的物资和弹药。虽然哈马斯成员没有告诉他这些弹药具体的来源和运输渠道，但哈马斯显然可以依靠这些地道与以色列持续作战。
即便是作为一名西方媒体的记者，这位采访者在面对视死如归的哈马斯成员时依然激动的情难自已。
（处在战乱之中的加沙地带）
从某种意义上来说，他所处的那一套地道系统正是加沙地带的生命线。这既是居住在加沙地带的巴勒斯坦人对现实的妥协，也是他们在以色列压迫之下所做出的无奈的选择。
如果以色列没有对加沙地带进行长时间、大规模的封锁，这里本可以成为中东地区最为富庶的地带之一。
如果几十万加沙地带的人们有其他方法可以体面地活下去，谁又愿意在暗无天日的地道里勉强求生呢？但如今发生在加沙地带的一切，却是所有巴勒斯坦人不得不面对的悲惨现实。
（加沙地道中的外卖）
曾经有一位巴勒斯坦男孩在媒体的镜头前悲戚地说道：“所有在加沙的孩子都注定长不大。”这句话的背后充满了辛酸与无奈。
不过，目前以色列和西方国家的虚伪面孔已经因为他们在冲突中的表现逐渐暴露在了世人的面前。当西方集团的影响力逐渐衰落的时候，加沙地带的民众或许就能过上正常的生活了。
相信在新的时代背景之下，住在加沙地带的数百万巴勒斯坦人终将能够看见希望的曙光。时间也对今天在加沙地带所发生的一切基于最为公正和客观的评价。
参考文献：
1.战争磨炼加沙人生存技能 新华社
2.加沙地带的生命线——地道 新华社
3.以军轰炸地道切断加沙生命线 新京报
4.Gaza's Tunnels, Now Used to Attack Israel, Began as Economic Lifelines",2023/11/27 17:36,河南,1,wangyi
18,加沙边境惨案！以军向试图返回加沙北部的民众开枪，已致7人受伤,"前言
在加沙地带，停火的表面下涌动着无尽的不安，就在人们以为冲突走向平静之际，一场深夜的事件再次点燃了整个地区的烽火。报道揭示了停火协议刚刚生效，以色列军队竟对试图返回北部加沙地带的巴勒斯坦民众开火的情景。7名巴勒斯坦人身负伤痛，而这并非和平的交替，而是血色的延续。
“临时停火”是一个虚幻的词汇。
尽管各方为实现这个目标付出了努力，但这个深夜的事件再次证明，现实往往残酷而扑朔。以色列军队的射击行为激起了人们对于停火协议实际执行的怀疑，也凸显了在这片被战火摧残的土地上，要实现真正的和平需要更多的努力。这不只是一场对巴勒斯坦人的冷漠射击，更是对整个停火努力的冷嘲热讽。
这起事件无疑将社会和政治的复杂纠葛推向了聚光灯下。停火看似是政治协商的结果，但实际上却是一场社会和政治交汇的狭缝。这场血腥的事件让人们重新审视这个地区，深深揭示了背后潜在的社会与政治紧张，以及一场持续战争的阴影。
停火的可行性：理想与现实的考验
停火的概念总是美好的，然而，理想的和平在实际执行中却充满了曲折。这场事件引发了人们对停火协议的可行性的质疑。究竟是不是每一场停火都只是短暂的平静，而暴风雨之后仍会有更加猛烈的冲突？这场深夜的射击事件让人们对于和平的幻想再度碎裂，也让对于持久和解的信仰动摇。
尽管某些时刻可能会给人以安宁的错觉，但这场事件无疑是一个惊人的提醒——冲突并未真正结束。即便表面上看起来风平浪静，实际上，冷枪仍在夜空中响彻，不安宁仍在这片土地上徘徊。这或许只是冲突的休息，而非和平的到来。
政治棋局中的和平谋略。
停火协议在政治的棋局中扮演了一种权谋的角色。在各方的博弈中，和平往往成为政治智慧的象征。然而，深夜的事件再次揭示了和平在权谋中的脆弱性，政治的悬念使得和平的未来更加扑朔迷离。
对于这场深夜的冷枪事件，世界似乎显得冷漠。远离战火的地方仿佛忘却了那片遥远的土地上，人们仍在为生存而奋战。这种冷漠背后隐藏着对于世界和平的深深担忧，对于这个地区的忽视或许正是问题的根源。
未来的迷途：和平的道路
停火协议的实现并非终点，而是通向和平的一条途径。然而，这个途径充满了未知数，未来在迷途中徘徊。这场深夜的事件让我们思考，未来的道路将何去何从，和平是否真的是唯一的归途？
纠结的结局：和平的边缘
在深夜的冷枪声中，和平的结局变得更加纠结。停火是一场过程，而不是最终的结果。和平或许永远在冲突的边缘徘徊，纠结在矛盾的交汇处。这个结局是开启新篇章的开始，还是历史的继续，或许只能由时间来揭晓。
这片土地上的每一滴血都在述说着一个不断纠结的故事，而和平，或许只是这个故事中的一个标点。而争议，将一直陪伴着这个故事，伴随着每一次的决断，直至故事的最后一页。",2023/11/28 1:31,广东,1,wangyi
19,世界紧盯加沙停火能否延续,"●本报驻埃及特派记者 黄培昭●本报特约记者 陶短房 甄翔 柳玉鹏
以色列和巴勒斯坦伊斯兰抵抗运动（哈马斯）在加沙地带为期4天的停火协议，将于当地时间28日上午结束。27日，停火协议已进入结束前的最后24小时。哈马斯此前发表声明称，寻求延长临时停火协议。不过，以色列总理内塔尼亚胡仅同意哈马斯释放人质每增加10人，停火就延长一天。他还说，只要停火结束，以方就会“重新全力以赴实施消灭哈马斯的目标”。在停火协议结束后，以色列和哈马斯究竟是会继续停火，还是恢复开战？巴以局势又将迎来新的关键节点。在这一紧急时刻，国际社会呼吁双方延长停火的呼声不断。中国外交部27日宣布，中国作为联合国安理会本月轮值主席国，将于11月29日举行安理会巴以问题高级别会议，中共中央政治局委员、外交部长王毅将赴纽约主持安理会会议。外交部发言人汪文斌当天在记者会上表示，通向和平的步子再小也值得积极鼓励，保护平民的困难再大也应当努力克服。
停火协议进入最后一天
“加沙停火协议进入最后一天，各方努力延长停火期限。”卡塔尔半岛电视台27日在网站首页的大标题这样写道。报道称，以色列和哈马斯26日完成了第三批被拘押人员的互换工作，同时国际社会纷纷呼吁尽可能延长即将到期的临时停火协议。哈马斯释放了13名以色列人、1名俄罗斯人和3名泰国人，以色列随后释放了39名被拘押的巴勒斯坦“囚犯”，全部是儿童。
据法新社27日统计，截至当天，以色列和哈马斯共进行了3批拘押人员的交换，以方共释放了117名巴勒斯坦在押人员，哈马斯释放了63名人质。报道称，当地时间27日凌晨，以色列称已收到哈马斯提交的最新一批被拘押人员交换名单，但双方就这一名单产生了分歧。半岛电视台当天引述消息人士的话称，双方对名单中的几个人和释放的人数有争议，目前正在谈判。
更令世界关注的是，随着停火进入最后一天，这一停火协议能否继续延长。美国有线电视新闻网（CNN）称，哈马斯和以色列双方均对延长停火表达出兴趣。当地时间26日晚间，哈马斯发表声明，称正寻求在4天停火期结束后延长临时停火协议，将“通过努力使以色列方面释放更多巴勒斯坦被扣押人员”。对此，CNN援引以色列消息人士的话称，以色列内阁已于26日晚间召开会议，讨论延长停火协议的可能性。该消息人士称，停火延期条件与协议最初的规定保持不变。
27日，以色列政府发言人利维表示，以方已给哈马斯“延长停火协议的选择”，在未来几天释放其余人质。以色列总理内塔尼亚胡前一天同美国总统拜登通电话时也再次表示，哈马斯释放人质每增加10人，停火就将延长一天。
不过，许多中东媒体担忧，以色列现在的暂时停火，可能完全是为了人质。在其目的达到后，以色列很可能恢复对加沙的军事打击，甚至可能变本加厉。据《以色列时报》报道，内塔尼亚胡26日前往加沙地带北部视察以军，这是新一轮巴以冲突爆发以来内塔尼亚胡首次前往加沙地带视察以军。内塔尼亚胡在视察时称：“对这场战争，我们有3个目标：除掉哈马斯、让我们的所有人质回来以及确保加沙不再对以色列构成任何威胁。”他说，“我们将坚持到底，直到胜利……我们将实现战争中的所有目标。”
此外，停火能否延续也面临一些具体问题。作为以色列与哈马斯停火协议调停人的卡塔尔首相兼外交大臣穆罕默德26日接受英国《金融时报》采访时表示，可能还有40多名人质被加沙地带的其他巴勒斯坦武装组织扣押。他说，“哈马斯必须找到并释放这些人，停火才可能延长。”他同时担忧地称，“从我们的角度来看，我们希望看到这场战争完全停止，并找出解决以色列安全担忧的方案，但到目前为止，以方唯一愿意就任何延续停火进行谈判的条件，只与人质有关。”
中方推动停火止战最新举措
以色列和哈马斯是否能延续停火尚不确定，国际社会对延长停火的呼声不断。27日，众多国际媒体纷纷报道王毅将于29日赴纽约主持联合国安理会巴以问题高级别会议的消息。法新社称，这是中国落实国家主席习近平日前在金砖国家领导人巴以问题特别视频峰会上关于“尽快召开更具权威性的国际和会”呼吁的一个举措。
中国外交部发言人汪文斌27日表示，作为安理会本月轮值主席国，中国希望通过举行安理会巴以问题高级别会议，推动各方深入交流，凝聚共识，为缓解加沙地区人道主义危机，实现停火止战，保护平民，最终通过“两国方案”推动巴勒斯坦问题全面、公正、持久解决进一步采取切实行动，作出应有的贡献。
“国际社会敦促以色列和哈马斯延续停火的呼声越来越高，”路透社27日称，随着加沙停火协议即将结束，国际社会对以色列和哈马斯施加越来越大的压力。卡塔尔外交部发言人表示，希望停火时间延长，从而能够“更严肃地讨论”释放其余人质问题，同时确保援助物资能顺利进入加沙地带。卡塔尔首相兼外交大臣穆罕默德警告称，以色列宣称的从加沙地带铲除哈马斯的目标是“不现实的”，“这场战争的持续不会摧毁哈马斯，只会助推极端主义和激进言论。我们需要一个政治解决方案，确保巴勒斯坦人民和以色列人民的安全”。
在西方，美国总统拜登当地时间26日发表讲话称，停火协议带来了“拯救生命”的成果，他将致力于延长停火协议。他称，“这项协议是可以延续的……我们的目标是让停火持续到明天以后，让更多人质获释，并向加沙需要帮助的人提供更多人道主义援助。”欧盟外交与安全政策高级代表博雷利27日称，加沙地带的临时停火协议是“重要的第一步”。他呼吁，这一停火协议“必须被延长”，且成为“持久的”停火协议，以便“寻求政治解决方案，打破暴力循环”。
“这场冲突不可能在军事上解决”
美国有线电视新闻网（CNN）27日称，从短期来看，以色列和哈马斯都有理由延续停火协议。以色列总理内塔尼亚胡一直受到来自人质家属的压力，随着更多人质被释放，他的压力会得到一定程度的缓解。报道称，现在的问题是，促成该协议的利益交换将持续多久？随着停火协议即将结束，战争随时可能再次爆发，巴以局势“将变得更加棘手和代价昂贵”。
美国“政治新闻网”称，随着以色列和哈马斯释放更多人质，脆弱的加沙停火似乎得以维持。而且在巴以新一轮大规模冲突爆发后，拜登的民调支持率持续下滑，这促使他不断施压要求以色列延长停火。但与此同时，内塔尼亚胡在国内受到极右翼盟友的猛烈抨击，认为任何停火都是“给哈马斯扩大战斗争取时间”。在美国，共和党也激烈反对延长停火。美国前总统国家安全事务助理博尔顿声称，停火协议是哈马斯“对以色列和美国实施的心理战，试图分散以色列对消灭哈马斯的注意力”。
法新社称，国际社会越来越不愿看到加沙继续陷入人道主义危机。报道引述专家的话称，时间对以色列不利。实际上，以军在此前对加沙数十天的轰炸和袭击中没有解救出一名人质。与此同时，以方又不想因为停火而丧失军事上的进攻态势。一名以色列军官担忧称，停火时间越长，哈马斯就会有更多时间“重新积累实力”。该军官直言，以色列正面临“可怕的困境”。报道还称，作为以色列最关键支持方的拜登政府明年将迎来总统大选，不可能继续支持以色列对加沙发动好几个月没完没了的战争，所以拜登政府会想办法“下坡”。报道称，“无论如何，这场冲突不可能在军事上解决，赢不了”。▲",2023/11/28 7:02,北京,1,wangyi
20,加沙停火协议延长两天！,"据央视新闻报道，11月27日是以色列与巴勒斯坦伊斯兰抵抗运动（哈马斯）达成临时停火协议生效的第四天。当天，双方同意将临时停火协议延长两天。
卡塔尔外交部发言人安萨里27日宣布，哈马斯和以色列同意将之前达成的临时停火协议延长两天。
另据半岛电视台援引哈马斯方面的表态称，加沙地带临时停火协议已确认将延长两天，停火条件与之前的相同。
综合以色列《国土报》及半岛电视台27日消息，以色列方面已有官员证实临时停火协议将延长两天，未来两天每天将有10名以色列被扣押人员获释。
据以色列军队电台当地时间11月28日凌晨援引以色列总理办公室消息源报道，以色列已收到巴勒斯坦伊斯兰抵抗运动（哈马斯）计划释放的新一批以色列被扣押人员名单，以方正在对其进行核查，信息已转达给相关人员家属。
另据《耶路撒冷邮报》援引美媒报道，名单上有10人，但以色列总理办公室尚未对此作出回应。
当地时间11月24日上午7时（北京时间13时），哈马斯和以色列在加沙地带的停火协议正式生效，停火为期4天。
据阿拉比亚电视台当地时间27日晚报道，红十字国际委员会已开始接收第四批被哈马斯扣押的以色列人。
以色列国防军当晚发表声明称，在特种部队和空军的护送下，加沙地带临时停火期间第四批获释的以方人员已抵达以色列。本次共有11名以色列人获释，其中包括9名儿童、2名妇女。根据卡塔尔外交部发言人的消息，这11名以色列人中3人拥有法国国籍、2人拥有德国国籍、6人拥有阿根廷国籍。
此外，阿拉比亚电视台当晚报道称，红十字国际委员会工作组已抵达位于约旦河西岸的以色列奥弗监狱，接收第四批获释的巴勒斯坦人，本次将有33名巴勒斯坦人被释放。
哈马斯27日再释放11名人质。图为哈马斯武装分子将几名人质交给国
当地时间27日，联合国秘书长古特雷斯在回答记者提问时表示，以色列和哈马斯同意将临时停火协议延长两天，为加沙局势带来了“一丝希望”。
他希望这两天的停火可以让更多人道主义物资进入加沙地带。但他也强调，即便有两天停火，人道援助也无法满足加沙人民的需求。
据央视新闻报道，加沙地带27日整体局势较为平静。但据巴勒斯坦通讯社报道，26日在加沙地带中部，有巴勒斯坦人遭到以军袭击。同时，从26日至27日，以军继续袭击约旦河西岸多地，并与巴勒斯坦人发生冲突。
巴勒斯坦通讯社援引巴勒斯坦红新月会的消息报道说，26日，在加沙地带中部的迈加齐难民营附近，部分巴勒斯坦民众遭到以军袭击，导致1人死亡，1人受伤。目前以色列军方暂未就这一事件作出回应。
在约旦河西岸，当地时间27日凌晨，以军进入希伯伦北部的阿鲁卜难民营，逮捕了一名巴勒斯坦青年。此前在26日，以军在该难民营与巴勒斯坦人发生冲突，以军使用了实弹、眩晕手榴弹和催泪瓦斯。26日，以军还闯入拉姆安拉以北的贾拉尊难民营，逮捕了一名当地人。同一天，在杰宁附近一处军事检查站，以军在检查当地民众车辆时与其发生冲突，并发射了催泪瓦斯。
据《以色列时报》当地时间11月28日凌晨报道，以色列政府当天批准了一项总额超过300亿新谢克尔（约合81亿美元）的预算调整案。
以色列财政部长比撒列·斯莫特里赫此前表示，该调整案将2023年度以色列剩余的国家预算优先用于战事需求，约170亿新谢克尔将用于国防军事需求，135亿新谢克尔将用于战时民用需求。
来源丨综合",2023/11/28 12:52,广东,1,wangyi
21,加沙地带多个地标建筑被摧毁,"来源：央视新闻客户端
据半岛电视台当地时间11月28日报道，自10月7日巴以冲突爆发以来，加沙地带多个地标建筑，包括文化和教育中心被以军袭击摧毁。其中包括拉沙德·沙瓦文化中心、伊斯兰大学等。（总台记者 张卓雅）",2023/11/28 17:35,北京,1,wangyi
22,加沙停火延长两天,"巴勒斯坦伊斯兰抵抗运动（哈马斯）和以色列分别于27日和28日凌晨释放第四批被扣押人员。卡塔尔外交部27日说，哈马斯和以色列已同意将加沙地带人道主义停火协议延长两天。哈马斯同日发表声明，证实这一说法。包括联合国在内的国际社会欢迎停火延长，但联合国秘书长安东尼奥·古特雷斯说，鉴于加沙地带人道主义危机严重，停火仅延长两天无法满足当地民众需求。
卡塔尔外交部发言人27日在社交媒体上说，一项旨在“将加沙地带人道主义停火延长两天”的协议已达成。哈马斯同日发表声明说，已同埃及和卡塔尔达成协议，将加沙地带停火期限延长两天。
以色列和哈马斯达成的临时停火协议24日7时生效，为期四天。
以色列军方27日晚发表声明说，已接收巴勒斯坦伊斯兰抵抗运动（哈马斯）释放的第四批被扣押人员。声明说，被释放的11名以色列人当晚经由红十字国际委员会被移交给以色列国防军。他们将在军方陪同下接受初步情况评估，直到与家人团聚。
以色列军队电台28日援引以色列总理办公室消息报道，基于延长的停火协议，以色列政府收到哈马斯将于28日释放的被扣押人员名单。美国阿克西奥斯新闻网站报道，这份名单包括10名被扣押人员。
就停火延长，古特雷斯表示，这如同在“战争的黑暗中”让加沙地带“一瞥希望与人性”，但由于这一地区人道主义危机不断加剧，两天无法满足加沙民众需求。“我强烈希望（停火延长）能使我们向加沙地带遭受痛苦的民众提供更多人道主义援助。”古特雷斯说。
据新华社",2023/11/29 0:22,北京,1,wangyi
23,加沙城内的铁饭碗,"加沙城一个四口之家，如果都在“联合国近东巴勒斯坦难民署”登记为难民，那么月收入就是4000美元，折合人民币2.86万，年收入34万还没有所得税，他们的孩子也是天生的难民，世袭这个身份意味着一笔稳定的收入，所以难民身份其实是铁饭碗“编制”，挣钱嘛不丢人。
如何永远抱紧这个铁饭碗呢？那就是拒绝任何建国方案，拒绝任何“按劳分配”的经济制度，想方设法博得外界的“同情”并持续打赏，最主要的方法就是和以色列打斗，同时培养一个业务精湛的宣传部门。",2023/11/29 0:59,上海,1,wangyi
24,“星链将用于加沙地带”,"据路透社11月27日报道，以色列27日接待了埃隆·马斯克，称已原则上同意加沙地带使用马斯克的太空探究技术公司的“星链”卫星互联网通信。
报道称，以色列总统伊萨克·赫尔佐格已安排27日下午会见马斯克。赫尔佐格的办公室说，被哈马斯扣押的以色列人亲属将参加他们的会面。
以色列总理内塔尼亚胡的办公室表示，内塔尼亚胡也定于27日会见马斯克，讨论人工智能的安全问题。他们还将举行在线讨论直播。
报道称，马斯克在10月份提议用“星链”卫星互联网支持在遭受停电的加沙地带与“国际公认的援助组织”保持通信联系。
当时，以色列通信部长什洛莫·卡尔希表示反对，称“哈马斯会利用它来进行恐惧活动”。
报道称，卡尔希27日表示，以色列和马斯克已原则上达成协议，“‘星链’卫星设备只能在以色列通信部批准的情况下在以色列运行，包括加沙地带”。
卡尔希在社交媒体平台X上表示，他希望马斯克此次以色列之行“将成为通向未来事业的跳板”。",2023/11/29 4:45,广东,1,wangyi
25,加沙：排队加油,11月28日，在加沙地带南部城市汗尤尼斯一加油站，人们排队等待补充燃料。 以色列政府与巴勒斯坦伊斯兰抵抗运动（哈马斯）达成的停火协议24日正式生效。停火期间，以方允许加沙地带每天接收13万升燃油，但这与该地区超过100万升燃油日需求量相比，可谓杯水车薪。 新华社发（亚西尔·库迪摄）,2023/11/29 10:42,北京,1,wangyi
26,以色列国防军继续警告加沙民众不要前往加沙地带北部,"来源：央视新闻客户端
当地时间29日，以色列国防军在社交媒体发文，继续警告加沙地带的巴勒斯坦人不要前往加沙地带北部地区。以军在文中称，“不要试图前往加沙地带北部，目前那里是战区。”（总台记者 魏然）",2023/11/29 18:03,北京,1,wangyi
27,加沙医院多名婴儿死在病床上,"图源：环球网军事
近日，一名记者在重返加沙医院时，发现多名婴儿死在病床上，这一场景令人痛心疾首。这些婴儿的离世，让人们再次关注到战争背后的人道主义危机。
据了解，以色列军队在冲突期间曾要求医护人员在撤离时留下婴儿。这一要求在表面上看似是为了保护婴儿，但实际上却在现实中导致了更多的悲剧。这让人们不禁质疑，在战争和人道之间，该如何取舍？
加沙地区的冲突源于以色列和巴勒斯坦之间的土地争端。长期的土地争夺使得民众生活在水深火热之中，医疗资源严重不足。冲突导致了加沙地区人道主义危机的加剧。医疗设施受损，民众生活困苦，基本物资短缺。在这样的环境下，无辜的平民，尤其是婴幼儿，成为了冲突的牺牲品。
无论是在战争还是和平时期，尊重生命都是最基本的人道原则。冲突双方应尽最大努力保护无辜平民的生命安全，尤其是妇女和儿童。冲突双方应严格遵守国际人道主义法，避免攻击医疗机构、医护人员和民用设施。
结语：加沙婴儿之殇再次警示我们，战争对于平民的摧残是巨大的。在这个世界，仍有无数无辜的平民在战火中挣扎求生。让我们共同努力，呼吁和平、反对战争，为这些人带去希望和光明。在此，我们向所有为和平付出的英勇医护工作者和志愿者致敬，他们是在战火中守护生命的天使。",2023/11/29 20:22,河北,1,wangyi
28,西媒见闻：休战期间的加沙人,"参考消息网11月29日报道 据西班牙《国家报》网站11月25日报道，加沙人民利用休战开始的机会寻找食物，并试图查明他们的亲人是否还活着。加沙地带南部的居民卡里姆在接受采访时表示：“近50天来，我们第一次享受到自由的气息。”
报道称，11月24日是哈马斯和以色列休战四天的第一天，爆炸和枪声暂时消失了。卡里姆在电话中描述的场景是，成千上万的人在确保不会被轰炸的情况下走上街头。“他们走起路来就像雏鸟在毫无畏惧地学飞。许多人首先想到的是探望或确认家人和朋友的状况，这也是我一天开始时做的第一件事。”卡里姆是一名非政府组织雇员，出于安全原因，他不愿公布自己的详细资料。
自10月7日冲突开始升级至今已有49天。卡里姆说，从那时起，加沙人，尤其是儿童经历了“无法形容的时刻，听到的都是炸弹声、枪声，没有人感到安全”。
他还说：“我们都以为自己可能成为下一个目标，而今天我们正在享受这一刻，为暂时的停战感到高兴。任何事情对我们来说都是享受，哪怕只是去商店买点东西，尽管几乎什么都不剩了。”
报道指出，根据哈马斯地方当局提供的数字，在这块面积仅有365平方公里的巴勒斯坦领土上，挤着230万人口，其中有14800多人死于以色列的袭击，无法享受战争中的片刻平静。（编译/刘丽菲）",2023/11/29 20:37,北京,1,wangyi
29,以色列继续清理加沙地带,"2023年10月27日晚上，以色列国防军对加沙地带发动大规模地面攻势，以色列总理内塔尼亚胡宣布以色列—哈马斯战争进入第二阶段，目的是消灭哈马斯并救出人质
10月
10月27日晚，以色列国防军对加沙地带的拜特哈农和布雷杰镇发动大规模地面攻击。。 10月28日，以色列表示，前一晚部署在加沙地带的部队仍在加沙附近。以色列国防军宣布正在加沙地带“扩大地面行动”。以色列总理本杰明·内塔尼亚胡表示“战争的第二阶段已经开始”，以色列军方再次呼吁加沙居民撤离北部。
以色列国防军三轴推进，同时空袭和炮击强度加大。10月29日，以色列士兵占领了加沙地带的一座小镇，并在镇上升起了以色列国旗。
10月30日，以色列国防军封锁了萨拉丁大道，该路是连接加沙地带北部和南部的主要通道。此外，在加沙市附近还发现了以色列坦克。一名当地居民告诉法新社，以色列人“切断了萨拉赫丁大道，并向任何试图沿该公路行驶的车辆开火”。一段视频显示，一辆以色列坦克向一辆试图掉头的出租车开火，该出租车车顶插着白旗。以色列军方发言人表示：“以色列国防军没有收到任何证据证明这是一辆民用汽车，也没有关于车内人员的信息。” 当天，在辛贝特和摩萨德的协助下，一名被绑架的以色列国防军列兵在以色列国防军领导的一次行动中被释放。10月30日，伊宰·丁·卡桑烈士旅和民族抵抗旅在加沙西北部与以色列军队交战。与此同时，民族抵抗旅还用重型迫击炮弹轰炸了以色列车辆。
11月
11月1日，以色列国防军称有16名士兵死亡，其中15人在加沙境内丧生，1人在巴勒斯坦领土境外丧生。11月2日，以色列国防军全面包围加沙城。
11月5日，以色列国防军报告称，在加沙地带的战斗中，有29名士兵死亡，一名士兵重伤。
11月11日，拜特哈嫩附近的一条隧道内发生爆炸，造成包括一名少校在内的四名以色列国防军军官死亡，另有四人受伤。所有伤亡人员均来自第697预备役旅第551 营的火箭。",2023/11/30 11:18,广东,1,wangyi
30,停火中的加沙城,这是11月29日拍摄的停火中的加沙城一角。 卡塔尔外交部27日说，哈马斯和以色列已同意将加沙地带人道主义停火协议延长两天。 新华社发（穆罕默德·阿里摄）,2023/11/30 12:17,北京,1,wangyi
31,加沙地带临时停火再次延长,"据@CCTV国际时讯 微博，11月30日，哈马斯发表声明表示，临时停火将延长一天。
此前，以色列国防军刚刚通过社交媒体表示，“由于斡旋方在释放被扣押人员上的努力，以色列与巴勒斯坦伊斯兰抵抗运动（哈马斯）之间的临时停火将继续延长。”目前双方的临时停火已持续了六天，已完成六批被扣押人员交换。对以军这一表态，目前哈马斯方面暂无正式回应。按照双方此前的协议，加沙地带临时停火应于当地时间今天（30日）早上7点（北京时间下午1点）到期。",2023/11/30 13:27,上海,1,wangyi
32,以色列军队：加沙战争停火暂时延长,"以色列与伊斯兰哈马斯之间加沙战争的停火将延长。这是以色列军方在截止日期前宣布的。这可以换回更多被绑架到加沙地带的人质，并允许更多的人道主义援助进入该地区。
以色列军方：“鉴于调解人的努力以及继续营救人质的进程，根据协议条款，军事行动暂停将继续。”
根据哈马斯的说法，停火将延长一天。该恐怖组织表示，它是连续第七天申请。以色列尚未提供任何关于延期期限的信息。此前以色列军队曾表示，加沙战争的目标不会改变--消灭哈马斯恐怖组织，最多停火10天。
停火自上周五(11.24)开始生效。自那时以来，共有70名以色列妇女和儿童以及大约30名其他外国人质获释。作为回报，以色列迄今已从其监狱中释放了210名巴勒斯坦囚犯。",2023/11/30 15:23,福建,1,wangyi
33,以色列女雷锋质问加沙的拉登,"加沙的拉登是谁？就是叶海亚·辛瓦尔。10月7日哈马斯突袭以色列后，以色列发出的第一份全球追杀令就是针对他。
2011年轰动全世界的1026名被以色列关押的巴勒斯坦囚犯，交换1名被哈马斯绑架的以色列士兵，在这1026:1里面，就有这位加沙的“拉登”：叶海亚·辛瓦尔。
图片中间，抱着手持AK47自动步枪的小孩，那位白发者，就是叶海亚·辛瓦尔。
2008年，他在以色列服刑期间，免费接受了犹太人非常高超的医术，手术切除脑部肿瘤，从而生命得以挽救。
2011年以色列国防军士兵吉拉德·沙利特被哈马斯扣为人质五年，在囚犯交换获释的1026名巴勒斯坦囚犯中，叶海亚·辛瓦尔是资历最高的。
叶海亚·辛瓦尔是加沙的实际最高指挥官。哈马斯政治局的领导们都生活在富裕的产油国卡塔尔，这些政治局领导们长年脱离加沙。在加沙的具体事情和军事行动，实际上全部由叶海亚·辛瓦尔全权策划和指挥。所以10月7日后以色列的第一份全球追杀令针对的是他。
在以色列，生活着一些和平活动家。
毛泽东在纪念雷锋的时候说过这句话：“一个人做一件好事不难，难得的是一辈子都做好事。”
这些和平活动家一生都在为巴勒斯坦人民做好事。即使退休了，这些人仍然退而不休，毫不为己，专为巴勒斯坦的加沙人做好事。即使年迈体弱了，仍然坚持为加沙人做好事，长年接送需要医疗的加沙人前往以色列医院接受免费的医疗。这些人为自愿参加的慈善团体募集资金，目的就是能够让加沙人得到免费的医疗，而这些和平活动家免费照顾这些来以色列医院看病的加沙人。
这些和平活动家从年轻时代一直到年老，一辈子都在为巴勒斯坦人民做好事，属于标准的雷锋。
哈马斯知道这些人一辈子都在为巴勒斯坦人民做好事，知道这些人有的虽然现在年迈体弱了，仍然利用自己是和平活动家的有利身份，坚持接送需要医疗的加沙人前往以色列医院接受免费的医疗。哈马斯也知道这些人参加针对以色列政府的抗议和集会，替巴勒斯坦人民向以色列政府发出抗议声。
按理来说这些和平活动家属于哈马斯应该团结统战的对象。让这些和平活动家替哈马斯，替巴勒斯坦在国际政治舞台上发声，会取得非常好的效果。但哈马斯的政治头脑，只知道野蛮的打打杀杀，根本就不知道团结一切可以团结的力量，建立统一战线。
哈马斯连自己的内部阵营都始终无法团结。10月7日突袭以色列后，埃及迅速关闭了和加沙的边境口岸，埃及只接收从加沙医院转过来的真正病人和人数极少的拥有双重国籍的加沙人，别的加沙人一概不接收，因为很难区分是平民还是哈马斯。
有些接受和平活动家巨大帮助的加沙人，把和平活动家的家庭地址告诉了哈马斯，方便哈马斯在10月7日那天到和平活动家的家里进行绑架和杀害。
其中一名著名的女性和平活动家，今年74岁的维维安·西尔弗，被哈马斯从家里绑架到加沙后，哈马斯对她实施了杀害和毁尸。
以色列当地时间11月14日，著名的和平活动家维维安·西尔弗的死亡消息最后被确认。
她的遗骸经过很长的时间，才终于得到确认。因为她的遗骸，除了DNA检测，已经没有办法辨认了。
哈马斯把这名74岁的女雷锋杀死了，然后把她的遗体毁尸到无法辨认，最后只能通过DNA检测才得到确认。
还有一对以色列老夫妻，一辈子也都在帮助巴勒斯坦人民，包括帮助巴勒斯坦加沙地带的人到以色列接受免费的医疗。这对老夫妻也是著名的和平活动家。在加沙的很多人都知道这对善良的以色列老夫妻，哈马斯也知道。
但哈马斯照样把这对老夫妻绑架成人质。85岁以色列老妇约赫韦德·利夫希茨已经没有生活自理能力了，在埃及和卡塔尔的斡旋下，于当地时间10月23日晚上，被哈马斯释放。但她83岁的丈夫奥贝德一起被绑架到加沙后，没有关在一起，至今下落不明、生死不明。
这两天，全世界的媒体都在转发这条消息：
这名85岁的和平活动家约赫韦德·利夫希茨描述了在加沙隧道中与叶海亚·辛瓦尔的会面，她就是在那里被关押的。
“我们到达后三到四天，辛瓦尔就和我们在一起了。我问他，对多年来支持和平的人做这样的事，他怎么不感到羞耻。”
“他没有回答，”她补充道，“他沉默了。”
叶海亚·辛瓦尔被这名85岁的女雷锋质问后，沉默不语，说明内心深处也是知道理亏的。
这位加沙的拉登，在以色列监狱里，不仅被犹太人通过开颅手术治疗好了脑肿瘤，还熟练学会了犹太人古老的语言希伯来语，说明他其实也很聪明。
但为什么做这么不得人心的事情呢，连最最基本的政治智慧都没有。因为叶海亚·辛瓦尔他们从小到大都被灌输仇恨异教徒的极端思想洗脑了。只要是异教徒，不管什么身份，都要被仇恨。",2023/11/30 16:11,江苏,1,wangyi
34,马斯克回应被邀请访问加沙,"11月28日，巴勒斯坦伊斯兰抵抗运动（哈马斯）高级官员奥萨马 哈姆丹在黎巴嫩首都贝鲁特参加记者会时向美国企业家马斯克发出访问加沙的邀请。据塔斯社报道，马斯克于28日晚些时候作出回应。
报道称，对于哈马斯发出的邀请，马斯克在社交平台X（原推特）上发帖回应称，“现在那里似乎有点危险，但我相信一个长期繁荣的加沙对各方都有好处。”",2023/11/30 15:58,北京,1,wangyi
35,加沙继续停火！,"这是11月29日拍摄的停火中的加沙城一角。新华社发（穆罕默德·阿里摄）
新华社加沙/耶路撒冷11月30日电 以色列与巴勒斯坦伊斯兰抵抗运动（哈马斯）11月30日早晨分别发表声明说，当天在加沙地带继续停火。
这是临时停火协议延长两天后再次延长。哈马斯高级官员29日表示，哈马斯愿意释放全部在押以色列军人，换取以方释放所有关押在监狱里的巴勒斯坦人。
临时停火再延一天
以色列与哈马斯在加沙地带的临时停火定于当地时间11月30日早晨到期，双方在最后时刻同意停火再延长一天。
据卡塔尔通讯社报道，卡塔尔外交部发言人安萨里30日证实，巴以双方同意将加沙地带人道主义临时停火协议延长一天，条件不变。安萨里还表示，各方正致力于达成永久停火协议。
加沙地带的临时停火协议当地时间24日上午7时正式生效，原定为期4天，双方同意延长两天至30日早晨。停火期间，哈马斯和以色列已分别释放6批被扣押人员。
11月29日，在约旦河西岸城市希伯伦南部的一座村庄，一名获释的巴勒斯坦人（上）与亲人团聚。新华社发（马蒙·沃兹沃兹摄）
巴勒斯坦消息人士告诉新华社记者，以色列30日凌晨释放了第六批巴勒斯坦被扣押人员，他们已乘车离开位于约旦河西岸的奥弗监狱。巴勒斯坦被关押者事务委员会提供给记者的名单显示，被释放人员包括15名未成年人和15名妇女。
根据临时停火协议，以色列允许人道主义援助物资进入加沙地带。
联合国世界粮食计划署28日说，临时停火协议生效以来，这一机构已向加沙地带超过12万居民提供了食品。但为期4天的停火及两天的延长期对缓解食品短缺“不足以产生任何实质性影响”，援助今后必须持续进行，否则加沙地带“很可能陷入饥荒”。
哈马斯准备“全面互换”
正在南非访问的哈马斯高级成员巴塞姆·纳伊姆29日告诉媒体记者，哈马斯正就延长停火“艰难谈判”，并做好释放所扣押的全部以方军人、换取以方释放所有在押巴方人员的准备。
哈马斯曾于2011年与以色列达成协议，用被其俘虏的一名以色列士兵换得以方释放1000余名在押巴勒斯坦人。
11月27日，在耶路撒冷，一名男子从被扣押人员海报前走过。新华社记者陈君清摄
美联社分析，随着哈马斯已释放绝大多数被扣押在加沙地带的妇女儿童，其与以色列之间互换被扣押人员的谈判变得愈发艰难。在关于释放以色列成年男性和军人的问题上，哈马斯希望争取到更多在押巴方人员获释。
据巴方数据，以色列现阶段关押约7200名巴勒斯坦人，包括本轮巴以冲突爆发以来逮捕的约2000人。按照现阶段执行的停火协议，哈马斯每释放1名以色列妇女或儿童，以色列释放3名巴勒斯坦人。
以色列：消灭哈马斯目标不变
哈马斯释放约百名被扣押人员后，以色列军方认为，仍有大约145人被扣押在加沙地带。据美联社报道，这其中包括数十名以色列军人。
哈马斯30日早些时候称，以方拒绝了哈马斯提供的第七批释放人员名单，其中包括7名妇女儿童和3名死于以军在加沙地带轰炸行动的被扣人员遗体。以方暂未予以回应。
另据法新社报道，以色列军方先前表示，已对哈马斯所称一名10个月大的婴儿、其4岁哥哥和母亲三人死于加沙地带的说法展开调查。
11月18日，以色列总理内塔尼亚胡在特拉维夫出席记者招待会。新华社/基尼图片社
以总理内塔尼亚胡29日发表视频声明说，以军将在停火结束后恢复军事行动，直至消灭哈马斯。以军方当天发表声明说，以军总参谋长哈莱维在南方司令部总部会议上批准了停火结束后加沙地带的作战计划，称“已为下一阶段做好准备”。以国防部长加兰特在另一份声明中说，以军已“做好立即恢复战斗的准备”。
“两国方案”是唯一出路
本轮巴以冲突造成大量平民伤亡，导致严重人道主义灾难，国际社会高度关注。11月30日，中国外交部发布《中国关于解决巴以冲突的立场文件》，提出五点建议：全面停火止战；切实保护平民；确保人道主义救援；加大外交斡旋以及寻求政治解决。
作为联合国安理会本月轮值主席国，中方一直将巴以冲突作为最紧迫问题。中方在主持通过本轮冲突升级以来第一份安理会决议后，11月29日进一步召开高级别会议，回应国际社会的强烈呼声。近20个国家的外长和高级别代表出席会议。
11月15日，在位于纽约的联合国总部，安理会就涉巴以局势的决议草案进行表决。新华社发（联合国供图/洛伊·费利佩摄）
中共中央政治局委员、外交部长王毅在安理会巴以问题高级别会议后会见记者。针对媒体问及中方对推动根本解决巴勒斯坦问题有何建议，王毅表示，“两国方案”是解决巴勒斯坦问题的唯一出路。解决巴勒斯坦问题缺的不是宏大的方案和口号，而是主持公道的勇气和行动。“两国方案”是国际正义的底线，不能后退。
中方呼吁尽快召开更大规模、更具权威、更有实效的国际和平会议，进一步凝聚促和共识，并制定具体路线图和时间表，推动巴勒斯坦问题得到全面、公正、持久解决。
11月28日，在位于纽约的联合国总部，巴勒斯坦常驻联合国观察员曼苏尔（屏幕上和讲台上）在就巴勒斯坦问题举行的年度辩论会上发表讲话。新华社发（联合国供图/洛伊·费利佩摄）
11月29日是“声援巴勒斯坦人民国际日”。联大主席丹尼斯·弗朗西斯与联合国秘书长古特雷斯11月28日呼吁国际社会共同努力，落实“两国方案”，尽快结束巴以冲突。(记者：柳伟建、吕迎旭、王卓伦、张天朗、汪强、王建刚、谢锷、尚绪谦、陈立希、胡若愚、惠晓霜；编辑：陈丹、乔颖、马骁)",2023/11/30 17:25,北京,1,wangyi
36,加沙哈马斯迎来重大利好,"以色列考虑将哈马斯大规模驱逐出加沙
以色列正在考虑允许数千名哈马斯低层成员离开加沙地带并接受流亡到另一个国家。
该提案不包括高级领导层，以色列同意不在外国领土上杀害他们。",2023/11/30 18:10,上海,1,wangyi
37,西班牙首相：加沙的情况“不可接受”,"参考消息网11月30日报道 据路透社11月30日报道，西班牙首相佩德罗·桑切斯30日表示，鉴于加沙平民的伤亡人数，他怀疑以色列是否遵守了国际人道法。
报道称，桑切斯在接受西班牙国家电视台采访时说：“我们所看到的镜头画面以及有越来越多的儿童死亡，我非常怀疑（以色列）是否遵守了国际人道法。”
桑切斯还说：“我们所看到的加沙正在发生的情况是不可接受的。”
据法新社此前报道，以色列外交部11月24日召见了西班牙和比利时大使，就两国领导人有关以色列在加沙发动攻势的言论对两国大使“严厉斥责”。
报道称，比利时首相亚历山大·德克罗24日在访问加沙与埃及之间的拉法口岸时说，以色列的“行动需要遵守国际人道主义法”，并且谴责对加沙地带的破坏是“不可接受的”。西班牙首相桑切斯表达了同样的观点，说在巴勒斯坦领土上“滥杀无辜平民”是“完全不可接受的”。两位领导人都呼吁在这个饱受战争蹂躏的地区永久停火。
对此，西班牙外交部迅速作出反应，召见以色列大使，要求后者解释其政府对西班牙首相“不实和不可接受的”指控。（编译/张琳）",2023/11/30 19:51,北京,1,wangyi
38,加沙继续停火 条件不变,"以色列与巴勒斯坦伊斯兰抵抗运动（哈马斯）11月30日早晨分别发表声明说，当天在加沙地带继续停火。这是临时停火协议延长两天后再次延长。哈马斯高级官员29日表示，哈马斯愿意释放全部在押以色列军人，换取以方释放所有关押在监狱里的巴勒斯坦人。
临时停火再延一天
以色列与哈马斯在加沙地带的临时停火定于当地时间11月30日早晨到期，双方在最后时刻同意停火再延长一天。
据卡塔尔通讯社报道，卡塔尔外交部发言人安萨里30日证实，巴以双方同意将加沙地带人道主义临时停火协议延长一天，条件不变。安萨里还表示，各方正致力于达成永久停火协议。
加沙地带的临时停火协议当地时间24日上午7时正式生效，原定为期4天，双方同意延长两天至30日早晨。停火期间，哈马斯和以色列已分别释放6批被扣押人员。
巴勒斯坦消息人士告诉新华社记者，以色列30日凌晨释放了第六批巴勒斯坦被扣押人员，他们已乘车离开位于约旦河西岸的奥弗监狱。巴勒斯坦被关押者事务委员会提供给记者的名单显示，被释放人员包括15名未成年人和15名妇女。
根据临时停火协议，以色列允许人道主义援助物资进入加沙地带。
哈马斯准备“全面互换”
正在南非访问的哈马斯高级成员巴塞姆·纳伊姆29日告诉媒体记者，哈马斯正就延长停火“艰难谈判”，并做好释放所扣押的全部以方军人、换取以方释放所有在押巴方人员的准备。
哈马斯曾于2011年与以色列达成协议，用被其俘虏的一名以色列士兵换得以方释放1000余名在押巴勒斯坦人。
美联社分析，随着哈马斯已释放绝大多数被扣押在加沙地带的妇女儿童，其与以色列之间互换被扣押人员的谈判变得愈发艰难。在关于释放以色列成年男性和军人的问题上，哈马斯希望争取到更多在押巴方人员获释。
据巴方数据，以色列现阶段关押约7200名巴勒斯坦人，包括本轮巴以冲突爆发以来逮捕的约2000人。按照现阶段执行的停火协议，哈马斯每释放1名以色列妇女或儿童，以色列释放3名巴勒斯坦人。
以色列：消灭哈马斯目标不变
哈马斯释放约百名被扣押人员后，以色列军方认为，仍有大约145人被扣押在加沙地带。据美联社报道，这其中包括数十名以色列军人。
哈马斯30日早些时候称，以方拒绝了哈马斯提供的第七批释放人员名单，其中包括7名妇女儿童和3名死于以军在加沙地带轰炸行动的被扣人员遗体。以方暂未予以回应。
以总理内塔尼亚胡29日发表视频声明说，以军将在停火结束后恢复军事行动，直至消灭哈马斯。以军方当天发表声明说，以军总参谋长哈莱维在南方司令部总部会议上批准了停火结束后加沙地带的作战计划，称“已为下一阶段做好准备”。以国防部长加兰特在另一份声明中说，以军已“做好立即恢复战斗的准备”。
据新华社",2023/12/1 0:29,北京,1,wangyi
39,加沙停火期满，以色列成功拦截火箭，加沙再次爆发战斗,"加沙停火期满，以色列成功拦截火箭，加沙再次爆发战斗！
以色列军队发表声明说，他们已经恢复了对加沙地带哈马斯的战斗。以色列军队表示，是哈马斯违反停火协议，向以色列领土开火。以色列军方发言人阿维哈伊·阿德拉尔表示，有一枚火箭从加沙地带发射到加沙边界地区，被“铁穹”系统拦截。
在停火即将结束的前一个小时，以色列表示拦截了一枚来自加沙的火箭，而与哈马斯相关的媒体报道称，在巴勒斯坦飞地北部传来爆炸声和枪声。
就在截止时间前的几分钟，以色列军方说，以色列靠近加沙的地区再次响起了警报声。
哈马斯没有立即作出评论或对发射事件进行宣称。
这次为期七天的休战始于11月24日，已经延长了两次，这使得加沙囚禁的数十名人质与数百名巴勒斯坦囚犯进行了交换，并为人道主义援助物资进入这个被摧毁的飞地创造了条件。
卡塔尔和埃及一直在进行积极的努力，试图延长休战，此前他们已经在周四交换了最新一批8名人质和30名巴勒斯坦囚犯。
以色列此前曾将每天释放10名人质作为最低标准，以暂停其地面进攻和轰炸行动。
在停火到期之前，以色列总理本雅明·内塔尼亚胡的顾问马克·雷格夫在CNN表示：“我们准备好应对所有可能性...没有这样，我们就会重新开始战斗。”
以色列发誓要消灭执政加沙的哈马斯，作为对激进组织10月7日暴行的回应，以色列称武装分子杀死了1200人并劫持了240名人质。
以色列进行了激烈的轰炸和地面入侵作为报复。联合国认可的巴勒斯坦卫生当局称，已有超过15000名加沙人被确认死亡。
周四的释放将休战期间释放的人质总数增至105名，并有240名巴勒斯坦囚犯被释放。
随着囚禁的以色列妇女和儿童减少，延长停火可能需要哈马斯设定释放以色列男性的新条件，包括士兵在内。
而激进组织可能反过来要求交出巴勒斯坦男性囚犯。到目前为止，每释放一名以色列人质，就有三名巴勒斯坦囚犯获释。
据巴勒斯坦媒体今日报道，在加沙地带北部听到爆炸声和枪声，描述在加沙城西北部地区有大量战机和无人机飞行。
同时，据以色列“Walla”网站称，尽管有关加沙地带停火延长的报道，但是在塞德罗特城和吉瓦亚姆、埃弗斯、涅尔等定居点都听到了警报声。",2023/12/1 14:07,黑龙江,1,wangyi
40,以色列猛烈反击，加沙地带再起烽火！,"当地时间12月1日，加沙地带临时停火协议到期后，以色列空袭加沙地带南部。据以色列国防军发表的声明称，巴勒斯坦伊斯兰抵抗运动方面违反了停火协议，向以色列境内开火。该声明还表示，以色列国防军已恢复对加沙地带哈马斯组织的军事打击行动。此外，以军还对加沙地带附近的以色列社区拉响了防空警报，以色列领土遭到多枚自加沙地带发射的火箭弹袭击。
巴勒斯坦消息人士告诉新华社记者，以军已对加沙地带北部、中部和南部多个地区发动空袭，并与巴方武装人员在加沙城等地发生激烈冲突。加沙地带卫生部门消息人士向记者透露，以军当天最新一轮空袭已造成加沙地带至少10人死亡、多人受伤。
目前双方冲突仍在持续，希望国际社会能够尽快调解，让战争早日结束。生命在战争中如此脆弱，我们呼吁所有冲突方停止冲突，尽快恢复和平。让战争早日结束，让人民过上和平安宁的生活。
在加沙地带，人们再次经历了战争的残酷和苦难。随着炮火的响起，无辜的生命在战争的硝烟中消逝。在这个时刻，我们不禁要问：这样的战争究竟带来了什么？
首先，战争给人们带来了无尽的痛苦和苦难。在加沙地带，居民们再次经历着战争的摧残和折磨。他们无处可逃，无路可走，只能默默地承受着这一切。而那些失去亲人的家庭更是痛苦不堪，他们的伤痛将永远无法愈合。
其次，战争给地区带来了不稳定和危险。随着冲突的升级，不仅加沙地带的安全形势更加严峻，以色列的安全也受到了威胁。双方冲突仍在持续，这无疑给这个地区带来了更多的紧张和不安全。
此外，战争也阻碍了和平进程的发展。尽管国际社会多次呼吁双方尽快停止冲突，恢复和平谈判，但目前的情况仍然十分严峻。在这样的背景下，我们不禁要问：和平究竟还有多远？
面对这样的现实，我们呼吁所有冲突方停止冲突，尽快恢复和平。我们希望国际社会能够发挥积极作用，为缓解紧张局势、促进和平进程做出更多努力。同时，我们也希望所有的人都能珍惜生命、珍视和平，让战争早日结束，让人民过上和平安宁的生活。
在这个时刻，我们更应该关注那些在战争中受到伤害的人们。我们应该关注他们的痛苦和苦难，关注他们的需求和权益。我们应该尽一切可能去帮助他们，让他们重新获得生活的希望和勇气。
最后，让我们再次呼吁：停止战争，实现和平！让那些无辜的生命不再受到伤害，让那些无辜的家庭不再承受痛苦。让我们共同努力，为和平而奋斗！",2023/12/1 15:51,贵州,1,wangyi
41,以色列恢复在加沙地带军事行动后 加沙已有32人死亡,据巴勒斯坦官方通讯社“瓦法”当地时间12月1日报道称，自当天以色列恢复对加沙地带巴勒斯坦伊斯兰抵抗运动（哈马斯）的军事行动后，加沙地带已有32人死亡，其中大多数是妇女和儿童。（总台记者 次晓宁）,2023/12/1 18:35,北京,1,wangyi
42,加沙战火重燃，加沙卫生部门：已有32人丧生,"参考消息网12月1日报道 据俄罗斯卫星社12月1日报道，加沙地带卫生部门表示，人道主义停火结束后，1日早上，以色列袭击加沙地带造成的死亡人数已升至32人。
据报道，加沙地带卫生部门称：“停火结束后三小时内，以色列占领者的大规模杀戮造成的死亡人数升至32人，数十人不同程度地受伤，死伤者大多是妇女和儿童。”
另据路透社和美联社报道，以色列军方12月1日宣布，以军战机当天袭击了加沙地带的哈马斯目标。此前持续了七天的停火被打破，加沙地带再次全面爆发战争。
据报道，距离当地时间12月1日上午7时停火到期仅30分钟，以色列军方就宣布发动空袭。以色列方面称，他们在这个时间到来前一小时拦截了从加沙发射的一枚火箭弹。
以军方说，距离停火终止时间还有几分钟的时候，加沙附近的以色列地区再次响起火箭弹警报。
据报道，哈马斯没有立即发表评论，也没有声称对所谓的火箭弹袭击负责。
社交媒体上的图片显示，加沙最大的难民营杰巴利耶难民营上空升起大量黑烟。
加沙地带内政部门说，空袭打击了加沙南部，包括汗尤尼斯以东的阿拜桑阿社区。另一次空袭击中了加沙城西北部的一处住宅。
据报道，在以色列，加沙附近的三个社区农场拉响了警报，警告即将有火箭弹袭来，这表明哈马斯也恢复了袭击。（编译/葛雪蕾 赵菲菲）",2023/12/1 18:47,北京,1,wangyi
43,以军恢复空袭 加沙至少32人丧生,"来源:新华社
新华社加沙12月1日电（记者柳伟建）以色列国防军12月1日恢复对加沙地带空袭。据巴勒斯坦电视台报道，截至目前，空袭已导致至少32名巴勒斯坦人丧生，另有数十人受伤。
当地时间上午7时（北京时间13时），巴勒斯坦伊斯兰抵抗运动（哈马斯）和以色列在加沙地带的临时停火结束。以色列国防军发表声明说，已恢复在加沙地带与哈马斯的战斗。以军说，与加沙地带邻近的以色列社区拉响防空警报，以色列领土遭到多枚自加沙地带发射的火箭弹袭击。以军战机正在打击加沙地带的哈马斯目标。
以色列国防军还发表声明称，为对下一阶段作战做好准备，以军已向加沙地带居民发布了疏散地图。加沙地带在地图中被划分为多个区域以便撤离。
卡塔尔外交部同日发表声明，对“以色列恢复入侵加沙”深表遗憾。声明说，双方的停火谈判仍在持续，卡塔尔将与其他调停者继续斡旋，以实现人道主义临时停火。（参与记者：王卓伦、张天朗、汪强）",2023/12/1 19:02,北京,1,wangyi
44,加沙战火重燃，已有32人丧生,"据俄罗斯卫星社12月1日报道，加沙地带卫生部门表示，人道主义停火结束后，1日早上，以色列袭击加沙地带造成的死亡人数已升至32人。
据报道，加沙地带卫生部门称：“停火结束后三小时内，以色列占领者的大规模杀戮造成的死亡人数升至32人，数十人不同程度地受伤，死伤者大多是妇女和儿童。”
另据路透社和美联社报道，以色列军方12月1日宣布，以军战机当天袭击了加沙地带的哈马斯目标。此前持续了七天的停火被打破，加沙地带再次全面爆发战争。
据报道，距离当地时间12月1日上午7时停火到期仅30分钟，以色列军方就宣布发动空袭。以色列方面称，他们在这个时间到来前一小时拦截了从加沙发射的一枚火箭弹。
以军方说，距离停火终止时间还有几分钟的时候，加沙附近的以色列地区再次响起火箭弹警报。
据报道，哈马斯没有立即发表评论，也没有声称对所谓的火箭弹袭击负责。
社交媒体上的图片显示，加沙最大的难民营杰巴利耶难民营上空升起大量黑烟。
加沙地带内政部门说，空袭打击了加沙南部，包括汗尤尼斯以东的阿拜桑阿社区。另一次空袭击中了加沙城西北部的一处住宅。
据报道，在以色列，加沙附近的三个社区农场拉响了警报，警告即将有火箭弹袭来，这表明哈马斯也恢复了袭击。
来源：参考消息",2023/12/1 20:03,山东,1,wangyi
45,以军恢复空袭 加沙至少32人丧生,"以色列国防军12月1日恢复对加沙地带空袭。据巴勒斯坦电视台报道，截至目前，空袭已导致至少32名巴勒斯坦人丧生，另有数十人受伤。
当地时间上午7时（北京时间13时），巴勒斯坦伊斯兰抵抗运动（哈马斯）和以色列在加沙地带的临时停火结束。以色列国防军发表声明说，已恢复在加沙地带与哈马斯的战斗。以军说，与加沙地带邻近的以色列社区拉响防空警报，以色列领土遭到多枚自加沙地带发射的火箭弹袭击。以军战机正在打击加沙地带的哈马斯目标。
以色列国防军还发表声明称，为对下一阶段作战做好准备，以军已向加沙地带居民发布了疏散地图。加沙地带在地图中被划分为多个区域以便撤离。
卡塔尔外交部同日发表声明，对“以色列恢复入侵加沙”深表遗憾。声明说，双方的停火谈判仍在持续，卡塔尔将与其他调停者继续斡旋，以实现人道主义临时停火。（参与记者：王卓伦、张天朗、汪强）
来源：新华网",2023/12/1 21:02,北京,1,wangyi
46,加沙战火重燃，已有32人丧生,"据巴勒斯坦官方通讯社“瓦法”当地时间12月1日报道称，自当天以色列恢复对加沙地带巴勒斯坦伊斯兰抵抗运动（哈马斯）的军事行动后，加沙地带已有32人死亡，其中大多数是妇女和儿童。
来源丨央视新闻（版权归原作者所有，如有侵权请联系删除）",2023/12/1 21:22,甘肃,1,wangyi
47,加沙暂时停火为何走向尽头？,"星期五早上，以色列和哈马斯之间的战斗重新开始，他们结束了双方之间达成的为期七天的停火协议。在这7天短暂停火期间，人质和囚犯被释放，急需的人道主义援助到达了加沙地带。
那么为什么停火结束了呢？
在停火将于当地时间07：00（格林威治标准时间05：00）结束前一小时，以色列国防军（IDF）报告说，加沙地带附近的社区正在响起警报声，然后生成以军成功拦截了哈马斯从飞地发射的火箭。
一小时后，以色列军方表示战斗已经恢复，指责哈马斯违反了协议条款。
以色列国防军随后表示，其战斗机正在袭击加沙地带的哈马斯目标。
不久之后，以色列总理本雅明·内塔尼亚胡表示，哈马斯不同意释放更多的人质，违反了协议条款。
然而，哈马斯指责以色列恢复战斗，称它拒绝“接受所有释放其他人质的提议”。
它在一份声明中说：“占领者率先决定恢复犯罪侵略，”指责美国总统乔·拜登 “在加沙地带继续犯下犹太复国主义战争罪行”，并 “为以色列开了绿灯”。
该组织承诺，“抵抗运动”将“面对所有战线的侵略并恢复其英勇行动”。
在为期一周的停火期间，内塔尼亚胡一直受到压力，特别是来自其政府中的右翼分子的压力，要求重新开始战争。以色列一直明确表示，一旦协议结束，对哈马斯的打击将重新开始。
尽管如此，仍有希望达成新的协议。迄今为止，卡塔尔在停火谈判中发挥了至关重要的作用。卡塔尔周五证实，谈判仍在继续，“目的是恢复暂时停火”。
战争恢复后，加沙目前的局势如何？
在战斗恢复后的七个小时内，哈马斯管理的卫生部表示，已有60多人丧生。当然哈马斯发布的信息一直水分很大。
爆炸发生后，联合国儿童基金会的詹姆斯·埃尔德（James Elder）在加沙南部的一家医院接受了BBC的采访，称这种情况“令人恐惧”。
他说，这“对人们来说是可怕的”，“你看到他们脸上的恐惧”，并补充说，打击就发生在他所在的设施附近。
他说，医院里挤满了成千上万的人，一些家庭已经在那里的床垫上生活了数周，将停火的结束描述为“每个人都完全害怕的噩梦”。
在停火之前，加沙地带遭到了广泛的破坏，因为以色列对哈马斯10月7日的致命袭击进行了报复行动。
以色列声称使用了10,000多枚炸弹和导弹。BBC分析发现，加沙很多建筑物可能遭受破坏，其中大部分集中在北部。
打击也使人道主义援助陷入停顿。援助机构能够利用战斗的暂停来获得关键的援助，但团队报告说，在他们到达的许多地区发现了破坏和灾难。
接下来会发生什么呢？
尽管谈判仍在继续，并且有希望达成新协议，但目前局势很明显，战争已经恢复。
在加沙地带北部，特别是加沙城周围，进行了数周的激烈战斗之后，以色列军方现在似乎将大部分注意力集中在南部，据报道，那里再次发生空袭。
以色列国防军还绘制了一张加沙地图，分为2000多个区域，据称该地图将用于帮助加沙人民逃离未来的战斗。
以色列在网上发布了这张标有编号区域的地图，并表示这是为了帮助平民为“下一阶段的战争”做准备。
以色列国防军表示，该地图被划分为多个区域，使人们能够“在需要时从特定地点撤离，以确保安全”。
星期五，以色列战斗机在加沙南部最大城市汗尤尼斯以东和以北地区投下传单。传单没有提到任何编号的街区，但阿拉伯语的一条消息告诉四个命名但未编号的地区的居民“立即撤离并前往拉法的避难所”。
在美国国务卿安东尼·布林肯（Antony Blinken）会见以色列官员之后，他坚持认为下一阶段的战争必须确保平民受到保护。
布林肯表示，他已告诉以色列政府，它必须避免巴勒斯坦人进一步大规模流离失所，并避免对医院、发电站和供水设施等关键基础设施的破坏。",2023/12/2 5:45,上海,1,wangyi
48,加沙卫生部门：以军恢复军事行动以来加沙死亡人数已升至178人,据央视新闻，当地时间12月1日晚，加沙卫生部门在其官方社交媒体账号上表示，自当天上午以军恢复在加沙地带的军事行动以来，截至当地时间1日20时，加沙地带的死亡人数已上升至178人，另有589人受伤，其中大多数是妇女和儿童。,2023/12/2 3:01,浙江,1,wangyi
49,被哈马斯高官邀请访问加沙，马斯克访问加沙现状考量安全,"在科技与政治交汇的复杂世界中，埃隆·马斯克这个名字再次成为众多媒体聚光灯下的焦点。这位备受争议的亿万富翁和创业家，因接受了来自巴勒斯坦伊斯兰抵抗运动（哈马斯）高级官员奥萨马·哈姆丹的邀请，而进入了国际政治舞台的中心。
哈姆丹希望马斯克能亲眼目睹以色列对加沙地带居民的影响，这一邀请不仅是对马斯克的考验，也是对整个国际社会的挑战。
邀请背后的深层含义
哈姆丹在贝鲁特的记者会上发出的邀请，并非单纯的访问请求。它反映了深层次的政治动机和地区冲突的复杂性。哈姆丹指责以色列在短期内对加沙地区进行了大规模的军事打击，并且强烈呼吁美国重新考虑其对以色列的支持。这种公开的政治声明，无疑将马斯克置于一个敏感而复杂的地位，考验着他作为企业家与政治观点之间的平衡。
马斯克的访问与回应
马斯克对此表示愿意为加沙的重建提供帮助，这不仅是对加沙人民的支持，也可能是对地区稳定的重要贡献。
马斯克的平衡术
马斯克的这一回应，显示了他在处理复杂国际关系时的谨慎和智慧。他没有直接回应哈姆丹的邀请，而是表达了对加沙长期繁荣的支持。这种回应既体现了对当前局势的理解，也显示了他作为一名企业家避免直接卷入地区冲突的意愿。
马斯克的这种态度，反映了一个更广泛的问题：在全球化时代，企业和个人如何在复杂的国际政治中保持中立和平衡。
加沙地带的临时停火
平衡艺术与未解之谜
埃隆·马斯克的回应和行动，虽然在一定程度上表明了他的立场，但也留下了许多未解之谜。他在国际政治中的角色究竟是什么？他将如何在支持加沙重建的同时保持与以色列的关系？
这些问题的答案，可能不仅影响着马斯克个人的未来，也可能成为影响中东地区乃至全球政治走向的关键因素。而这，正是文章结尾留给读者的深刻思考和无尽的争议。
马斯克影响力的考验
国际社会的反应
国际社会对马斯克的回应也是这一事件中不可忽视的一环。从各国政府到国际组织，从媒体到公众，人们对于马斯克这一政治动作的反应各异。一方面，有人认为马斯克的参与可能为加沙地区带来新的视角和解决方案；
另一方面，也有声音担忧这可能加剧地区的紧张局势，或被某些方面用作政治工具。
加沙地带的未来
马斯克表示愿意为加沙地带的重建提供帮助，这一承诺无疑给加沙地区带来了一线希望。但是，重建的过程充满挑战，包括资金、技术、安全以及政治因素。马斯克的介入能否真正促进加沙地带的长期和平与发展，还有待观察。同时，他的参与也可能成为推动地区和平进程的一个新动力。
中东地区的复杂局势
中东地区的局势历来复杂多变，各种政治、宗教和民族矛盾交织。马斯克的这一举动，插入了这个已经错综复杂的局势中。他的行动和言论将如何影响中东地区的平衡，是一个值得深入探讨的问题。
全球化与个人影响力
马斯克的行为，不仅影响着他自己和他的企业，也可能对全球政治格局产生深远的影响。
未来的不确定性
马斯克的这一举动，无疑为加沙地区乃至整个中东地区的未来增添了一份不确定性。他的每一步行动都可能引起连锁反应，影响地区乃至全球的政治与经济格局。同时，这也为观察者提供了一个独特的视角，去思考在这个全球化、多极化的世界中，一个个人或企业如何能在国际政治中发挥作用，以及这种作用的潜在后果。马斯克的故事，还远未结束，它的发展和结果，将是国际关系和全球政治研究的一个重要案例。
(免责声明）文章描述过程、图片都来源于网络，此文章旨在倡导社会正能量，无低俗等不良引导。如果涉及版权或者人物侵权问题，请及时联系我们，我们将第一时间删除内容！如有事件存疑部分，联系后即刻删除或作出更改。",2023/12/2 5:44,广东,1,wangyi
50,加沙重燃战火令世界揪心,"图片说明： 当地时间12月1日，以色列恢复对加沙地带军事行动后，加沙上空浓烟滚滚。 （IC photo）
本报驻埃及特派记者 黄培昭 任 重
当地时间1日，加沙战火重新燃起。停火协议当天7时到期后，以色列重新展开军事行动，对加沙地带进行空袭和炮击。“很遗憾，哈马斯决定结束停火……现在，它将承受最沉重的打击。”以色列政府一名发言人1日指责巴勒斯坦伊斯兰抵抗运动（哈马斯）未能兑现释放所有被扣押女性的承诺。在距离停火失效约1个小时前，以军方称，其导弹防御系统拦截了一枚从加沙地带发射的火箭弹。而根据哈马斯的说法，是以方拒绝了其为延长停火提出的交换条件。联合国秘书长古特雷斯1日表示，他对以色列和哈马斯恢复敌对行动深感遗憾。联合国人权事务高级专员（人权高专）图尔克称，重新开始战斗是“灾难性的”。巴勒斯坦加沙地带卫生部门说，1日上午已有超过60人死亡。
“加沙平民暂时的喘息结束了”
“随着恢复战斗，我们强调：以色列政府致力于实现战争目标——让我们的人质获释，消灭哈马斯，确保加沙不会再对以色列居民构成威胁。”以总理办公室1日发表声明称。当天，以色列指责哈马斯违反停火协议，并在停火时间到期后重新对加沙发起攻势。以色列国家安全部部长本-格维尔1日强硬地称，以军“必须返回并全力镇压加沙”。
路透社称，社交媒体流传的图片显示，贾巴利亚难民营上空升起大量浓烟。据英国《金融时报》报道，哈马斯媒体办公室1日称，在人口密集的地区，以色列多次空袭的目标是平民住宅。CNN说，以色列国防军1日在位于加沙南部的汗尤尼斯散发传单，将该城市称为“战区”，让当地居民“立即撤离”。它还在社交媒体上公布将加沙划分为数以百计的疏散区域的地图。
“新的战斗标志着加沙平民暂时的喘息结束了。”《金融时报》1日说。汗尤尼斯的居民曼苏尔·舒曼告诉卡塔尔半岛电视台，随着以色列恢复军事行动，他已被“数以万计”的人包围——他们来到纳赛尔医院寻求避难。舒曼目前躲在产房旁的帐篷内，“这里的平民普遍感到焦虑，人们不知道接下来会发生什么”。联合国儿童基金会发言人詹姆斯·埃尔德说，巴勒斯坦人再次感到恐惧。
据CNN报道，在以色列南部一些地区，空袭警报1日时而响起，这表明哈马斯或者是与其结盟的加沙其他武装组织向以色列发射火箭弹或炮弹。半岛电视台说，巴勒斯坦伊斯兰圣战组织（杰哈德）下属的圣城旅1日称，他们当天袭击了以色列城镇，这是为了回应“犹太复国主义敌人在今天早上对我们人民犯下的罪行”。
谈判仍在继续
事实上在停火协议到期之前，多家外媒就提及，延期可能面临巨大挑战。CNN说，对于11月30日释放的人质，哈马斯直到最后一刻都声称在寻找他们时遇到了困难，这一细节凸显停火的不稳定性。谈判代表此前就认为，哈马斯可能无法释放更多女性和儿童人质来将停火延长至第八天。根据达成的协议，哈马斯每天至少释放10名人质，作为交换，以色列每天释放至少30名巴勒斯坦“囚犯”。美联社说，当被问及哈马斯为何在11月30日只释放了8名人质时，哈马斯军方一名发言人称，前一天释放了12人，总人数已经达到以色列的要求。
CNN称，哈马斯1日说，延长停火的谈判彻夜举行，但以色列拒绝了该组织的“所有提议”，包括以老年人、在轰炸中丧生的人质遗体等交换被以色列扣押的巴勒斯坦人。以色列总理办公室回应称，这是哈马斯“基于宣传”目的的说法。以方认为，截至1日，仍有137人被哈马斯扣押，其中126名以色列人，11名外国人。被释放的人质总共110名。
由卡塔尔、埃及参与调解的释放人质谈判仍在进行。卡塔尔外交部1日表示，以色列恢复在加沙地带的军事行动使得各方的调解努力变得更加困难。
布林肯当面施压
“美国寻求重塑以色列对哈马斯的战争。”CNN1日以此为题刊文说，在以色列宣布恢复战斗前，美国向这位盟友施压，要求它保护平民，这是华盛顿在这场50多天的冲突中迄今“最重要的外交举措之一”。
“布林肯警告以色列官员，战争持续时间越长，来自全球的压力就越大。”美国Axios新闻网站引述知情人士的话说，11月30日与以色列“战时内阁”成员会谈时，美国国务卿布林肯要求了解其针对加沙南部的计划，并询问军事行动将持续多久。他得到的回复是，对加沙的军事行动预计“再花费几周以上”。布林肯没有要求以方停止行动，但表达了担忧。
《以色列时报》披露说，布林肯警告以色列无法用几个月的时间来“摧毁”哈马斯，因为拜登政府将面临日益增长的国内和国际压力。据Axios报道，布林肯11月30日在新闻发布会上称，他向以方明确表示，在对加沙南部采取任何军事行动前，以色列必须准备一个保护巴勒斯坦平民的计划，要么指定某些地方是安全区，要么允许加沙北部流离失所的人返回家园。CNN认为，布林肯的语气表明，白宫并未完全相信以色列的保证，即采取一切可能的措施来减少平民伤亡。比如他说，自己告诉以总理内塔尼亚胡，“目的很重要，结果也很重要”。
不过，据以色列《耶路撒冷邮报》报道，哈马斯媒体办公室1日回应停火结束时，指责美国“无视战争法和国际人道主义法，给以色列继续战争开绿灯”，并称巴勒斯坦人有权“以一切手段”自卫，并建立一个以耶路撒冷为首都的巴勒斯坦国。哈马斯一名成员1日告诉半岛电视台，解决方案不是停战，而是结束以色列的占领，“我们花了时间与所有调解人进行对话……但是侵略让一切都停止了”。他说，一些国家并没有准备付出更多努力来结束战争，“美国政府没有对以色列施加太大的压力”。▲",2023/12/2 6:33,北京,1,wangyi
51,以军要求加沙民众向更南方撤离,"参考消息网12月2日报道 综合外媒报道，12月1日，以色列和哈马斯的停火协议到期，双方重燃战火。巴勒斯坦方面称，停火结束以来已有178人丧生。加沙地带南部民众收到了以色列空投的撤退传单，援助卡车也停止进入加沙。
路透社报道，以军1日在加沙地带南部城市汗尤尼斯的东部散发传单，命令当地四个城镇的居民撤离到更南边的拉法。
传单上用阿拉伯语写着：“你们必须立即撤离，前往拉法的避难所。汗尤尼斯是一个危险的战斗地区。你们已经收到警告了。”
报道称，以色列发布了一个地图链接，显示加沙地带分为数百个地区，并称未来将使用该地图来传达哪些地区是安全的。
据俄罗斯卫星社报道，加沙地带卫生部门在社交媒体平台“电报”上表示，12月1日停火期满后，以色列对加沙地带袭击造成死亡人数已达178人。
加沙地带卫生部门称：“自上午到目前为止，以色列对加沙地带侵略已导致178人死亡，另有589人受伤，其中大部分是儿童和妇女。”
据路透社报道，埃及消息人士称，在战争重启后，从拉法口岸进入加沙地带的援助和燃料卡车于1日停运。停火期间，通过拉法过境点提供的援助数量有所增加，但仍远远少于所需数量。
报道称，联合国对加沙冲突重新爆发表示遗憾，称这场敌对行动是“灾难性的”，并敦促各方实现长期停火。联合国秘书长古特雷斯在社交媒体X上发帖说，他对敌对行动的恢复感到遗憾，并希望能够建立新的暂停。联合国儿童基金会呼吁持久停火，称对加沙的冲突不采取行动“是对杀害儿童的认可”。
斡旋方卡塔尔外交部1日表示，仍在与以色列和哈马斯进行谈判，以恢复破裂的暂停协议。卡塔尔外交部在一份声明中说，以色列恢复对加沙的轰炸，使其调解工作变得更加复杂。",2023/12/2 11:51,北京,1,wangyi
52,从战略角度看待加沙战争的结果,"失败的以色列总理本雅明·内塔尼亚胡认为，当前加沙战争的胜利和失败的影响将超越以色列。周一在接受福克斯新闻记者采访时，他说：“我们必须获胜才能保护以色列。我们必须赢得胜利，以保护中东。我们必须为文明世界取得胜利。这是我们正在打的仗，现在还在继续。除了这场胜利，别无选择。我们的战斗就是你们的战斗，除了胜利别无选择。
美国总统拜登以不同的方式提出了相同的内容：“以色列是美国在中东地区唯一和最大的大国。美国和以色列的安全是紧密相连的。
以色列国防部长约阿夫·加兰特上周晚些时候表示，“哈马斯必须被击败，否则以色列将不复存在。
托马斯·弗里德曼是美国国家安全领域的知名人士，他在《纽约时报》的每周专栏文章中写道，击败以色列可能会推翻所有人——美国在西亚轨道上的每个人。
在这种情况下，有几点：
1-事实上
内塔尼亚胡在接受福克斯新闻采访时警告西方人，以色列在战争中的失败将导致西方在亚洲的主要战略和根本解决方案的崩溃，因此他们在任何情况下都不应允许以色列在加沙战争中失败。 二战后，欧美国家的基本战略是通过建立“安全基地”来维持对西亚国家政府和资源的支配原则。 英国和法国监护期对该地区阿拉伯国家的灰烬 它得到了持续，并成为西方外交政策不可动摇的原则。 当时，委托给犹太复国主义者的任务远远超出了在巴勒斯坦土地上建立犹太民族政府，
因此，犹太机构虽然面临重大问题，在巴勒斯坦没有定居的前景，但将其政府从尼罗河扩展到幼发拉底河，换句话说，在整个西亚。西方在这个实体和这片领土上承认了它，并为此付出了巨大的努力。现在，内塔尼亚胡提醒西方人建立以色列是什么样子的。以色列的建立是为了主宰中东并实现西方的利益，其生存取决于加沙战争的胜利。
关键是，出于这个原因，在失败的以色列总理接受福克斯新闻采访前五周，西方人赶到特拉维夫，更仔细地评估局势，并考虑找到解决以色列根本问题的办法。
事实上，在五周后的这次采访中，内塔尼亚胡承认，这种（西方）支持并没有改变局势，以色列的崩溃仍然很有可能。从他的声明中可以清楚地看出，他认为以色列需要的西方支持比西方最近几周给予它的支持要多得多。
2-事实上
西方在支持以色列实体方面面临严峻挑战。挑战在于，与西方的看法相反，支持以色列和实现西方在西亚穆斯林地区的利益，由于以色列的连续失败和对它的仇恨而相互对抗。诚然，西方在该地区创造了“以色列”，以确保其在战略上和长期地在该地区的霸权，但以色列实体和该地区现在所经历的情况并不像西方预期的那样，
因为情况已经不同，随着西方越支持以色列实体，其利益就越受到威胁，以色列现在已经从西方的“合适解决方案”变成了“战略问题”，这就是为什么一些西方高级安全分析家警告说，遵循政策加沙战争中的内塔尼亚胡将加剧西方的问题。
在《纽约时报》的一篇文章中，托马斯·弗里德曼对拜登说：“我们不应该成为内塔尼亚胡战略的牺牲品，因为它可能会打垮所有人——美国在该地区的附属机构，阿拉伯国家。
彭博社周三还写道，美国政府对以色列政府的行为感到担忧，并“对其在打击哈马斯的战争中的行为越来越失望”。 该报补充说，“美国正试图遏制和陷害加沙的冲突，但以色列实体只考虑其在这场战争中的胜利。
美国智库国际与战略研究中心副总裁约翰周三告诉彭博社：“在过去的五十年里，在1973年战争之后，以色列的战争结束了，因为美国进行了干预，并说，'是时候停止了。
在过去的七十年里，西方将其在西亚的政策以色列化，根据维护以色列霸权的原则控制一切。 在此期间，西方人提出了至少34项巩固和维持以色列霸权的综合计划，但西方目前的感觉是，以色列的生存和巩固并没有确保西方在西亚这个特殊的政治经济区域的利益，而是两者之间出现了一种反转的关系。 事实上，这个问题对西方特别是西方人民的动机产生了负面影响，让内塔尼亚胡大为不安和担忧。
上周三，美国研究所“益普索”公布了前几天对美国公民进行的一项调查结果，该调查结果显示，他们中间对以色列的支持程度在两周内发生了奇怪的变化。根据这项民意调查，只有32%的美国公民支持拜登政府对以色列的支持政策，高于两周前的 41%。
与此同时，39%的公民表示美国政府应该在以色列和哈马斯之间的战争中保持中立，而在之前的民意调查中，27%的美国人支持政府在这场战争中保持中立。
在这项民意调查中，68%的美国公民表示以色列应该奉行与哈马斯谈判而不是战争的政策，69%的受访者反对向以色列运送武器。
3-事实上
西方公众在战争中对以色列的支持率下降，与加沙战场局势直接相关。这种下降趋势和内塔尼亚胡乞求西方政府提供更多支持表明以色列在加沙战场上的军事僵局。一些新闻报道表明，大约两周前，美国高级官员告诉内塔尼亚胡政府，它有两周的时间在加沙取得可信的胜利，因此别无选择，只能进行谈判。现在已经过去了两周，内塔尼亚胡周一在接受福克斯新闻采访时坚称，以色列需要更多时间才能在战争中获得战略优势。
大约三周前，内塔尼亚胡在对加沙的地面行动开始时宣布了三个战略目标：消灭哈马斯，释放以色列囚犯，改变加沙的行政地位，换句话说，将加沙政府从哈马斯手中撤出。现在这两个星期已经过去了，以色列军队虽然在战术上占领了加沙北部，面积约150平方公里，但经过海空猛烈轰炸和重型装甲车进入，
并没有实现宣布的三个目标。以色列仍然不知道哈马斯手中有多少囚犯，更不用说他们的名字了，三天前，在占领了据称是哈马斯最重要的军事堡垒的希法医院后，它宣布它无法到达哈马斯部队，在那里也没有发现其俘虏的踪迹。
美国很清楚，以色列无法通过在加沙的军事演习解决问题，因此要求以色列当局放弃对哈马斯的控制，改变加沙的行政地位，释放囚犯进行政治谈判，避免做使局势恶化的事情！虽然以色列实体不相信政治谈判，因为缺乏可信的成就
但它认为在获得囚犯之前进行任何形式的谈判都违背了其安全利益。加兰特的声明是对美国倡议的回应，反映了以色列在这方面的立场。以色列战争部长说：“哈马斯必须被打败，否则以色列将不复存在。
从以色列的角度来看，如果这场战争停止，囚犯仍然掌握在哈马斯手中，这意味着哈马斯已经战胜了以色列。哈马斯在这场战争中的胜利将使军事天平向有利于它的方向倾斜，而牺牲以色列的利益，并将鼓励哈马斯发展一场更大的战争，在这场战争中，巴勒斯坦人将以更高的士气和力量进入加沙、约旦河西岸和耶路撒冷的战场，并完成任务。
失败的以色列总理本雅明·内塔尼亚胡认为，当前加沙战争的胜利和失败的影响将超越以色列。周一在接受福克斯新闻记者采访时，他说：“我们必须获胜才能保护以色列。我们必须赢得胜利，以保护中东。我们必须为文明世界取得胜利。这是我们正在打的仗，现在还在继续。除了这场胜利，别无选择。我们的战斗就是你们的战斗，除了胜利别无选择。
美国总统拜登以不同的方式提出了相同的内容：“以色列是美国在中东地区唯一和最大的大国。美国和以色列的安全是紧密相连的。
以色列国防部长约阿夫·加兰特上周晚些时候表示，“哈马斯必须被击败，否则以色列将不复存在。
托马斯·弗里德曼是美国国家安全领域的知名人士，他在《纽约时报》的每周专栏文章中写道，击败以色列可能会推翻所有人——美国在西亚轨道上的每个人。
在这种情况下，有几点：
1-事实上
内塔尼亚胡在接受福克斯新闻采访时警告西方人，以色列在战争中的失败将导致西方在亚洲的主要战略和根本解决方案的崩溃，因此他们在任何情况下都不应允许以色列在加沙战争中失败。 二战后，欧美国家的基本战略是通过建立“安全基地”来维持对西亚国家政府和资源的支配原则。 英国和法国监护期对该地区阿拉伯国家的灰烬 它得到了持续，并成为西方外交政策不可动摇的原则。 当时，委托给犹太复国主义者的任务远远超出了在巴勒斯坦土地上建立犹太民族政府，
因此，犹太机构虽然面临重大问题，在巴勒斯坦没有定居的前景，但将其政府从尼罗河扩展到幼发拉底河，换句话说，在整个西亚。西方在这个实体和这片领土上承认了它，并为此付出了巨大的努力。现在，内塔尼亚胡提醒西方人建立以色列是什么样子的。以色列的建立是为了主宰中东并实现西方的利益，其生存取决于加沙战争的胜利。
关键是，出于这个原因，在失败的以色列总理接受福克斯新闻采访前五周，西方人赶到特拉维夫，更仔细地评估局势，并考虑找到解决以色列根本问题的办法。
事实上，在五周后的这次采访中，内塔尼亚胡承认，这种（西方）支持并没有改变局势，以色列的崩溃仍然很有可能。从他的声明中可以清楚地看出，他认为以色列需要的西方支持比西方最近几周给予它的支持要多得多。
2-事实上
西方在支持以色列实体方面面临严峻挑战。挑战在于，与西方的看法相反，支持以色列和实现西方在西亚穆斯林地区的利益，由于以色列的连续失败和对它的仇恨而相互对抗。诚然，西方在该地区创造了“以色列”，以确保其在战略上和长期地在该地区的霸权，但以色列实体和该地区现在所经历的情况并不像西方预期的那样，
因为情况已经不同，随着西方越支持以色列实体，其利益就越受到威胁，以色列现在已经从西方的“合适解决方案”变成了“战略问题”，这就是为什么一些西方高级安全分析家警告说，遵循政策加沙战争中的内塔尼亚胡将加剧西方的问题。
在《纽约时报》的一篇文章中，托马斯·弗里德曼对拜登说：“我们不应该成为内塔尼亚胡战略的牺牲品，因为它可能会打垮所有人——美国在该地区的附属机构，阿拉伯国家。
彭博社周三还写道，美国政府对以色列政府的行为感到担忧，并“对其在打击哈马斯的战争中的行为越来越失望”。 该报补充说，“美国正试图遏制和陷害加沙的冲突，但以色列实体只考虑其在这场战争中的胜利。
美国智库国际与战略研究中心副总裁约翰周三告诉彭博社：“在过去的五十年里，在1973年战争之后，以色列的战争结束了，因为美国进行了干预，并说，'是时候停止了。
在过去的七十年里，西方将其在西亚的政策以色列化，根据维护以色列霸权的原则控制一切。 在此期间，西方人提出了至少34项巩固和维持以色列霸权的综合计划，但西方目前的感觉是，以色列的生存和巩固并没有确保西方在西亚这个特殊的政治经济区域的利益，而是两者之间出现了一种反转的关系。 事实上，这个问题对西方特别是西方人民的动机产生了负面影响，让内塔尼亚胡大为不安和担忧。
上周三，美国研究所“益普索”公布了前几天对美国公民进行的一项调查结果，该调查结果显示，他们中间对以色列的支持程度在两周内发生了奇怪的变化。根据这项民意调查，只有32%的美国公民支持拜登政府对以色列的支持政策，高于两周前的 41%。
与此同时，39%的公民表示美国政府应该在以色列和哈马斯之间的战争中保持中立，而在之前的民意调查中，27%的美国人支持政府在这场战争中保持中立。
在这项民意调查中，68%的美国公民表示以色列应该奉行与哈马斯谈判而不是战争的政策，69%的受访者反对向以色列运送武器。
3-事实上
西方公众在战争中对以色列的支持率下降，与加沙战场局势直接相关。这种下降趋势和内塔尼亚胡乞求西方政府提供更多支持表明以色列在加沙战场上的军事僵局。一些新闻报道表明，大约两周前，美国高级官员告诉内塔尼亚胡政府，它有两周的时间在加沙取得可信的胜利，因此别无选择，只能进行谈判。现在已经过去了两周，内塔尼亚胡周一在接受福克斯新闻采访时坚称，以色列需要更多时间才能在战争中获得战略优势。
大约三周前，内塔尼亚胡在对加沙的地面行动开始时宣布了三个战略目标：消灭哈马斯，释放以色列囚犯，改变加沙的行政地位，换句话说，将加沙政府从哈马斯手中撤出。现在这两个星期已经过去了，以色列军队虽然在战术上占领了加沙北部，面积约150平方公里，但经过海空猛烈轰炸和重型装甲车进入，
并没有实现宣布的三个目标。以色列仍然不知道哈马斯手中有多少囚犯，更不用说他们的名字了，三天前，在占领了据称是哈马斯最重要的军事堡垒的希法医院后，它宣布它无法到达哈马斯部队，在那里也没有发现其俘虏的踪迹。
美国很清楚，以色列无法通过在加沙的军事演习解决问题，因此要求以色列当局放弃对哈马斯的控制，改变加沙的行政地位，释放囚犯进行政治谈判，避免做使局势恶化的事情！虽然以色列实体不相信政治谈判，因为缺乏可信的成就
但它认为在获得囚犯之前进行任何形式的谈判都违背了其安全利益。加兰特的声明是对美国倡议的回应，反映了以色列在这方面的立场。以色列战争部长说：“哈马斯必须被打败，否则以色列将不复存在。
从以色列的角度来看，如果这场战争停止，囚犯仍然掌握在哈马斯手中，这意味着哈马斯已经战胜了以色列。哈马斯在这场战争中的胜利将使军事天平向有利于它的方向倾斜，而牺牲以色列的利益，并将鼓励哈马斯发展一场更大的战争，在这场战争中，巴勒斯坦人将以更高的士气和力量进入加沙、约旦河西岸和耶路撒冷的战场，并完成任务。",2023/12/2 12:10,广东,1,wangyi
53,以军猛轰加沙南部哈马斯据点 英国前军官：比加沙城还难攻,"经过7天的临时停火，以色列和巴勒斯坦伊斯兰抵抗运动（哈马斯）12月1日在加沙地带重新交火。据悉，双方互指对方未遵守延长临时停火的协议。一名消息人士透露，由卡塔尔牵头的延长临时停火协议谈判已经破裂，目前来看双方暂时不会再次停火。 在经过一周的短暂停火后，以色列再次对加沙地带发动猛烈轰炸。报道称，当地时间1日晚，加沙南部城市汗尤尼斯遭到迄今为止最猛烈的轰炸，火光照亮了汗尤尼斯的夜空。据报道，以色列军队当地时间1日晚对汗尤尼斯的袭击已造成数十人伤亡。
加沙南部城市汗尤尼斯遭到轰炸
以军发印有二维码的传单告知疏散区
但许多居民无法联网
以色列军方1日开始在汗尤尼斯散发传单，称该地区为“战斗区”，并敦促当地居民“立即撤离”。值得一提的是，汗尤尼斯位于加沙南部，系此前以色列军方划分疏散线以南。据悉，以军散发的传单上还附有一个二维码，居民可以通过扫描二维码进入以色列国防部网站，网站中列有地图，地图中将加沙地带分为上千个编号的区域，并标记了“疏散区”。不过报道同时指出，扫描二维码需要连接互联网。然而在此前持续性轰炸下，加沙地带网络通信设施遭到严重破坏，许多居民无法使用互联网。
除此之外，以军还会向需要撤离的加沙民众发送短信。根据一名居民分享的信息显示，以军称“居住在编号为39、224、2250、2260、2270、2280、2351、132、136、137、138和139区域的居民：以军将对以上区域发动大规模袭击，为了保护你的安全，请迅速撤离”。
刚从较北部地区流浪至汗尤尼斯的库德拉表示，在暂时停火几天后，以军突然发出命令，让我们撤离到更南部、靠近埃及边境的拉法。“从冲突爆发第一天开始，我们就从北部走到中部再到南部，谁知道下一步会怎么样？”库德拉称，自己还是病人，而现在到处都没有水、没有食物、没有良好的生活条件。
另一位流离失所的加沙人苏海拉也在接受采访时表示，自己被突然告知要前往拉法，“我不想去，但是他们（以军）强迫我们去。”
汗尤尼斯现为哈马斯主要据点
可能比加沙城还难打
英国前军官理查德发文指出，以军正在袭击的南部城市汗尤尼斯是哈马斯的主要据点。另有报道称，以色列现在认为哈马斯最高层就藏在加沙南部。以高级国防官员还认为，加沙南部藏着以色列人质。
理查德称，哈马斯在停火期间加强了防御，准备了诸如地雷等爆炸性装置。“（对以军而言）在汗尤尼斯的战斗可能比在加沙城的战斗要难。”理查德解释称，哈马斯没有在加沙地带北部死斗，而是撤到了那里（汗尤尼斯），“汗尤尼斯可能是他们的最后一个站点。”
理查德认为，为躲避袭击，大量加沙北部地区平民迁移到了加沙南部。“尽管以军已经投放了撤离传单，但很多在汗尤尼斯的加沙人可能不会选择离开。这可能让哈马斯有了更多人肉盾牌。”理查德称，这将给以军带来巨大挑战，“平民伤亡越大，以色列面临的国际压力就越大。”
加沙南部城市汗尤尼斯的一条街道
有报道指出，当以色列总理内塔尼亚胡将目标瞄准加沙南部后，其将面临包括美国官员在内的新一轮压力。据联合国一名高级官员最近透露，以色列对加沙北部的袭击，已经造成加沙北部约60%的建筑物被摧毁。
报道称，美国官员现在希望避免再次出现大量平民流离失所的情况。美国方面已向以色列明确表示，以色列不能再在加沙南部发起破坏性同加沙北部相当的行动。
延伸阅读：
布林肯被传""训斥""以色列内阁:只剩几周时间摧毁哈马斯
观察者网消息，综合《以色列时报》、《华盛顿邮报》等报道，当地时间11月30日，“三顾”以色列的美国国务卿安东尼·布林肯当天抵达特拉维夫后，与以方展开了“马拉松式会晤”。
尽管在记者会上，美方对外声明一如既往地展示了对以色列的支持，不过以色列第12频道爆料称，布林肯在与以战时内阁的会议上，“训斥”以色列不得在加沙南部展开像北部那样造成大规模平民伤亡的军事行动，并暗示以色列只有几周，而不是几个月的时间来完成其宣称的摧毁哈马斯的计划，以色列必须改变在加沙南部的战术。
报道还提到，会上美方试图就加沙战后治理问题向以色列施压，结果遭到了以总理内塔尼亚胡的当面“泼冷水”，整场会议充斥着“不寻常的对抗”。
以色列总理内塔尼亚胡前脚刚说，以军将在停火结束后恢复军事行动，直至消灭哈马斯。赶在停火协议到期之际，当地时间11月30日，美国国务卿布林肯两个月来第三次访问以色列，与以方磋商延长停火期限和加大对加沙地带人道主义援助力度。
布林肯在特拉维夫与以色列总理会面 图片来自《以色列时报》
在结束与以总统赫尔佐格的会晤后，布林肯一行又马不停蹄地参加了以色列战时内阁会议。俄媒“今日俄罗斯”（RT）称，会议上的一些话不知怎么的就传到了以色列最受欢迎的商业电视台第12频道，这家媒体在当地时间周四晚间的节目上爆出了会议中一些剑拔弩张的瞬间。
按第12频道的话说，布林肯在这场会议上的诸多发言充满了“指控”的意味，对以色列的军事和政治举动表示了极大的关注和批评，美以双方在会上出现了“不寻常的对抗”。
据其报道，布林肯告诉以色列方面，以色列必须改变对加沙南部的战略，不能再像在北部那样造成严重平民伤亡。
“你们需要减少那些不得不从家中撤离的人数，提高袭击的精确度，不要袭击联合国设施，并确保有足够的保护区。”他补充说，“如果没有呢？那就不要攻击有平民的地方。”
当以色列国防部长约亚夫·加兰特说，尽管需要几个月的时间才能瓦解哈马斯，但整个以色列上下都将团结一致全力支持时，布林肯直接回怼道：“我不认为你有足够的时间额度。”
爆料的内容还显示，布林肯曾就以色列的加沙战后计划向以战时内阁施压。他说，美国理解以色列不希望由巴勒斯坦权力机构管理加沙，但中东地区的其他国家需要知道以色列的计划，因为“扼杀一个想法的最好办法就是提出一个更好的想法”。
结果内塔尼亚胡毫不客气地回道：“只要我还坐在这个位子上，支持、教育和资助‘恐怖主义’的巴勒斯坦当局就不会在哈马斯之后统治加沙。”
布林肯被曝与内塔尼亚胡激烈争吵 截图自以色列第12频道
当天早些时候，布林肯在会见内塔尼亚胡时重申了拜登政府的呼吁，强调必须确保加沙平民的安全，敦促以色列为加沙的巴勒斯坦平民建立安全区，否则以色列国防军不得将其地面行动扩大到加沙南部。
据《华盛顿邮报》报道，结束了周四一整天的会晤后，布林肯在记者会上宣称，以色列政府同意在对加沙南部恢复军事行动之前，制定一项“明确计划”来保护平民。
报道称，布林肯的此次谈话是迄今为止“最强硬”的一次，这一迹象表明美国对以色列施加了“巨大压力”。而尽管美方吹嘘称谈话得到了以色列做出具体保证的有效结果，但来自以色列高层的部分表态似乎又表露出“二心”，对方声称一旦哈马斯停止释放人质，以色列就会放弃执行停火协议，以色列总理办公室发布的会晤声明也未提及相关内容。
以色列前谈判代表丹尼尔·莱维（Daniel Levy）在接受半岛电视台采访时还表示，随着被关押在加沙的平民人数减少，目前的停火协议必须重新谈判。
他不满道：“美国人显然在说，‘嘿，我们支持你继续你的军事任务，但你能以不同的方式来做吗’——在我看来，这听起来像是一个虚伪的立场。为什么有人会相信以色列会采取不同的做法呢？”
与此同时，以色列与哈马斯在加沙地带的临时停火原定当地时间11月30日早晨到期。经卡塔尔等多方斡旋，以色列和哈马斯在停火即将到期时同意第三次延长停火协议，继续停火一天，双方分别释放第七批被扣押人员。
据巴勒斯坦通讯社报道，当地时间11月30日傍晚，巴勒斯坦囚犯事务部门表示，他们收到以方面将于当晚释放第七批巴勒斯坦被扣押人员的名单。名单共30人，包括8名妇女和22名未成年人。
以色列军方30日晚发表声明说，以方已接收6名获释的被扣押人员。当天早些时候，以军方确认被哈马斯释放的另外2名以色列人已经返回以色列。
按照现阶段执行的停火协议，哈马斯每释放1名以色列妇女儿童，以色列释放3名巴勒斯坦人。截至30日，前六批获释被扣押人员中，哈马斯共释放97人，包括73名以色列人（含持双重国籍者）；以色列则释放被其关押在监狱中的210名巴勒斯坦人。
另据巴勒斯坦囚犯协会消息，在加沙地带临时停火的7天里，以色列在约旦河西岸逮捕了260多名巴勒斯坦人。",2023/12/2 15:44,四川,1,wangyi
54,加沙地带卫生部门：以军恢复袭击加沙已致200人死亡,"据加沙地带卫生部门当地时间12月2日早间消息，1日以色列军队恢复对加沙地带的军事行动以来，加沙地带巴勒斯坦人的死亡人数已达200人，另有589人受伤。
当地时间1日上午7时（北京时间13时），巴勒斯坦伊斯兰抵抗运动（哈马斯）和以色列在加沙地带的临时停火结束。
来源丨央视新闻客户端（版权归原作者所有，如有侵权请联系删除）",2023/12/2 17:20,甘肃,1,wangyi
55,巴以冲突再起，加沙再次陷入苦难！,"断暂停火几天之后，巴以双方互相交换了几批人质，国际社会也松了口气，不过和平并没有维持多久，巴以双方又打起来了！
近日以色列和巴勒斯坦哈马斯武装冲突再起，双方互相指责对方违反了停火协议，12月1日哈马斯向以色列境内三处发射了火箭炮。
以色列总理办公室表示，哈马斯没有履行释放所有被扣押妇女的义务，并向以色列发射火箭弹，违反了停火协议。随着冲突的恢复，加沙将再次遭受以色列饱和式攻击。
经过近两个月的较量，哈马斯武装有四万多兵力，以色列动用了大量战略资源，企图彻底歼灭哈马斯，不过哈马斯只折损了2000多人，主体力量并没有受到太大冲击，死伤的大多是加沙的平民。
美国和西方国家的包庇和纵容给了以色列继续战斗的底气，联合国秘书长古特雷斯尽管做了大量工作，但是在美国的阻挠下，并没有能够真正对以色列形成有效制约，这场冲突毫无疑问将会继续进行下去，现在的国际法已经形同虚设，以色列没有受到任何制裁，二战后形成的国际秩序已经走到了十字路口！",2023/12/2 21:13,安徽,1,wangyi
56,加沙地带卫生部门：以色列对加沙袭击造成死亡人数已升至193人,"12月2日， 加沙地带卫生部门发言人齐德拉表示，自12月1日为止，以色列对加沙地带袭击造成的死亡人数已达193人，超650人受伤。
齐德拉在新闻发布会上称：“停火期满后第一天，以色列的袭击造成193人死亡，另有652人不同程度受伤。”
据他介绍，自10月7日以来，以色列袭击共导致1.52多万人死亡，4.06万人受伤。
以色列与哈马斯的休战12月1日早上7时到期。以色列国防军1日早上指控哈马斯违反停火，并宣布恢复对加加沙地带的军事行动。
以色列与实际控制加沙地带的哈马斯此前达成为期四天的休战，休战期间，哈马斯用释放人质换取以方释放巴勒斯坦人囚犯，以方允许每天约200辆卡车将包括燃料在内的紧急人道物资运入加沙地带。休战11月24日7时开始，后被两次延长，分别延长2天和1天。",2023/12/2 22:20,广西,1,wangyi
57,加沙突发：“超百人死亡”,"据巴勒斯坦官方通讯社“瓦法”当地时间12月2日报道，当天加沙地带北部杰巴利耶难民营一座安置流离失所人员的房屋遭到以军军机轰炸，已造成超过100人死亡。
央视新闻报道配图
目前以色列方面对此暂无回应。
央视新闻报道截图
来源 | 央视新闻客户端",2023/12/2 22:46,北京,1,wangyi
58,加沙地带卫生部门：以军袭击加沙地带致死人数超1.52万,"巴勒斯坦加沙地带卫生部门当天发表声明说，自10月7日本轮巴以冲突爆发以来，以军在加沙地带的军事行动已造成15207名巴勒斯坦人死亡、4万余人受伤。死伤者中有70%是妇女和儿童。
12月2日，在加沙地带南部城市汗尤尼斯，人们查看以军空袭后受损路面。 新华社发（亚西尔·库迪摄）
12月2日，在加沙地带南部城市汗尤尼斯，人们经过以军空袭后受损路面。 新华社发（亚西尔·库迪摄）
（来源：新华社）",2023/12/3 0:43,湖北,1,wangyi
59,以色列在加沙陷入被动,"以色列狂轰滥炸，加沙平民伤亡惨重。
今天谈一谈巴以冲突。实际上现在发展到这个形势，以色列已经有些被动了。以色列前期狂轰乱炸，结果却导致了大量的加沙平民伤亡，可能炸死的百分之八九十都是加沙平民，哈马斯被消灭的可能不到百分之十。
以色列的坦克看着挺威风，结果在加沙的巷战当中至少被哈马斯摧毁了数十辆。以色列宣布的是阵亡了三百多名军人，但是大家懂得都懂，这个数据肯定是被缩小了的。
总的来说，主要是在加沙城的废墟当中，以色列军队找不着哈马斯，乱打一气。包括出动军犬也很难找出哈马斯的身影。这些从以色列的作战视频当中，就可以看出很少有哈马斯的身影。而在哈马斯的攻击以军的视频当中可以看出那是明确的在攻击以色列的装甲车辆。这样下去，以色列军队确实会很被动的。
所以这回停火期又延长了几天，只不过接下来这个形势会怎样走？如果以色列不改变战术，可能仍然会被动。大家觉得呢？",2023/12/3 7:38,广东,1,wangyi
60,土耳其总统：加沙不能没有哈马斯,"土耳其总统雷杰普·塔伊普·埃尔多安表示，在加沙地带的冲突中排除伊斯兰抵抗运动（哈马斯）在任何潜在解决方案中是不可行的，并指出双方国家的解决是在该地区实现和平的唯一选择。
土耳其NTV频道援引埃尔多安的话称：“我们需要集中精力解决双方国家问题...排除哈马斯或摧毁哈马斯不是现实的选择。”他补充说他不会将哈马斯列为恐怖组织，类似于一些西方国家的做法。
土耳其总统认为目前以色列的强硬态度使得加沙地带实现和平的机会丧失了，“我们一直强调支持永久停火而不是基于人道主义原因的停火...实现和平曾经有过机会，但遗憾的是，由于以色列的强硬立场，我们失去了这个机会。”这指的是持续了7天的人道主义停火的瓦解。
以色列对埃尔多安的回应并不客气，其外长以利·科亨在社交媒体上表示：“请继续在你的国家接待哈马斯的恐怖分子，他们没有被消灭，而是从加沙逃了出来。”科亨补充说：“我们将从哈马斯手中解放加沙，这是为了以色列的安全，也是为了该地区居民的更美好未来。”
此外，埃尔多安提到了土耳其的一个倡议，他在从阿联酋返回时讨论了这一倡议。他表示这个倡议“仍在准备中”，它涉及到以色列对加沙地带的袭击之后的解决方案。
据俄罗斯《新闻报》引述土耳其外长哈坎·费丹的话称，土耳其的提议是“使一些地区国家成为巴勒斯坦的担保国，其中包括土耳其。其他国家将成为以色列的担保国。”费丹补充说，这些国家将承担执行解决方案条件的责任，并表示该倡议仍在准备阶段，将向更广泛的公众呈现其主要条款。
费丹解释说土耳其提出这个主意是为了使其成为解决方案的主要选择，“如果以色列希望在该地区获得安全，巴勒斯坦人必须有他们自己的国家。只有这样才能确保永久和平。”
另一方面，埃尔多安称以色列总理本雅明·内塔尼亚胡在加沙的屠杀被视为历史上的耻辱，“这个耻辱也污染了支持他的一些国家的面孔，毫无限制和条件地支持他。”
土耳其总统指出以色列的领导者曾自称是大屠杀的受害者，现在变成了像他们祖先一样的杀手。他说所看到的是一场国家恐怖主义行为，我们不能对这种国家恐怖主义保持沉默。
埃尔多安期待国际刑事法院对屠杀犯和加沙的屠夫（以内塔尼亚胡为首）做出必要的惩罚。
值得注意的是，埃尔多安指责以色列在对加沙的袭击中犯下了大屠杀，并取消了原定访问以色列的计划，并宣布内塔尼亚胡“不再是我们可以以任何方式对话的人”。
据加沙卫生部称，自从10月7日袭击开始以来，加沙的死亡人数已经上升至15,207人，伤者达40,652人。",2023/12/3 14:34,黑龙江,1,wangyi
61,加沙地带：临时医院,"12月2日，在加沙地带南部城市汗尤尼斯的一家临时医院内，伤者正在接受治疗。 新华社发（里泽克·阿卜杜勒贾瓦德摄）
这是12月2日在加沙地带南部城市汗尤尼斯的一家临时医院内拍摄的婴儿。 新华社发（里泽克·阿卜杜勒贾瓦德摄）
12月2日，在加沙地带南部城市汗尤尼斯的一家临时医院内，医务人员正在工作。 新华社发（里泽克·阿卜杜勒贾瓦德摄）
这是12月2日在加沙地带南部城市汗尤尼斯拍摄的一家临时医院外景。 新华社发（里泽克·阿卜杜勒贾瓦德摄）",2023/12/3 14:50,北京,1,wangyi
62,以军对加沙地带进行大规模空袭和炮击，以总理：将扩大在加沙地带地面行动,"以色列和巴勒斯坦伊斯兰抵抗运动（哈马斯）在加沙地带的临时停火12月1日结束，以军恢复在加沙地带军事行动。以军12月2日说，袭击了加沙地带400多个目标，其中超过50个位于加沙地带南部的汗尤尼斯及其周边地区。
以色列总理本雅明·内塔尼亚胡2日说，以军将扩大在加沙地带的地面行动，直到实现所有目标。他已指示国防军“以越来越激烈的程度”恢复战斗。
以方称，在7天的临时停火期间，巴勒斯坦武装人员释放了110名被扣押人员，包括24名外国公民，目前仍有137人被扣押在加沙地带。
另据美联社报道，以军发布了一份地图，在加沙地带划出数以百计的编号区块，让加沙居民记清自身所处区块的编号，以根据以方后续发布的撤离预警离开相应区域。以色列还在汗尤尼斯等地空投传单，要求人们撤离。
美联社援引汗尤尼斯居民希克马特·齐德拉的话报道，有邻居接到了建筑将被炸的预警。“我们告诉他们（以色列），‘我们这里什么也没有，为什么要摧毁它？’”然而，房屋依旧被炸毁。
以军发布的地图和空投的传单在加沙地带南部引发混乱。在这里，人们无法去往加沙地带北部，更不可能离开加沙地带。
加沙地带人口目前集中在南部，包括这轮冲突爆发以来大量从北部逃难而来的人。哈马斯10月7日自加沙地带对以色列境内军民目标发动突袭并扣押大量人员，以军随即持续空袭加沙地带并开展地面行动，同时以军事行动为由要求加沙地带北部所有居民撤往南部。
伊马德·哈贾尔一个月前从加沙地带北部逃难到南部。他告诉美联社记者：“我们无处可去，他们（以色列）把我们从（加沙地带）北部赶走，现在又要我们离开南部。”
与此同时，加沙地带武装人员向以色列境内目标发起火箭弹袭击。以色列军方发言人彼得·莱纳说，自临时停火结束后，哈马斯发射了超过250枚火箭弹。以方目前暂无相关伤亡报道。
据《以色列时报》报道，当地时间12月3日早上，以色列军方对整个加沙地带进行大规模空袭和炮击，袭击目标地区包括加沙地带南部城市汗尤尼斯。
来源 | 羊城晚报•羊城派综合央视新闻、新华社
责编 | 谢哲
编辑：谢哲
来源：羊城晚报•羊城派",2023/12/3 17:30,广东,1,wangyi
63,加沙地带卫生部门：以色列袭击加沙造成的死亡人数超过1.55万人,"12月3日，加沙地带卫生部门发言人齐德拉表示，以色列对加沙地带袭击造成的死亡人数已经超过1.55万人，另有逾4.13万人受伤。
他称：“以色列侵略造成的死亡人数增加到15523人，另有41316人受伤，其伤情不一。”
以色列与哈马斯的休战12月1日早上7时到期。以色列国防军1日早上指控哈马斯违反停火，并宣布恢复对加加沙地带的军事行动。",2023/12/3 23:03,广西,1,wangyi
64,加沙地带卫生部门：本轮巴以冲突已致加沙超1.55万人死亡,财联社12月3日电，加沙地带卫生部门当地时间12月3日宣布，自10月7日以来，以色列对加沙地带的袭击已致15523人死亡，41316人受伤。死伤人员中70%为妇女和儿童，281名医护人员丧生。加沙地带卫生部门称，以军破坏了56辆正在工作中的救护车，摧毁了56个卫生机构。加沙地带的26家医院和46个社区保健中心已停止运营。,2023/12/3 23:29,上海,1,wangyi
65,白宫：以色列正在努力保护加沙平民,"一名白宫高级官员表示，他相信以色列正在“努力”减少加沙平民的死亡。
国家安全委员会发言人约翰·柯比在美国周日脱口秀节目中也坚称，美国情报部门并不知道哈马斯 10 月 7 日对以色列发动残酷袭击并引发冲突的任何秘密、先进蓝图。
柯比说：“我们相信他们已经接受了我们关于尽量减少平民伤亡的信息，”包括在网上发布了加沙人可以去寻求安全的地方的地图。 “没有很多现代军队会这样做……以这种方式传达他们的拳头。所以他们正在努力。”
以色列国防军采用了网格化管理的战略，通过绘制加沙的互动地图，将该地带划分为多个小方块，并为每个方块编号。国防军精准地标记即将受到空袭袭击的地区，并向居民发出警告，要求他们在未来几个小时内撤离。",2023/12/4 0:31,广西,1,wangyi
66,以色列不准加沙人用蓄水池储水？加沙幸存者用水陷入绝境,"加沙由于特殊的地理条件，用水本来就是个大问题，冲突爆发之后，以色列断水断电，加剧了加沙用水危机，幸存加沙平民用水问题陷入了绝境。据相关报道，以色列人甚至不准加沙人用蓄水池储水。
前段时间新闻报道，加沙难民营难民每人每天只能获得50毫升的用水配给。50毫升是什么概念？一瓶农夫山泉容量是550毫升，相当于每天每人获得的水量不到一瓶农夫山泉的十分之一，正常人还不够喝一口。
根据联合国数据，加沙大约有五万名孕妇，每天超过180名孕妇分娩，这些孕妇无法获得医疗用品、止痛药、剖腹产的麻醉药和干净水，为了让孩子们多活一天，她们用受了污染的水给新生婴儿冲泡奶粉，而自己却忍饥挨饿……
世界卫生组织总干事谭德赛警告，用水问题（受了污染的水）、食物匮乏，缺医少药糟糕的卫生条件，将可能导致加沙地区疾病大爆发，如果冲突持续，因疾病死亡的人可能将远远高于死于战火的人数。
随着短暂的停火结束，加沙人再度开启噩梦模式，但是只要还没被炸死的一天，用水永远是大问题。",2023/12/4 0:33,广东,1,wangyi
67,加沙战火重燃，平民伤亡惨重,"加沙战火重燃，平民伤亡惨重。
加沙地带自长期以来就饱受战火的蹂躏，而最近的一次停火只持续了短短几天，战火便再次重燃。这一次的冲突再次引发了人们的担忧和困扰，我们只能眼睁睁地看着一场杀戮重新开始。
12月2日，加沙北部的杰巴利耶难民营遭到了以军的空袭。这次空袭给该地区带来了巨大的破坏和人员伤亡。根据巴勒斯坦方面公布的数据，至少有100人在这次袭击中丧生，还有大量人员被困在废墟之下。
这次袭击导致了巨大的人员伤亡和财产损失。根据巴方公布的数据，至少有100人在空袭中丧生。同时，还有许多人员被困在废墟之下，他们迫切需要救援和急需医疗救治。整个地区遭受了严重的破坏，这使得人们生活在更加恶劣和危险的条件之中。
当前的局势异常紧张，冲突的升级成为可能。随着对加沙的空袭，以及人员伤亡的增加，加沙地带的局势变得更加不稳定。双方的紧张关系正在升级，很可能导致更大规模的冲突爆发。
许多国家和地区纷纷发表声明，敦促各方保持克制，并呼吁通过外交途径寻求和平解决方案。同时，一些国际组织也开始调动力量，试图在这个危急时刻发挥调解的作用，为双方提供协助和支持，以期达成持久的停火。
战火再次重燃给加沙地区带来了人道危机。人员伤亡、破坏和紧张的局势，使那里的人们生活在极端困难的环境下。长期以来，加沙地区一直存在各种复杂的问题，如土地争端、人权问题等，这使得实现长期和平解决方案变得异常困难。然而，面对当前的战火危机，国际社会和各方势力应该共同努力，寻求可行的解决方案，并为加沙地区提供必要的援助和支持，既缓解人道危机，又创造和平稳定的环境。这是实现长期和平的唯一途径。
尽管巴勒斯坦的悲剧在社交媒体上被广泛传播和分享，全球社会对于这样的事件却表现出令人失望的冷漠态度。被各种政治、经济和意识形态的因素所左右，许多国家和人民对于巴勒斯坦的疾苦似乎选择了视而不见。
在这样的背景下，巴勒斯坦人的痛苦逐渐变成了无人问津的数字。他们的苦难成为了遥远而陌生的故事，被埋没在繁忙的新闻标题之中。
据媒体报道，在以色列最新一轮轰炸中，巴勒斯坦失去了一位杰出科学家，加沙伊斯兰大学的校长塔耶被炸死。塔耶是一位备受尊敬的物理学教授，他曾参与众多研究项目并在学术界享有盛誉。他的离世使得科学界和整个巴勒斯坦社会陷入深深的哀悼之中。
塔耶是一名物理学教授，据斯坦福大学参与的一项研究报告，塔耶教授名列世界上最杰出的2%科学家之中。他在物理学领域有着卓越的成就，被认为是世界上最杰出的科学家之一。他的研究成果涉及到多个领域，对科学界和社会有着重要的贡献。然而，他选择留在加沙，为该地区的教育事业做出了巨大的牺牲。
以色列方面表示，他们的轰炸行动是为了打击哈马斯组织的军事能力和摧毁他们的军事基础设施。然而，在这场轰炸中，无辜的巴勒斯坦人成为最大的受害者。
面对以色列的轰炸，哈马斯组织并没有屈服，他们依然不断地发射火箭弹袭击以色列。哈马斯表示，他们的火箭袭击是为了抵抗以色列的侵略和保护巴勒斯坦人民的权益。这种持续的火箭袭击加剧了双方冲突的复杂性，使得和平进程更加困难。
双方的冲突进一步升级，爆炸和杀戮不断发生。城市变成了火海，无辜的平民成为这场冲突的最大牺牲品。无论是以色列的轰炸还是哈马斯的火箭袭击，都给巴勒斯坦和以色列的民众带来了巨大的苦难。局势的恶化使得实现和平的希望越来越渺茫。
面对局势的升级和无辜生命的丧失，人们对未来充满了担忧和不安。停火的实现只是解决冲突的第一步，真正的和平仍然存在巨大的障碍和挑战。在这个充满痛苦和悲伤的时刻，我们期待国际社会能够共同努力，为实现巴以之间的和平解决方案找到有效的途径，让人们重新获得安全与稳定的生活。
以色列还同时对黎巴嫩、叙利亚目标发动了空袭。
黎巴嫩和叙利亚成为以色列的空袭目标并非偶然。长期以来，以色列认为黎巴嫩和叙利亚与其安全形势存在一定的威胁，因此采取了预防性的防御行动。黎巴嫩与以色列交界地区存在边界争议和恐怖组织活动，而叙利亚则涉及到伊朗与以色列的地区影响力争夺。以色列通过对这两个国家的空袭行动，试图确保自身的国家安全和利益。
在这场充满紧张和对抗的冲突中，哈马斯方面表态表示，在加沙停火和以色列侵略结束之前，他们不会再进行囚犯交换协议。这一表态显示出哈马斯方面对以色列的强硬立场和坚决抵抗的决心。坚持通过抵抗和对抗来维护巴勒斯坦人民的权益。
这场冲突不仅对叙利亚、黎巴嫩和以色列三国的局势产生影响，同时也牵动着整个中东地区的稳定与和平。随着冲突的升级，国际社会也日益表达对于局势的关切和呼吁。中东地区的和平与稳定对于全球的经济和安全都具有重要意义，因此各方应紧急寻求通过对话和谈判解决分歧，以实现地区的长期和平与发展。
在这场充满紧张和对抗的冲突背景下，加沙的局势仍然严峻，中东地区的和平与稳定任务艰巨。国际社会积极发挥调解和斡旋的作用，以推动双方的对话与合作，实现和平稳定的可持续发展。只有通过共同的努力，中东地区才能够迈向更加繁荣和和谐的未来。
除了法国，许多欧洲国家也对加沙地带的冲突表达了严重担忧，并与以色列之间的关系开始紧张起来。西班牙、爱尔兰等国家对以色列的行动表示极度谴责，认为其对巴勒斯坦人民的暴力行为严重违反国际人道法，并要求以色列立即停止军事打击。
面对加沙地带冲突的升级，一些欧洲国家甚至考虑相互召回大使，以表示对以色列行动的谴责。这一行动的目的在于向以色列政府施压，促使其尽快停止军事行动，减少平民伤亡，并推动各方寻求和平与合作的解决方案。
这种与以色列的激烈争吵以及相互召回大使的做法不仅体现了欧洲国家对加沙暴力冲突的不满，更是对以色列政府未能有效控制局势、保护平民的严厉抨击。欧洲国家希望通过这种方式施加压力，推动各方回到对话谈判的桌面上，寻求冲突的和平解决途径。",2023/12/4 0:36,广东,1,wangyi
68,以色列重启对加沙的军事行动,"导火索与双方立场
这一军事行动的背后，有着复杂的政治、宗教和地缘因素。回顾加沙停火协议的破裂，首先需要审视双方立场的根本分歧。以色列强调对本土安全的执念，对哈马斯武装活动的严厉反应被视为保护国家安全的必要手段。而哈马斯则强调抵抗以色列的合法性，认为以色列的封锁和控制是对巴勒斯坦人权利的侵犯。
哈马斯的地下策略
哈马斯一直以来在冲突中采用地道战术，将其地下通道网络视为对以色列最有效的抵抗手段之一。这不仅为哈马斯提供了灵活性和出其不意的能力，也使得以色列在军事打击中面临更为复杂的局面。对哈马斯地道的打击，被以色列视为对其战略威胁的必要回应，但也引发了国际社会的关切，尤其是关于平民安全的问题。
中东局势再度波谲云诡
在中东这片复杂多变的地区，任何一次冲突都不仅仅是地区内部的问题，更是各方势力角力的结果。以色列和哈马斯之间的冲突往往涉及到众多地缘政治因素，包括但不限于伊朗、沙特阿拉伯、埃及等国的角力。这使得冲突不仅仅是双方之间的对抗，更是地区大国之间的博弈，地缘政治的纷争在其中交织成为一张错综复杂的棋盘。
呼吁克制与寻求解决方案
随着紧张局势再度升级，国际社会纷纷表达对冲突的关切。联合国秘书长发表声明，呼吁各方保持克制，避免平民伤亡。多国领导人表示对冲突深感忧虑，强调通过对话与谈判解决分歧的重要性。然而，面对复杂的中东局势，国际社会在如何有效介入以化解冲突方面仍然面临重重挑战。
国际社会责任的呼唤
在冲突爆发的背后，最令人担忧的是平民的处境。撤离传单的空投表明以色列试图减少平民伤亡，但这并不能掩盖冲突对平民的巨大影响。人道主义组织已经开始呼吁国际社会提供援助，确保受到影响的平民得到必要的救援和支持。国际社会在这一时刻更需团结一致，履行对巴勒斯坦地区人民的保护责任。
巴以问题的解决之道
当前的冲突只是巴以问题长期存在的症结之一。要实现中东地区的长治久安，需要深入思考并解决涉及巴勒斯坦人民和以色列国家利益的根本性问题。只有通过包容性的对话与谈判，各方才能找到平等、公正、可持续的解决方案。国际社会在此扮演着至关重要的角色，促进各方建立信任，寻求共同的未来愿景。
迎难而上，共创和平未来
面对中东再次爆发的紧张局势，各方应当保持冷静与克制，摒弃敌对对抗，转向对话与合作。冲突解决的根本途径在于各方共同努力，通过对话与谈判找到妥协点，实现长期和平。国际社会应当加大调解与支持力度，为中东地区的稳定与繁荣共同努力。",2023/12/4 0:39,广东,1,wangyi
69,军事风云：以军强势反击，加沙烟云弥漫,"战火再起：以色列军队震撼开战
在中东的战火烽烟中，2023年12月1日，加沙地带南部拉法成为新一轮军事行动的焦点。以色列军队强势展开军事行动，利用精密的空袭手段，让加沙的天空瞬间弥漫浓烟，战争的硝烟再度升腾。
紧张局势：停火瞬间破裂，哈马斯成焦点
当地时间上午7时，原本临时的停火协议被拉开序幕。巴勒斯坦伊斯兰抵抗运动（哈马斯）未履行释放被扣押妇女的承诺，以色列总理办公室当即发表声明，痛斥哈马斯违反停火协议，并指责其向以色列发射火箭弹。紧张局势再度升级，中东战区再次成为国际关注的焦点。
战区扩大：以军决心剿灭哈马斯势力
同一天，在加沙地带南部城市汗尤尼斯，人们在以军的空袭下陷入紧急救援。以色列总理办公室在声明中明确表示，随着军事冲突的重新点燃，以色列军队将全力以赴实现释放被扣押人员、剿灭哈马斯、确保加沙不再构成以色列居民的威胁等目标。战区范围扩大，军事行动进入新的阶段。
战果与代价：加沙深陷苦难，国际社会关切
在以色列军队的军事行动中，加沙地带南部汗尤尼斯成为主要袭击目标，数百名受伤的巴勒斯坦人急需医疗救治。巴勒斯坦卫生部门发布声明称，至少有178人丧生，589人受伤，伤亡者中多数为妇女和儿童。巴勒斯坦总统府发表谴责声明，指责以色列军队对加沙地带的军事行动。国际社会对这场军事冲突表达关切，争议再次激起，中东的未来充满变数。",2023/12/4 4:43,广东,1,wangyi
70,以军密集轰炸加沙遭西方警告,"●本报驻埃及、法国特派记者 黄培昭 尚凯元●本报记者 邓孝慈●本报特约记者 宇 扬 甄 翔　董 铭
以色列与巴勒斯坦伊斯兰抵抗运动（哈马斯）之间的临时停火协议到期后，双方在加沙地带重新展开的军事行动当地时间12月3日进入第三天。以色列国防军（IDF）3日宣布，2日到3日，以军持续攻击加沙地带多个目标。以军还称，在临时停火协议结束后的第一个24小时内，他们在加沙地带袭击了400多个目标，摧毁100个哈马斯据点。据加沙地带卫生部门的消息，以军12月1日恢复军事行动以来，已造成大量巴勒斯坦人死亡，另有数百人受伤。而哈马斯方面2日晚间表示，在以色列对加沙的攻击结束之前，交换被扣押人员相关谈判不会恢复。法新社3日称，自10月7日新一轮巴以冲突爆发以来，加沙的死亡人数已超过15500人，其中70%是妇女和儿童。随着越来越多的加沙平民生命受到威胁，包括美国、法国在内的西方国家对以色列的施压力度逐渐加大。美国副总统哈里斯2日在阿联酋迪拜出席《联合国气候变化框架公约》第二十八次缔约方大会（COP28）期间表示，以色列有权自卫，但如何做很重要。同日，美国国防部长奥斯汀称，以色列有“道义上的责任”保护平民。法国总统马克龙则向以色列发出警告：彻底摧毁哈马斯意味着战争将持续10年。法国24小时新闻电视台称，以色列当前面临的外交压力越来越大。
“太多无辜的巴勒斯坦人被杀害了”
据美国有线电视新闻网（CNN）报道，当地时间2日，美国副总统哈里斯在迪拜出席COP28期间谈及巴以冲突时表示，“太多无辜的巴勒斯坦人被杀害了……老实说，平民遭受如此巨大的痛苦，再看看来自加沙的照片和视频，真的太可怕了。”哈里斯称，尽管美国支持以色列在加沙地带打击“合法军事目标”，但加沙地带平民遭受苦难的规模是“毁灭性的”。以色列在进行军事行动的过程中，必须尊重国际人道法，采取更多措施保护无辜平民。哈里斯还说，在美国与相关各方进行深入讨论后，目前关于加沙地带和约旦河西岸的未来有5个指导性原则：不强迫驱逐巴勒斯坦人、不重新占领加沙、不实施封锁、不减少土地以及不把加沙地带用作恐怖主义平台。
同一天，美国国防部长奥斯汀在美国加州出席一场国防论坛活动时明确表示，以色列必须采取措施保护加沙平民，这“既是道义责任，也有战略必要”。奥斯汀还称：“如果你把平民赶进敌人的怀抱，即便你在战术上取得胜利，在战略上也失败了。”他还表示自己已敦促以色列领导人，要避免平民伤亡、防止对约旦河西岸定居者的暴力行为，“确保人道主义援助的畅通”。路透社报道称，奥斯汀这一表态是迄今以来美方高层在保护平民方面对以色列发表的最强硬言论。这表明美国加大了对以色列的施压力度，要求以色列在发动后续的军事行动时应更加谨慎。
在伦敦出版的《新阿拉伯人报》发文称，美国国务卿布林肯结束新一轮中东之行斡旋无果后，美国着实有点急了，因为以色列似乎并不怎么“买账”。按照当前态势，哈马斯不可能在短期内被摧毁，如果战事耗时太久，国际社会对以色列和美国的谴责及批评之声就会更加高涨。
在美国对以色列发出强硬表态的同时，其他西方国家也在向以色列发出提醒。据法国RTL电台３日报道，法国总统马克龙2日在COP28间隙举行的新闻发布会上表示，彻底摧毁哈马斯意味着战争将持续10年，因此以色列需要更精确地确定其战争的最终目标。马克龙还重申以色列的自卫权，但他表示，“拥有自卫权并不意味着有权攻击平民。”“彻底摧毁哈马斯意味着什么？有人认为这是可能的吗？”马克龙还呼吁加倍努力在加沙实现持久停火，释放所有仍被哈马斯扣押的人质，并向加沙人民提供他们迫切需要的援助。
法国《回声报》称，在最近与以色列总理内塔尼亚胡会晤后，马克龙明显提高了对以调门。RTL电台则称，马克龙此次明确提醒以色列的发声，有两个目标：“敦促双方重新签署休战协议；推动哈马斯释放手中关押的法国人质。”
据媒体此前报道，西班牙首相桑切斯与比利时首相德克罗日前也曾批评以色列对加沙地带平民的袭击。此举引发以色列方面的强烈不满。
不停火，不谈判
在国际社会要求加强保护平民以及延长与哈马斯停火协议的呼声越来越高之际，以色列当地时间3日继续对加沙地带实施轰炸。当地时间3日中午，哈马斯媒体办公室称，过去24小时内，以色列军队对加沙地带的军事行动已造成超过700人死亡。卡塔尔半岛电视台称，以色列军队加强了对汗尤尼斯南部的轰炸，要求该地某些社区的居民撤离到其他地区。半岛电视台3日称，加沙地带北部杰巴利耶难民营当天再次成为以色列的袭击目标。
与此同时，哈马斯下属武装派别卡桑旅发布消息称，当地时间3日凌晨，卡桑旅袭击了驻扎在加沙地带中部地区的一处以色列军营，该处军营内大约有60名以色列士兵。卡桑旅未给出以色列士兵伤亡的具体数据。
据俄罗斯卫星社3日报道，以色列国防军当天表示，自加沙地带地面行动开始以来，已发现800多个隧道竖井，其中约500个已被摧毁。
彭博社3日称，以色列军方加大对加沙南部哈马斯目标的空袭力度，范围不断扩大，双方都已经排除就重新停火进行进一步谈判的可能性。而以色列从卡塔尔撤出谈判小组，进一步减少了延长停火协议的希望。
据《以色列时报》报道，当地时间2日，内塔尼亚胡办公室发表声明说，由于谈判陷入僵局，根据内塔尼亚胡的命令，以色列情报机构摩萨德负责人已下令谈判小组撤离卡塔尔多哈并返回以色列。早前有消息人士称，摩萨德谈判小组正与卡塔尔方面协商，试图促成一项与此前不同的临时停火协议。
而哈马斯高级官员阿鲁里2日表示，“在战争结束之前不会进行人质交换。”阿鲁里还透露，美国正在要求以色列方面向加沙地带提供“与临时停火结束前同等数量的援助”。
据半岛电视台报道，当地时间2日，内塔尼亚胡在新闻发布会上表示，以色列将继续在加沙开展地面行动，直到实现所有目标。《华盛顿邮报》3日引述以色列一名高级官员的话称，在美国要求尽量减少平民伤亡的压力下，以军方正在采取一项新战略，旨在区分哈马斯战士和普通民众。
各方加紧密切协调
埃及《共和国报》报道称，虽然加沙地带战火重燃，但各方仍在紧锣密鼓地就促成停火进行斡旋，埃及和卡塔尔等国都在为此进行密切协调。据法国24小时新闻电视台3日报道，罗马教皇方济各当天也呼吁有关各方尽快达成新的停火协议。
半岛电视台报道称，伊朗外长阿卜杜拉希扬2日晚在与欧盟外交与安全政策高级代表博雷利的电话交谈中表示，如果以色列不停止对巴勒斯坦人的“战争罪行”，地区冲突将更加严重。阿卜杜拉希扬还谴责以色列“强行将巴勒斯坦人逐出其土地的计划和做法”，强调需要“尽快”停止以色列对加沙地带的军事袭击。该媒体3日还报道称，海湾国家将于5日在多哈召开海湾阿拉伯国家合作委员会领导人峰会，预计巴以冲突将成为首要议题。
上海外国语大学中东研究所教授刘中民3日接受《环球时报》记者采访时表示，随着美国和欧洲越来越聚焦于加沙地带的人道主义悲剧，越来越复杂的冲突会在一定程度上使得以色列在国际社会上遭到孤立，而内塔尼亚胡也将在国内遭受到更多的挑战。▲",2023/12/4 6:58,北京,1,wangyi
71,加沙地带超1.55万人死亡，以军称已对加沙实施1万次空袭,"综合半岛电视台与巴勒斯坦《圣城报》4日凌晨消息，以色列军队当地时间3日晚间轰炸加沙地带北部城镇拜特拉希亚的卡迈勒·阿德万医院及其附近地区，造成人员伤亡。报道援引加沙地带卫生部门消息源称，以军通过电话联系医院管理部门称将继续轰炸医院，要求其进行疏散。
对此，以色列方面暂无回应。
消息人士称以军已从加沙地带北部撤出70%的部队
当地时间12月3日，阿拉比亚电视台援引巴勒斯坦伊斯兰抵抗运动（哈马斯）下属武装派别卡桑旅的一名消息人士报道，以军已从加沙地带北部撤出70%的部队，并表示以军当前的地面军事行动主要集中在加沙地带南部，其在加沙地带北部的机动能力有限。
加沙地带南部汗尤尼斯马安地区遭以军空袭，已致2人死亡
据黎巴嫩“广场”电视台消息，当地时间3日，以军对加沙地带南部汗尤尼斯马安地区实施的空袭已造成2人死亡，另有14人受伤。
以军称已对加沙地带实施1万次空袭
当地时间12月3日，以色列国防军表示，自“战斗开始以来”，以空军在地面部队指挥下已对加沙地带实施了1万次空袭。
来源 央视新闻客户端
责任编辑 易科彦
责任校对 郭毅
主编 何晓宇
终审 编委 李荣",2023/12/4 7:47,云南,1,wangyi
72,加沙民众：加沙地带没有安全之地,"以色列和哈马斯的临时停火协议在12月1日到期后，双方重燃战火。加沙地带南部城市汗尤尼斯及其附近地区遭到以军猛烈轰炸。以色列军方散发传单，命令在该地区的巴勒斯坦人前往拉法等地避难。
许多刚刚从加沙地带北部撤离到汗尤尼斯的巴勒斯坦人，对于再次撤离的要求感到迷茫和无助。他们表示，不仅是汗尤尼斯，拉法也遭到以军轰炸，加沙地带根本没有安全的地方。
流离失所的巴勒斯坦人 纳比勒·拉杰卜：我们已经从加沙城逃到了加沙地带中部的布赖杰难民营，最后到了南部的汗尤尼斯，现在又催促我们向拉法撤离。我们应该去哪里？避难所已经人满为患，学校里收容了成千上万流离失所的巴勒斯坦人。一所能容纳2000人的学校现在住了3000人。许多人睡在大街上。是谁告诉加沙城和汗尤尼斯的巴勒斯坦人应该前往拉法？给我们些空间吧，给我们一个安全的地方吧。不仅在汗尤尼斯，拉法也遭到持续轰炸。加沙地带根本没有安全的地方。
流离失所的巴勒斯坦人：昨晚（2日）我们在汗尤尼斯整夜未眠，一晚上都有空袭。我们不知道该往哪里走，向左还是向右。有些人说我们应该往东走，还有人说应该往西走，或往北走，或去拉法。但拉法也一样有空袭。太可怕了，我们不知道是否要去拉法或者去别的地方。但我们不会离开加沙地带，我们会留在巴勒斯坦。
流离失所的巴勒斯坦人 拉菲克：他们要我们去拉法。到了那里之后呢？我们还能去哪儿？到了拉法之后，我们能住在哪里？没有帐篷，也没有任何可以避难的地方，没有交通工具，什么都没有。这关系到两百万人的安危。两百万人要怎么疏散？
（央视新闻客户端）",2023/12/4 9:10,北京,1,wangyi
73,快讯！以色列军队开始从加沙北部撤军,"快讯！以色列军队开始从加沙北部撤军
当地时间12月3日，据半岛电视台报道，由于行动失败和抵抗袭击，以色列从加沙地带北部撤出了 70% 的军队。
从加沙地带北部的撤军始于停战，并随着过去两天的抵抗袭击而加速。
此外，还有消息称，以色列军队完全撤出加沙的拜特拉希亚和拜特哈农。据称，这是因为此前一天，约60名以色列士兵惨遭哈马斯伏击而死所致。",2023/12/4 10:22,上海,1,wangyi
74,以色列发出狠话，加沙战事升级,"丹尼尔·哈加里表示：“以色列国防军正在恢复并扩大针对哈马斯在整个加沙地带据点的地面行动。”这意味着以色列自己已经承认，以色列已经开始向加沙南部发起地面行动。
根据加沙卫生部发言人阿什拉夫·库德拉表示，加沙地带冲突升级造成的死亡人数已超过15500人，超过41000人受伤。而局势则朝着更坏的方向发展。因为加上南部战事一旦打响，那些从加沙北部逃离的难民将会第二次成为难民。
以色列为什么在没有拿下加沙北部的背景下开始进攻加沙南部？
以色列这样打，无非就是彻底围困哈马斯，切香肠的打法不仅会让哈马斯的生存空间被独立起来，而且会被分割保卫，更重要的是，在心理层面，以色列这种打法会让哈马斯深感焦虑。",2023/12/4 12:48,海南,1,wangyi
75,“以军调动北部兵力，以进攻加沙南部”,"【文/观察者网 王世纯】当地时间12月3日，以色列军方宣布对加沙南部发起进攻，将地面行动扩大到整个加沙地带。
对此，巴勒斯坦哈马斯下辖的武装力量“卡桑旅”的一名消息人士12月3日告诉半岛电视台，由于机动兵力不足和巴勒斯坦人的顽强抵抗，以色列军队目前已经从加沙地带北部撤出了大约70%的军队，并开始重点对加沙地带南部发动进攻。
“卡桑旅”的消息人士称，以色列陆军从加沙北部的撤军大约开始于11月24日，也就是停火开始时的日子，并在过去两天内随着战斗的升级而加快了撤退的速度。
以军进入的位置 图源：Suriyak
《以色列时报》称，以色列国防军参谋长赫尔齐·哈勒维3日也对以军士兵发表讲话，宣布将扩大地面行动。他声称，对加沙南部攻势的强度不会低于以军在加沙北部的行动，“我们有能力采取最彻底的行动，就像我们在加沙北部强有力的行动一样。我们现在也要在加沙南部这样做。”
以色列官方昨天宣布开始进攻汗尤尼斯市，不过以色列总参谋长哈勒维中将昨天仍然声称将留下第162师在加沙北部继续作战。哈勒维表示：“我们正在考虑停战，直到我们在加沙地带北部‘瓦解’了两个哈马斯旅，但尚未完全瓦解，第162师仍在内部努力深化成果并摧毁更多哈马斯的营。”
据巴勒斯坦官方通讯社瓦法社报道，以军已于当地时间3日晚间侵入加沙南部城市汗尤尼斯。根据社交媒体的画面，以色列陆军的坦克纵队直插汗尤尼斯以北，戴尔巴拉赫以南的公路，试图将加沙地区一分为三。
对此，“卡桑旅”在昨日的战报宣称，在汗尤尼斯市北部，“卡桑旅”使用Tandem 85火箭弹打击了以色列军队的一辆D9装甲推土机，并使用“亚辛-105”串联火箭弹击中了两辆坦克和装甲车。
过去一天里，汗尤尼斯遭遇了数十次空袭和炮击，造成至少70人死亡、上百人受伤，其中大多数是妇女和儿童。数十万来自加沙北部的难民面临死亡风险。
本轮巴以冲突已导致超过1.67万人死亡。加沙政府媒体办公室对半岛电视台表示，过去24小时内有700多名巴勒斯坦人被杀，自10月7日以来，冲突已造成加沙地带至少15500名巴勒斯坦人死亡。以色列政府的数据则显示，以方约有1200人死亡。
本文系观察者网独家稿件，未经授权，不得转载。",2023/12/4 13:25,上海,1,wangyi
76,加沙地带超1.55万人死亡 以军称已对加沙实施1万次空袭,"（原标题：加沙地带超1.55万人死亡 以军称已对加沙实施1万次空袭）
北京时间12月04日06时56分：
以军空袭加沙地带南部一民宅 致9人死亡
据巴勒斯坦《圣城报》当地时间12月4日凌晨消息，以色列军队3日晚间空袭加沙地带南部拉法市坦努尔街区的一座民宅，造成9人死亡，多人受伤。
△12月3日，以军在加沙地带发射照明弹。
以色列方面对此暂无回应。
北京时间12月04日06时37分：
以色列军队轰炸加沙地带北部城镇 造成人员伤亡
综合半岛电视台与巴勒斯坦《圣城报》4日凌晨消息，以色列军队当地时间3日晚间轰炸加沙地带北部城镇拜特拉希亚的卡迈勒·阿德万医院及其附近地区，造成人员伤亡。报道援引加沙地带卫生部门消息源称，以军通过电话联系医院管理部门称将继续轰炸医院，要求其进行疏散。
对此，以色列方面暂无回应。
北京时间12月04日03时19分：
消息人士称以军已从加沙地带北部撤出70%的部队
当地时间12月3日，阿拉比亚电视台援引巴勒斯坦伊斯兰抵抗运动（哈马斯）下属武装派别卡桑旅的一名消息人士报道，以军已从加沙地带北部撤出70%的部队，并表示以军当前的地面军事行动主要集中在加沙地带南部，其在加沙地带北部的机动能力有限。
北京时间12月04日02时57分：
以色列国家安全总局负责人：将在海外“追捕并清除”哈马斯领导人
当地时间12月3日晚间，据以色列公共广播公司消息，以色列国家安全总局（辛贝特）负责人称，将在海外“追捕并清除”巴勒斯坦伊斯兰抵抗运动（哈马斯）领导人及其成员。
北京时间12月04日02时08分：
哈马斯称以军的军事行动阻碍停火谈判
当地时间12月3日晚间，巴勒斯坦伊斯兰抵抗运动（哈马斯）高级成员乌萨马·哈姆丹发表声明称，以军在加沙地带、约旦河西岸等地开展的军事行动阻碍了各斡旋方推动的停火谈判进程，他指责以军违反停火协议并对加沙地带实施空袭。
哈姆丹敦促阿拉伯和伊斯兰国家派遣代表团前往加沙地带，以打破封锁，并呼吁“升级对以军的一切形式的抵抗”。
北京时间12月04日0时49分：
加沙地带南部汗尤尼斯马安地区遭以军空袭 已致2人死亡
据黎巴嫩“广场”电视台消息，当地时间3日，以军对加沙地带南部汗尤尼斯马安地区实施的空袭已造成2人死亡，另有14人受伤。
北京时间12月04日0时23分：
以色列军方对加沙地带南部汗尤尼斯实施地面军事行动
当地时间12月3日，据阿拉比亚电视台等媒体报道，以色列军方对加沙地带南部汗尤尼斯实施地面军事行动，并对该市及其附近地区下令疏散。
另据以色列陆军电台3日消息，以军当天在汗尤尼斯以北开始地面军事行动。消息称，“以军装甲部队在当地已开始行动并打击巴勒斯坦伊斯兰抵抗运动（哈马斯）相关目标”。以色列陆军电台在消息中透露，预计未来以军将扩大在该地的武装部署，强化地面军事行动。
北京时间12月03日23时28分：
以军称已对加沙地带实施1万次空袭
当地时间12月3日，以色列国防军表示，自“战斗开始以来”，以空军在地面部队指挥下已对加沙地带实施了1万次空袭。",2023/12/4 7:40,北京,1,wangyi
