,Username,like,time,comment,IDIndex,platform
0,M54 变节者,1176,2023/12/4 13:45,"是不是个案河南记者会告诉你答案。
（为什么河南负面新闻多？因为河南本地媒体这力度干谁谁地域。）
",2,zhihu
1,光轮2020,0,2023/11/30 22:03,"按照目前公开信息提几个我看到的关键点：
2、湾流包机共花费120万，都是一笔一笔借来的
1、当事人父亲是单位的“司机”。
3、当事人是银行职员。
5、当事人“小姑姑”协助协调上海卫健委相关人员和资源。
我希望每一个普通中国人在危机时刻都能享受到上面的一切资源。借钱也可以借到120万。
",2,zhihu
2,哪有不二臣,0,2023/12/2 7:47,"怎么看，一试便知
有，那国家一视同仁，福泽百姓
让全国现在住院需要输血的病人给卫健委打电话，报同样需求，看有同样待遇没？
没有，特权阶级呗，还能咋看
非我族类啊～非我族类
不知道大家说了点啥，删评很多
",2,zhihu
3,风林火山,0,2023/11/30 9:25,"不知道，我能不能在需要的时候向上海卫健委求助？？
",2,zhihu
4,下楼买水,0,2023/11/30 21:43,"这姐们器官损伤了那么多，接下来还有哪方面的“自愿”还真不好说，既然血可以从底下的人凑，那器官干脆让这些洗地的贡献几个呗～
",2,zhihu
5,淡蓝色水仙,3223,2023/11/30 10:57,"没啥想说的，就是讲讲故事。
我自己就是卫健委的（黑龙江小县城），我自己都不知道自己单位对外公开电话是多少，就别提普通老百姓了。
另外114查询台是可以人为操控的，只要有授权书，你可以把本来是你们单位的业务挂到其他单位。比如疫情期间，本地疫情防控指挥部把咨询电话挂到了本地疾控中心的联系电话上，就是说你打114咨询防疫指挥部电话，114会给你一个疾控中心的电话号码。别问我为啥会知道这些，因为没去卫健委之前我就是那个倒霉的疾控中心接线员。
像这次需要协调的工作，真的不是一个普通接线员能解决的。我们需要记录，然后和领导汇报。如果领导去开会了，你就的等，等领导什么时候不忙了，你才能去汇报。领导心情不错可能帮你协调一下，领导要是开会挨批了，心情不好就是不在职权范围内，无能为力。很多事情今天汇报了，第二天开始给你办了都算高效的了。
21年碰到过这么个事情。有一次密接从外地手术返乡，因为不能动，希望转运救护车可以进火车站接一下人，电话打到疾控中心。因为救护车是医院的，疾控中心无权指挥救护车，所以给了对方指挥部的联系方式。10分钟之后指挥部打电话给我，大意就是：你知道这电话是干么的么，你就让人随便打指挥部电话。救护车协调，协调个屁。以后再让人打指挥部电话小心直接把你撸了。后来次密接家属找到了当地副书记联系方式，反应情况，副书记人就在指挥部，当面协调。然后就卡在了火车站这一关。东北的铁老大地位超然，他说不让你进火车站，谁来说情都不好使。铁老大甚至可以无视防控政策，抗疫全靠自觉，它要是自觉倒还好，万一不自觉，很多部门就得喜提纪检委7日游，写情况报告写到死。
",2,zhihu
6,淡蓝色水仙,3223,2023/11/30 10:57,"没啥想说的，就是讲讲故事。
我自己就是卫健委的（黑龙江小县城），我自己都不知道自己单位对外公开电话是多少，就别提普通老百姓了。
另外114查询台是可以人为操控的，只要有授权书，你可以把本来是你们单位的业务挂到其他单位。比如疫情期间，本地疫情防控指挥部把咨询电话挂到了本地疾控中心的联系电话上，就是说你打114咨询防疫指挥部电话，114会给你一个疾控中心的电话号码。别问我为啥会知道这些，因为没去卫健委之前我就是那个倒霉的疾控中心接线员。
像这次需要协调的工作，真的不是一个普通接线员能解决的。我们需要记录，然后和领导汇报。如果领导去开会了，你就的等，等领导什么时候不忙了，你才能去汇报。领导心情不错可能帮你协调一下，领导要是开会挨批了，心情不好就是不在职权范围内，无能为力。很多事情今天汇报了，第二天开始给你办了都算高效的了。
21年碰到过这么个事情。有一次密接从外地手术返乡，因为不能动，希望转运救护车可以进火车站接一下人，电话打到疾控中心。因为救护车是医院的，疾控中心无权指挥救护车，所以给了对方指挥部的联系方式。10分钟之后指挥部打电话给我，大意就是：你知道这电话是干么的么，你就让人随便打指挥部电话。救护车协调，协调个屁。以后再让人打指挥部电话小心直接把你撸了。后来次密接家属找到了当地副书记联系方式，反应情况，副书记人就在指挥部，当面协调。然后就卡在了火车站这一关。东北的铁老大地位超然，他说不让你进火车站，谁来说情都不好使。铁老大甚至可以无视防控政策，抗疫全靠自觉，它要是自觉倒还好，万一不自觉，很多部门就得喜提纪检委7日游，写情况报告写到死。
",2,zhihu
7,先锋公社,1663,2023/11/30 11:59,"应景吗
",2,zhihu
8,魏春亮,485,2023/12/1 16:04,"昨天那篇关于血槽姐的文章，不翼而飞了。
我也不知道为什么会被删，我所写的每一个点都是新闻报道过的事实，采信的都是官方和当事人的说法，甚至“小姑姑”联系上海市卫健委的10月14日和15日这两天是周末，我也是查过万年历的。
我虽然是做了一些推论，但这些推论，也都是基于官方的说法，且有理有据。
比如，上海官方接受媒体采访时表示，经调查，事发时卫健部门接相关部门函件，请求正在西藏日喀则市的援藏医生前往涉事医院参与救治。此事不存在因私人关系等不正当因素导致的行动。
",2,zhihu
9,黄鹤一去不复返,2466,2023/11/30 9:11,"“我们两个人对着哭，我摸摸有庆的脸，他也摸摸。过了很久，我突然想起来，自己还不知道儿子是怎么死的。我问体育老师，这才知道有庆是抽血被抽死的。”
摘录来自余华作品《活着》
",2,zhihu
10,逗比的汉斯,0,2023/11/30 9:32,"我的第一感受，如图
",2,zhihu
11,闪瞎眼,422,2023/12/1 8:02,"哎呀，你们这些耗材真过分，人家都情绪低落哭过一次了，你们还要怎样？
很有趣的是，好心人们献完血之后，人家第一反应并不是感谢他们，而是感谢人家自己的小姑姑，这就很讽刺了
",2,zhihu
12,火星蜘蛛飞过地球,373,2023/11/30 17:58,"跟躺ICU四年的老干部有异曲同工之妙，信「为救人组织献血非个案」的，等你需要献血记得一定要拨打上海卫健委电话，毕竟这个卫健委最热心…
看我这脑子，我们哪有上海卫健委私人电话啊。
",2,zhihu
13,曾皇,333,2023/11/30 22:16,"那个事洗地的那么多，就是没一个人说说，让省级职能部门为普通人救治发个公函到省级卫健委是一件多么困难的事，需要多大的能量。稍有社会经验和阅历者都知道，电话就在那里，政策就在那里，那张公函有几个人能打个电话就签出?
",2,zhihu
14,晚风,318,2023/11/30 20:47,"如果是个普通人，百分之百已经死了。
我因为身体不好，一直跑医院。见过太多因为钱而放弃治疗的人。每时每刻都在中国的各个医院发生着。有的就是区区几千块钱就放弃治疗了。一条人命几千块钱都不值。
我们不说卫健委跨省发函这种事情，就说120万包机。说实在的就算普通人拿钱，你有钱一时半会你都找不到包机的途径。
这种事情，大家都知道怎么回事。这社会本就如此，有钱有势的长命百岁，没钱没势的路边冻死。只是那些洗地的，让人不耻。
",2,zhihu
15,幽州长史,0,2023/11/30 19:00,"说了多少次了，开大G一定要在故宫里，你们非要去什么阿里和大家拿，你说这不找事嘛！
",2,zhihu
16,明人不放暗屁,300,2023/12/3 9:00,"新的洗地大军已经来了。
要是二代不可能只上个大专，怎么也得弄个文凭糊弄下。
开始有一群人来论证这个女的并不是什么二代之家，原因是她只是个大专生。
听他们说的似乎很有道理。
就好比孙小果，多次死里逃生，结果他继父也不过是个地方的小局长，通过战友关系搞定的减刑。
论证这些想表达什么呢？都是下面人执行歪了？上面人本意都是好的？
",2,zhihu
17,取个名字好难,425,2023/12/2 10:58,"这也就是藏区，那群原住民得罪不起。
所以诸位别为公务员打抱不平了，但凡汉人多都不至于苦了体制。
你换传统汉地，真不至于苦了公务员们。
",2,zhihu
18,郭文汐,1163,2023/11/30 15:17,"所以说赛博朋克2077哪里是什么科幻，你看2023年的中国，已经有创伤小组的白金会员了。
",2,zhihu
19,冲破黑暗,242,2023/12/3 8:58,"请上海市卫健委公布这个救命电话
这种救命的电话
并保持24小时畅通
我估计全国的老百姓都想要关键时候打通吧！
评论里说打了同名不同待遇。
------在更新分割一下------
",2,zhihu
20,键来,0,2023/11/30 12:03,"从另一个角度来看，普通游客或许也能沾沾高级游客的光。
～
这回应不就是说以后普通游客，也可以请求公务员组织献血。
大家要记住这事儿，以后再有普通游客急需献血，我们就可以要求比照此事。
",2,zhihu
21,真实,242,2023/12/1 19:52,"我愿称之为：
网友们提出，这位高低得是个北极鲸鱼，或更甚。
北极鲶鱼（物理）
鲶鱼有9位数，那这位……
",2,zhihu
22,旺仔在偷看你,348,2023/12/1 6:38,"好几天了，姑姑到底是谁？
这么难扒吗
",2,zhihu
23,巧克力豆,859,2023/11/30 21:11,"。
",2,zhihu
24,神楽坂綾奈Kana,199,2023/12/2 2:25,"这体现了集中力量办大事、办好事的优越性，值得点赞！
而亮亮和丽君只要一想到祖国边疆的公务员都在集体为一个素不相识的陌生女子义务献血，同时还有一架湾流550公务机和一群华西医院的顶尖医生随时待命，不由得在融创的售楼中心挺起了骄傲的胸膛！
以上です。
",2,zhihu
25,ASDF,0,2023/11/30 22:12,"本来以为《活着》里有庆的事儿是有点夸张，没想到真能碰到。
",2,zhihu
26,孤读灯,155,2023/11/30 23:07,"人家西藏阿里的人都是无辜的，他们只是负责救人的，不管是怎么被动员起来的，救人是第一要务。这种敏感话题就不要瞄准他们了。
只希望以后平头老百姓遇到紧急医疗事件，也可以找到卫健委，协调医疗资源，打通绿色救助通道吧。
这位上海血槽女不得了，小姑姑更是牛逼，上海卫健委异地协调能力也是一流。
对了，上海卫健委的电话好打吗？
",2,zhihu
27,深蓝,199,2023/12/2 10:11,"上海卫健委发函。走过发文流程的应该知道。起文，送部门领导，部门领导签，送办公室，办公室核稿，办公室签批，送单位领导，单位领导签批，送办公室批文号，送排版，排版排，送校稿，校稿校，成文，盖章。这个发文才算完成。
这么快的发函，肯定是走了纸质签批，每个流程都没耽误。很厉害了。
",2,zhihu
28,文文,258,2023/11/30 15:44,"以后再发生这样的事，可参照此事办理，第一时间联系当地卫健委！
",2,zhihu
29,擎天柱大战六面受,737,2023/11/30 12:08,"沪上阿姨卖的比可口可乐贵是有道理的，毕竟用的原浆都是新鲜热乎带编制的
",2,zhihu
30,大汉魏王曹孟德,0,2023/12/4 18:23,"推荐大伙去看B站up主章北海official的这期视频。
丛林哥，讲真话，拘了。
李医生，讲真话，训了。
雪包姐老公，自称之前讲的是假话，目前没被拘，没被训。
章北海official和马逆有一个共同点，对事实进行最合法最合理的推导，提出一个最合法但是不利于家族传承吾辈责的建议，然后等着喇叭们来冲这些建议。如果喇叭们冲了，那么喇叭们自称减脂派，自称保守的皮就被喇叭自己撕下来了。如果喇叭不冲，观众也能从这些建议里看出喇叭话术的bug。当然，聪明喇叭的选择是，不碰这个滑梯，将火力集中于章北海和马逆“屁股歪了”。
",2,zhihu
31,花开城南,96,2023/12/1 16:18,"12月1日上午，大河报·豫视频《看见》记者以一位异地急需用血者家属的身份，求助上海市卫健委：
工作人员告诉记者，异地用血需要走正常渠道，求助当地的医院，在当地申请。
一位普通上海人民，在外省市需要紧急医疗救助，上海市卫健委能否帮助协调当地紧急献血？
“不知道外省是什么政策，上海用血的话，提出申请和求助，一般在哪家医院，是医院去协调的。当地有血液管理办公室，当地协调用血。”
一堆人洗，说普通人的普通事。
这么普通的事，工作人员怎么会不清楚呢。
",2,zhihu
32,一直住顶楼,578,2023/11/30 19:21,"从亮亮丽君到加拿大小留车祸，再到这次的献血事件，如果那些网上别有用心的小黑子1450们猜错了，早就事实全网漫天飞打肿他们的脸。
永远可以把疑点利益归于被管者，如果想不明白这个逻辑，说明你如果不是坏，就是大脑皮层太平滑了。
既然没有，那么说明他们的胡编乱造比起洗地大V们的逻辑更接近事实。
",2,zhihu
33,润雨,249,2023/11/30 9:19,"这种“坑爹文”能发出来，足以见得某些特殊阶层已经嚣张到了什么程度。
为什么一定要这种“荔枝新闻”一类的认证账号问题才上热榜呢？普通人的这个问题早已经刷爆了。
一点##敏感性都没有，所以对亲属完全没有任何教育和约束，甚至可以想象日常生活中是如何“言传身教”，让身边人如何“耳濡目染”的把特殊当常态，这些人和说出“何不食肉糜”的人有何区别呢？
",2,zhihu
34,张勃礼,186,2023/11/30 18:23,"快快请乌合麒麟来
",2,zhihu
35,双非化工南,0,2023/11/30 11:08,"“自己出来辟谣和官方出来辟谣都已经无济于事了。
各单位小组听明白了没有，现在开始行动。”
现在最主要的就是先把舆论压下去，因为互联网是没有记忆的。
",2,zhihu
36,白灼菜心,1233,2023/11/30 11:06,"说句难听的，如果发生车祸的不是该女子，而是在座各位。
各位认为自己也会有这样的待遇吗？心知肚明了。
",2,zhihu
37,昱洲G,344,2023/11/30 20:03,"多来点这样的新闻，好坚定我逃离的决心
",2,zhihu
38,巨山超力霸,91,2023/12/2 20:33,"医院里的人为了救县长女人的命，一抽上我儿子的血就不停了。抽着抽着有庆的脸就白了，他还硬挺着不说，后来连嘴唇也白了，他才哆嗦着说：
抽血的人对他说：
“我头晕。”
“抽血都头晕。”
“心跳都没了。”
“你真是胡闹。”
",2,zhihu
39,雨雪雨雪,53,2023/12/2 5:16,"我们这片土地，不仅有运动式执法，也有运动式市恩。
运动式市恩时，即便你贱如草芥，大佬看你冷饿，也会脱下衣服给你，也会把食物让你。所谓“王推衣解食”。
运动式执法时，即便大佬的儿子违法，也要锒铛入狱。所谓“王子犯法，与庶民同罪”。
我当然相信“为救人组织献血非个案""，贵区也一定有过往新闻作证。
毕竟”市恩“岂能默默无闻？
可是就算是真的，如果你们非得把此事作为”商贩和城管广泛存在鱼水情“的证据，就难免惹人发笑。
",2,zhihu
40,方阵,0,2023/12/3 13:59,"偶然在群里看到的，发上来让知友们鉴定下真伪。
",2,zhihu
41,上沙,106,2023/12/1 10:49,"说几点想法吧
二，以现在公信力的情况，怎么解释都没有人相信；
一，大概率是真的；
三，现实中阶级差距比想象中的大，有些事情普通人想都不敢想，对于天龙人可能就是稀松平常；
",2,zhihu
42,万乃石,226,2023/12/2 9:46,"语文书上曾经有一篇课文，叫《为了61个阶级兄弟》，也是这种集体动员救人的事儿。
力度这么大，却从没有人对其产生不好的联想，因为被救的人都是劳动者，是农民工，是阶级兄弟！
当时为了救援这些中毒的修路民工，可不仅仅是一个地区，而是整个国家的救援体系就动员起来了，甚至解放军都派飞机进行空运药品。
他们获救不但不会让其他人感觉占用了过多的社会资源，反而让大家都增强了安全感，因为我们也是和他们一样的普通人。
当我们看到人民国家能够为这些民工迅速动员起来，以极高的效率运转，每一个环节都全力以赴的时候，更加相信祖国的强大，内心充满了自豪！
",2,zhihu
43,fuccc,52,2023/11/30 9:05,"我说，你是坏人。
你说，是我有权威？还是因为你本来在别人眼里就是坏人？
所有人都认为你是坏人。
",2,zhihu
44,个十百千万,161,2023/12/2 4:44,"万幸血槽姐失的是血
如果失的是心肝脾肺肾....
",2,zhihu
45,宋冬野结衣,0,2023/12/1 21:36,"为了挽救这位姑娘年轻的生命
整个西藏阿里地区A型血的派出所民警，消防官兵，部队官兵，公务员全都积极自发共献出3000多毫升血液
相关部门周末贴心发函给上海卫健委组织援藏医疗队参与救治
民航局及时规划航线，前一天医生建议转院，第二天下午湾流飞机就已经降落当地机场……
这么正能量的事件如果能拍成电影，搬上大荧幕，那将比战狼更能提升民族自豪感，名字我都想好了就叫做《拯救侄女小余》，票房保守估计百亿，一经上映引起了国内外华人华侨的热烈追捧，评分一度超过当年的《拯救大兵瑞恩》，明年横扫奥斯卡各项大奖……
",2,zhihu
46,根正苗红老农民,137,2023/11/30 18:19,"人家用的是动用，如果用动员就更有意思了
",2,zhihu
47,liujacky,148,2023/12/1 21:17,"幸亏发生在中国！否则像是那四个红孩儿在加拿大 早没了！还是我国强大  遥遥领先！！！ 加拿大怎么就不能启用公务员献个血 包个机 真是不行，不看好加拿大
",2,zhihu
48,钓鱼王,56,2023/11/30 19:26,"有些新的报道又想把水搅浑
这件事也是，没人说献血的人不伟大。但这不是这个事件的关键。
就跟有灾情的时候，镜头永远对准的是施救者如何辛苦，而不是灾民的现状。
重要的是要讨论这个程序正义不正义。
这才能让大家有安全感。
",2,zhihu
49,路德维希圣,98,2023/11/30 14:19,"这个应该启动第三方调查。
发函部门如何得知此事如何受理需求，启动了什么决策程序。
小姑是谁，都起到了什么作用，包括这期间与相关人员的通话记录和微信记录以及会面记录。
阿里地区启动了什么程序，怎样决策的，怎样操作的，相关会议纪要和通知等等。
毕竟阳光公开和透明，能粉碎谣言。
",2,zhihu
50,新语,0,2023/12/2 6:24,"上个世纪五十年代，有个报道名叫（为了六十一个阶级兄弟），写的真好，就是专机送药救人的感人事迹。
各路媒体可以深入采访，写一篇好文章，题目就叫《为了一个阶级姐妹》，一定会轰动世界，流芳百世。
现在这事，和那事差不多，都是各方协调，众志成城，有人出人，有力出力，有钱出钱，为了救人一命，胜造七级浮屠，大爱无疆，旷世未闻。
",2,zhihu
51,fREEdOM,145,2023/11/30 16:15,"希望她的器官不要有什么问题
",2,zhihu
52,Zeno,81,2023/11/30 19:11,"什么叫“家奴”？
",2,zhihu
53,和光莫同尘,130,2023/12/2 2:39,"有些东西，不能细想，细想的话就会发现所谓进步，进步的是生产力，而非生产关系。
毕竟这里子里套的，是人。
与其说生产力决定生产关系，还不如说是生产力为旧有的生产关系编织了一件符合当下生产力的外衣。至于里子，至于这件外衣本身的作用，是不会，也不可能改变的。
这也是为什么欧洲Mz外衣里套着的其实是分封，而Sh外衣里套着的其实是集全。中东非洲某些国家别管哪副衣服，核心还是部落那一套。
最早开始革贵族的命，建立中产社会的，延续至今却仍旧以“冯”、“德”、“堂”为荣，以老钱为荣。在新大陆举起反英殖民旗帜的，却有着大批的“骑士”封号者，富豪子女热衷与欧洲老贵族联姻；同样在某个举起反压迫大旗的国家，人们一直以来都不是憎恶特权，而是憎恶自己没有特权。一旦拥有，少有不加以利用，因私废公的。
现在看到这种话题我不会生气，不会失望，甚至不会遗憾。这些都是早晚的事情。以前我说过，人，是有自毁性的。好多人没法理解：人都是求生，怎么会自毁呢？
",2,zhihu
54,杜莱,57,2023/12/2 10:10,"人家一直都强调了，自己就是普通人，就是普通家庭，走的就是普通渠道。
我就相信，这一家子就是普通人。
你怎么就老是不信呢？人与人之间的信任呢？
你又问了，那咱们怎么就不知道这种渠道，咱们怎么就办不到，甚至咱们根本连想象都想象不出来呢？
因为咱们都不算人。
",2,zhihu
55,我是谁,61,2023/12/3 10:01,"单纯从经验判断
反而因为得到了女频一般的公主待遇而忍不住开炫，完完全全的真情实感，没有一丝做作含金量。
女方家庭大概率真是普通家庭，一辈子都没有这么被权力宠幸过，死里逃生的女人毫无任何耳熟目染的政治自觉性，不知道自己已经成为一个引爆点
男方家庭肯定不普通，但是也强不到哪里去
恩泽让他能轻松凑齐120万，恩泽也让他自己掏不出120万，相信我如果这一切关系都是男方自身的，短时间内拿出1200万都不是难事，就像高赞说的一样。
这里就很微妙了，男方如果以前就靠这层关系嚣张跋扈，那以经验来看，多半是一点都请不动这种上一辈关系的。顶多是灰产/黑产不放心交给别人的时候才会安排自己人顶上。
",2,zhihu
56,圢宇,52,2023/11/30 14:18,"只有少数人能享受的正能量，就是最大的负能量 ​。
",2,zhihu
57,何济世,89,2023/11/30 22:50,"任何时候都不要忘记阶级斗争。
阶级斗争用文艺一点的话说就是与系统性、结构性的不公平做抗争。放弃阶级斗争，就是向权贵投降！
",2,zhihu
58,恨乎党,432,2023/11/30 10:33,"比亚迪赢麻了，这下高端品牌形象竖起来了，权贵都开比亚迪宋
",2,zhihu
59,等待下一个180天,559,2023/11/30 10:52,"这个小姑姑肯定是公务员或者公务员家庭，但应该不是卫健委部门。
职位应该在处级或者到厅级之间，这样层级的领导才能让所属部门发函给卫健委。
",2,zhihu
60,Terminus,0,2023/11/30 22:18,"所以说国内的人玩什么steam嘛，这日子过得不比赛博朋克科幻？
",2,zhihu
61,Sean-v,112,2023/12/1 11:10,"以前有传闻说有的领导要警卫员定期供血之类的，我是根本不信的。。。
现在我信了。。。
",2,zhihu
62,Nick,687,2023/11/30 12:14,"余华写了一个小说，叫“活着”。县长的夫人急需要用血，老师鼓动孩子们去化验血。结果富贵的小外甥跟县长夫人的血型匹配上了。抽一管不够，抽两管不够，最后直接抽干了，孩子死了。怎么解决的呢？负责的老师躲起来了，医生也躲起来了，好在县长认识富贵，给富贵下跪去了。富贵最后只能认了。
这残酷的社会哟。
生活现实来的远远比小说更加丰富多彩。
",2,zhihu
63,zhulei,120,2023/11/30 12:05,"非个案，那有庆还够不够？
",2,zhihu
64,到底怎么吹,79,2023/11/30 11:16,"人家小姐姐已经原谅你们了
再纠缠下去有意思吗，男的勿扰
",2,zhihu
65,哈哈嘿,0,2023/12/1 13:41,"原来我以为体制外是  牛马
—————回答已无法评论————
现在看来，体制内的底层也是
",2,zhihu
66,槿年,66,2023/11/30 9:41,"停一停吧别说她了，那些人只不过是 自愿 献血而已，她可是哭了一场了
",2,zhihu
67,飞鸟丶Dr.Lethe,53,2023/11/30 20:00,"给她一次西藏阿里游，她能让上海直联西藏，堪称大型反转纪录片，拍成电影绝对卖座，电影名我都想好了，就叫《阿里余生》，弘扬的是我国机关工作人员的无私奉献和机关事业单位闪电般的办事效率与决绝，以及父爱如山。剧情简介：一个普普通通的女孩和老公婚后计划前往人烟罕至的西藏阿里地区度蜜月，途中遭遇车祸，命悬一线，好友得知后焦急万分，联系亲戚帮忙发函至上海市卫健委请求帮助，卫健委某领导当即决策致电阿里地区，说明情况，火速救援... ...女孩父亲是某国家项目工地的普通工人，得知小女儿出事，短短数分钟内向工友领导借款120万元，租公务飞机火速直运危在旦夕的女儿，欲知女孩后事如何，请看女孩本人病危时刻的抖音自拍实录即可。
2.朋友的姑姑，甚至不需要逐级上报联系上海卫健委，人在西藏，却联系上海卫健委，而不是其他离着近省市区级的卫健委，隔着千山万水，所以必然有“关系”。现在越级上访都会被违法拘留。没点关系你连大门都进不去。
1.大部分的普通人看到这个新闻，第一反应不是“人的生命力有多么顽强”，而是有个“有权有势的家庭”真的可以“买命”重生。一般人铁定就交代在西藏了。
3.这个女的伤的确实很重，“肝脾破裂，感染性休克，多处肋骨骨折... ...”抢救都得是多学科联合，同台手术，必须称赞一下四川大学华西医院，不愧是全国综合医院排名第二的医院。正所谓“阎王要你三更死，协和、华西留你到五更”。
5.最后，值得庆幸的是，还好她不是熊猫血。
",2,zhihu
68,焚琴煮鹤,92,2023/12/2 12:30,"这几年的怪事，总让人想起苏联。
希望不要走苏联的老路阿。
",2,zhihu
69,阚野,33,2023/11/30 19:52,"我没搞懂，为什么要找上海卫健委？西藏，阿里没有卫健委吗？？
咋的，藏区的医疗机构看你是外地人不管你？？？
出事了都要找自己家乡的卫健委来协调，咱们是一个统一的国家吗？？
还是说，家人只能找到上海卫健委？？
",2,zhihu
70,王富贵,0,2023/11/30 10:01,"为什么发生此类事件，很多人第一反应就是特权阶级，这是为什么呢？？？
因为普通人知道自己遇到这种事情，遭受到的是什么样的境遇。
上次孕妇过万cc血液也是这样，这是为什么呢？？？
",2,zhihu
71,出走的切糕,107,2023/12/3 9:23,"工作都安排的明明白白了
亮亮丽君:我也是大专？为啥没人帮我安排？
",2,zhihu
72,帝释天,41,2023/11/30 16:07,"梦回2077让人感动！
普通人联系了wjw，还致函获得了跨省帮助，真是把普通人感动了。重病上网求助的那么多普通人，是不会打电话给当地卫健委吗？
希望公布更多具体细节，让大家学习学习，弘扬以人为本的正能量，也方便大家在出现“类似”的情况下，及时得到救助！
",2,zhihu
73,黑马,53,2023/12/1 12:55,"这么感人的伟大的社会主义力量千里救援，新闻联播竟然不做重点报道，实在不该
",2,zhihu
74,思来想去的猪,102,2023/11/30 9:33,"有一句话家属说的没错。
因为体制内不存在强制，大家都是自愿奉献的。
“献血不是强制的，都打过电话、征求过意见。剩下的血也会被存在医院血库，不是只给我们用。”
更让我惊讶的是，有钱真的能做到这些，轻轻求助一下，就有两地卫健部门为之动员献血，部队官兵、公务员为之蜂拥而至。一百多万都是借的，一借就有，还能联系到直升机直达华西医院。
手动IP：山东
",2,zhihu
75,Him,0,2023/11/30 19:43,"“动用”这个词用得好啊，知乎上YYDS，打不烂的金饭碗在人家眼里也就是随时可以用的工具罢了
",2,zhihu
76,炫光,52,2023/12/1 12:32,"她们竟然还心安理得，甚至拿出来炫耀，真的不是一个世界的人了！
",2,zhihu
77,默默的文森特,55,2023/12/1 8:39,"一个电话，几十个公职献血、专机送回、警车开道、进最好的医院
但是现实就发生了
这种剧情，霸道总裁玛丽苏都不敢写
艺术来源于生活，但远远不如生活啊
",2,zhihu
78,不见故人,37,2023/12/2 0:25,"“小姑姑牛逼”
不是应该感谢阿里献血的全体公务员吗？
？？？
评论里，几个比喻的非常好，无背景的基层韭菜们可以对号入座，看选哪一种当
",2,zhihu
79,简单,95,2023/11/30 9:44,"特权可以存在。
但不顾老百姓死活的特权就难说了。
",2,zhihu
80,好奇的中年大叔,0,2023/11/30 21:04,"7000毫升血，只需要35个人献血就够用了。
如果一万个公务员献血，每人200毫升，就能献血200万毫升。
那全体公务员献血，其实对血站更有利。
就能救285个这样严重车祸，生命垂危的人。
卫健委多多号召公务员献血！
",2,zhihu
81,非必要不说话,46,2023/11/30 12:01,"西藏原来归上海管啊。
",2,zhihu
82,沉默驴子,296,2023/11/30 9:20,"这件事大家主要疑问在于：
2-当地卫生部门使唤不了援藏医生，必须请上海市卫健委协调吗？
1-为什么需要上海市卫健委要求下才能启动集体献血？当地卫健委组织不起来吗？
3-如果一切都是正常操作，为什么非要绕回上海这么大一圈？这应该是不正常才对。
",2,zhihu
83,般若鼠,68,2023/11/30 19:51,"现在民间拒绝献血确实有作用，等到器官移植的血不够那天，社会进步就很大了
",2,zhihu
84,精神病院长,70,2023/11/30 19:18,"哎，谁需要治疗？原来是有庆精神有问题啊。
",2,zhihu
85,红茶还是绿茶,36,2023/12/1 23:15,"12月1日上午，大河报·豫视频《看见》记者以一位异地急需用血者家属的身份，求助上海市卫健委：一位普通上海人民，在外省市需要紧急医疗救助，上海市卫健委能否帮助协调当地紧急献血？工作人员告诉记者，异地用血需要走正常渠道，求助当地的医院，在当地申请。
",2,zhihu
86,叽叽哇哇,36,2023/12/1 21:46,"洗地的人出来解释解释，这还是记者呢，你信不信你连电话都弄不到
上海卫健委：需要小姑姑发函
",2,zhihu
87,李时珍的皮,61,2023/11/30 17:56,"我也是十四亿分之一，我怎么体会不到看病难？
一切过错在美方
",2,zhihu
88,故园老丁,18,2023/12/1 23:59,"大家好，我是老丁。
换言之，万一某天“主角”换成了芸芸众生中命悬一线的“小张”、“小李”、“小王”等时，一切是不是也顺理成章、同理可得？
“血槽姐”事件至今天仍在持续发酵。真正让众多吃瓜群众意难平的，或许并不是对事件“女主”小余车祸后的抢救接力、人间大爱、生命奇迹等感到“嫉妒”，而是不禁想问，如此不计代价的救治，是否具有某种普惠性？
今天上午，《大河报》记者以一位异地急需用血者家属的身份，求助上海市卫健委：一位普通上海人民，在外省市需要紧急医疗救助，上海市卫健委能否帮助协调当地紧急献血？
记者进一步询问，被上海市卫健委协调救助的小余，之前是否有这样的救助通道？工作人员表示，自己不清楚，会将需求记录下来，会有专人在1至15个工作日内联系记者，“截至发稿无人与记者联系”。
",2,zhihu
89,南望江,14,2023/12/1 8:18,"就想关注关注她老公的小姑姑是哪位，剩下的就当国家做了好事不可以吗？
只要把小姑姑给挖出来就好了。
毕竟是一条生命，能挽救还是尽量挽救。
",2,zhihu
90,奥特之父,0,2023/11/30 20:12,"我侄子问我 为什么说资本主义好。
打个比方吧，你在资本主义的地方，谁有钱谁就可以欺负你。
我说，资本主义不好，但因为资本主义是一元的，某些事实官僚资本主义是二元的，相比之下资本主义好一点。
但现在你在某个官僚资本主义的地方，谁有钱可以欺负你，谁有权也可以欺负你，欺负你的人多了好多，怎么办?
我说，你自己想想概率，哪个大一点。而且有没有可能，你很难赚大钱，是因为大部分钱被那些人毫不费力地拿去或者印出来了?
",2,zhihu
91,迷糊,63,2023/11/30 20:30,"有的人觉得没难度，是因为本身就不是普通人了。且不说献个血由上海卫健委发函而不是阿里区域倡议献血，包机普通人能凑100多万现金，动用医疗专机跨省运护，还住在全国数一数二的华西医院里，我这个草民真的做不到。
权力的小小任性
换做我遇到这事，大概率我哭成个狗，辗转几趟好不容易赶去阿里，都不一定能见我亲人的最后一面。
",2,zhihu
92,古青,2663,2023/11/30 9:57,"这事完全就是那两口子自己造孽。把一个一方有难多方支援的正能量故事，生生弄成了权贵抽基层血的故事。
她姑姑做的事，可能就是通过上海卫健委协调了一下当地的资源，你要说找了关系也确实说得通。但是，这可是救命！  换成任何一个人，在亲人的生死存亡面前，想点办法都是正常的。况且，上海的卫健委难道做错了吗？难道他们非得不闻不问听任那人死掉才是奉公守法吗？
真权贵会开比亚迪进藏吗？真权贵会在镇上的银行柜台上班吗？当然上海的镇银行待遇肯定比其他地方好不少，但离权贵还是太遥远了。
而且整个过程也很正常，类似紧急救援的事情，这些操作都是常规手段。还记得上回那个羊水栓塞用了6万毫升血才抢救回来的产妇吗？她又是啥权贵？ 无非是在救命这件事上，我们的医疗系统一贯高度重视的准则而已。
本来就是一个我国的医疗体系快速响应，社会各界八方支援的正能量素材，却被那个脑子缺根筋的女人搞砸了。这种人的脑子长期受小红薯那种东西的荼毒，装逼炫耀几乎是刻在骨头上的。哪怕是自己遭遇大难，仍然第一时间是炫耀自己的姑姑，假装自己是出身手眼通天的权贵家庭。然后给帮助过自己的人带来天大的麻烦。
",2,zhihu
93,蒙丽莎,27,2023/11/30 21:53,"有些人说救命的事就应该不计代价， 动用点公权力怎么了？ 这逻辑有问题，真是救人第一的话， 没有这封函为什么就不能救了？ 吃点喝点贪点效果也就那样，  给亲戚续命才是真牛逼。。。找专家找病床啥的大家都明白都习惯了， 您在这为侄女一人跨省调配医疗资源呢， 确实牛逼。
",2,zhihu
94,以后啥都不说了,56,2023/12/2 11:42,"看那些洗的，我真是觉得人格无下限
说挤三人病床，你知道华西医院全国排第几不？普通病床都一床难求，还给你预留icu？我哥们为了在协和给他爹弄个床位做透析，找相当的关系都花了40多万。
说富人不开比亚迪，回头就是包机？有人说包机没几个钱的，你看看手续好批不？
说公务员义务献血的，都是自愿的，平时你生活遇到点困难你去找找有关部门试试？
救人没有问题，生命都是值得尊敬的，但是，我们介意的平等，是我们遇到同样问题的时候我们是否可以得到相同的对待？！
余华先生的书大概率要被禁了
",2,zhihu
95,小透明熊熊,0,2023/11/30 9:26,"车祸的另一方呢？现在情况怎么样了？
",2,zhihu
96,鱼兔,10,2023/12/1 17:54,"社会舆情只要没有进一步的爆料
所以还有哪些信息值得关注？
涉事单位和个人保持沉默，等待热度消失就行了
没有！
",2,zhihu
97,蜗牛滚啊滚,50,2023/12/2 13:58,"时代还是进步了，《活着》里的有庆被抽死了，现在人自愿的多了，没有生命危险了
",2,zhihu
98,亦明,42,2023/11/30 16:43,"这位获救女性的脑子显然需要社会主义再教育。
如果不是现在并非战时，这样的人是完全可以划入“敌人”阵营的。现在真正的问题是，持这样观念的人，在队伍里有多少？
新中国建国最大法统就是反帝反封建，板上钉钉排在第一位，甚至远在马列主义之前。反帝反封建放在当代的价值观映射就是反特权。且不讨论这个事件里各路纷繁嘈杂的噪音中反映出来的特权事实是否存在，这位获救女性居然敢于在公共网络空间实名发表这样的言论，足以证明她本人对我国的社会主义政权最大合法性来源是完全不认同的，对人民的基本态度是蔑视、敌视甚至仇视的，连最基本的政治正确都不讲了那是不是说明政治上完全没有一点正确观念？
有些事不上秤没有四两，上秤何止千斤。美式政治正确的笑话讲的够了，我看我们的政治正确也该讲一讲了，不然老有人觉得我们的政治全是不正确的！
",2,zhihu
99,王翼之,8,2023/12/1 11:57,"针对这种事实论述，判断标准很简单。
则只需要看发生同样的事情，类似流程是否可以重现？
如要验证「为救人组织献血非个案」是否为真。
",2,zhihu
100,一觉醒来又赢了,0,2023/11/30 22:26,"幸好只是需要血，没伤及心肝脾肺肾
",2,zhihu
101,Jack,30,2023/12/1 10:12,"扯这些有啥用？
卫健委的电话打一打不就知道了？
我们普通人没权还没有电话？
他们什么反应试一试不就晓得了？
你真以为我们不懂？
人民胜利今何在？满路新贵满目衰。
",2,zhihu
102,台湾是中国一个省,46,2023/11/30 16:12,"洗地的别洗了，我想问问如果是你们，会有zf部门帮你发函吗？要扣网络喷子的帽子给我无所谓，你倒是洗好点地啊
",2,zhihu
103,宇哥,206,2023/11/30 12:14,"怎么说呢，这事逻辑上说不通
那么正常的逻辑是不是感谢那些为我献血的有人间大爱的陌生人，然后再感谢我的爸爸
如果我遇到危险，求救有关部门，然后爸爸举债包机，救我一命
这怎么感谢起小姑姑来了，所以我挺困惑的
",2,zhihu
104,zhiye luan,12,2023/12/2 9:56,"这是吸血吸惯了的既得利益者对自己特权身份认同感的真情表达。他们觉得那是他们应有的待遇，没感觉需要感恩献血者。
最受伤的莫过于阿里地区献血的及帮他们的公务人员了，本来以为自己是光荣的公务员，后来发现不过是私务人员，身上流血了心里也在滴血，嘴里有种吃了苍蝇的恶心不适感。
",2,zhihu
105,野村少佐,0,2023/12/1 7:22,,2,zhihu
106,微胖大叔,10,2023/12/2 7:48,"如果你只是个小人物，身后没有背景，没有运气加持，一路从底层踉踉跄跄走来，你就会明白，能认识到小心翼翼的重要性，并贯彻到你的人生中，是多么的重要。
《狂飙》火了以后，网上关于高启强的评论很多，有人觉得把一个黑涩会捧得这么高，这个社会是不是生病了？
人生的路上，没有陪过笑脸，是不会成熟的。多少年，多少个饭局，陪过多少个笑脸，也看过别人陪的笑脸，才能明白人生之艰辛。
事实上，如果先不提后来高启强发迹的故事，单就说卖鱼商贩小高，他就是千千万万个“我们”之一。没有小心翼翼，可能小命都玩完了。
高老板知道，即便自己没钱，但是对于这些人，不给足他们钱，他们是不会走的，无论自己陪多少个笑脸，无论多么的小心翼翼。
",2,zhihu
107,知名魔法少女,40,2023/12/1 10:44,"献祭魂环给少爷小姐，是每位NPC的出厂设置。
——觉醒·御龙王-道格拉斯·麦克阿瑟
",2,zhihu
108,一叶知秋,17,2023/12/1 21:59,"谢邀～
就说现在这个局面，看zf打算怎么解决吧：
公信力丧失，这种话题就不谈了，大家都谈了这么多，说多了容易被封……
如果上海卫健委的操作没有问题，这的的确确就是一方有难，八方支援的正能量故事，那么上海卫健委就应该公开追究这位“小公主”夫妻俩恶意造谣的责任，给阿里的公务员们和关注此事的公民们一个交代！否则，阿里当地军民的古道热肠被这夫妻俩扭曲为逢迎权贵，着实令人寒心！此名不正，难保这不会是第二个南京彭宇案！
让我们拭目以待吧～
",2,zhihu
109,刺猬cccc,21,2023/11/30 20:56,"天龙人的命也是命
",2,zhihu
110,李非,0,2023/12/1 11:25,"只能说这个女的真的是某地方小市民
自己啥家底不清楚
小聪明没有大智慧
还炫耀？
这个关系可能是这个小姑姑
平时的接触很少
",2,zhihu
111,小丘,10,2023/11/30 22:22,"首先，这个女子能脱离危险，我真心祝贺。
其次，如果我身在西藏，我要是知道她是一个不知道感恩，把别人的爱心当驴肝肺的渣渣，给她献一滴血，都是对我自己的不尊重。
",2,zhihu
112,D24S2CQ,53,2023/12/1 19:28,"注意到一些回答开始把信息往姑姑是男方的方向上引导。
舆论公司的人接到任务开始上班了属于是。再过段时间定义为成男方的姑姑，再应网友要求公布下男方的姑姑是谁，的确是个普通人。这几天先把女方姑姑留在网络上和单位对外信息里的痕迹和姓名岁月史书后台编辑清理修改隐藏一下，查无此人，刚好网页快照功能早没了，这事就算糊弄过去了。
男方的姑姑，和女方的姑姑。
",2,zhihu
113,瓦尔格·钢铁之子,44,2023/11/30 9:23,"公务员被卫健委强制献血那就是人间黑暗。
公职人员为异乡病人接力献血是正能量新闻；
笔锋一转，谁是谁非
",2,zhihu
114,白色花,61,2023/11/30 9:30,"公权私用，这件事本来是一件好事，可是不是普通人能享受到的。“特权”，永远是我们的敌人。
",2,zhihu
115,乌鸦哥,0,2023/12/2 15:22,"这件事并不是因为某人超规格的医疗待遇或包医疗专机让大家愤怒，更多是因为在其他人没有办法享受这种公权力所带来的待遇之下，而她享受到了。
大家的愤怒也就是来自于此，你花120万包机，大家只会说：WC，真有钱，但也只是如此。
当大家知道这种公权力被公权私用，甚至私用的只是给公权力周边的一个小人物，而只是使用公权力溢出的一小部分她就可以享受这种资源。
",2,zhihu
116,然若,36,2023/12/3 23:31,"这件事最可怕的地方就在于，自始至终，各方操作都是符合流程和相关规定的，不存在任何暗箱操作。
但是同样的流程，有人两天就能走完，有人两年都到不了下一步。
",2,zhihu
117,mo聊人,8,2023/11/30 16:56,"额，上海卫健委，阿里地区的相关部门，真特么哔了汪了，闲着没事儿乱吹什么牛逼，这特么年都过不好了！
",2,zhihu
118,罗本,45,2023/11/30 19:59,"还有哪些信息值得关注？
2.这家人好有钱啊，怎么赚来的？一定是勤劳致富吧？
1.小姑姑是谁啊？
3.如果受伤的是我这样的普通人……
",2,zhihu
119,申鹏,532,2023/11/30 8:21,"这个事情，大概率就是小年轻九死一生之后吹牛逼，加上一些新闻媒体无中生有，白费了人家当地人民的感情。
大家觉得不合理的，可以回想一下，救灾救难的时候，我们国家的军民是什么觉悟，是什么凝聚力？只要是在军队、公职单位内，谁还没主动献过几次血？
人家救她，更大可能是出于社会主义的觉悟和良心，不是什么“背景”和“关系”。
再看看她出事的地方，是家家户户挂着毛主席像的地方，在那里，毛主席就是“文殊菩萨”，解放军就是“金珠玛米”。所以，当地军民自发救苦救难，是理所当然的事情，当地战士献血救藏民的新闻不知道有多少……不会因为她是个上海小姑娘就有什么不同。
输血7000毫升其实也不是什么大新闻，11月份太原产妇出血8000毫升，8月份南宁产妇抢救使用了6.7万毫升血液，人家也没什么关系和背景，靠着大家齐心协力不也救下来了吗？生死攸关的时候，大家首先关心的是救人！其他都要等先把人救下来再说。
",2,zhihu
120,deflagtion,0,2023/12/1 11:03,"看着大家开骂，我就放心了
美式特权绝对不能在塞里斯重演
还是有反特权的声音的，没有放弃并接受建制派政治精英特权阶层的存在
",2,zhihu
121,十年,41,2023/12/2 5:12,"不说其他的，也别跨省了，就是你现在出意外了，躺医院里缺血，你能找到你当地卫健委领导的电话嘛？你能在你当地的县里能找到卫健委领导并让他给你协调各种医疗问题，你高地也算是个人物
",2,zhihu
122,秦制终身用户,40,2023/12/3 17:15,"2016-07-20 13:42·中国军号
来源：中国军网-解放军报
7月19日上午，西藏阿里军分区接到阿里地区中心血站求救电话，3名地方群众不幸发生车祸，其中两名群众因脾脏破裂引发失血性休克，由于中心血站库存血液不足，急需A型血。接到求助后，阿里军分区官兵闻讯而动，迅速组织23名A型血官兵赶赴医院向两名患者献血4000毫升。截至发稿时，两名民工已脱离生命危险，生命体征一切正常。
补几个包机的，这家公司专业承揽医疗包机业务https://mp.weixin.qq.com/s/s26yJXaWLqQxnCUxzffP9A
进一步补充，什么三年不上班，那是高德地图注册时间，你要这么看，我都7年不上班。
",2,zhihu
123,9除以1.5等于6,30,2023/12/3 19:17,"让人不禁想起来去年山东缺血还得往外运。在这里有人的命确实比其他人贵。
哈哈，偶然看到图了
",2,zhihu
124,及第状元郎,5,2023/12/3 0:02,"哎，某些人的小伎俩见不得人，只敢在文字上扇阴风，点鬼火，一肚子坏水。
问题出在「为救人组织献血非个案」这句话。
西藏阿里全体公务员为一女子献血并没有错，救人一命胜造七级浮屠，这是真真正正的以人为本。
看到这句话，我只想到了经典一个笑话：广州府的万知府透露他租住在珠江新城的房子每个月600元，他说一套房动则几百万，年轻人可以租房不一定要买房，后来很多年被人戏称为600帝，这也是很多人喜而乐见的笑资。
上海市卫健委一如既往装傻，把脑袋埋在沙子里。
你敢说只有血槽姐一个人享受过私人订制的医疗服务吗？你信吗？？？
",2,zhihu
125,快没查克拉了,0,2023/11/30 9:10,"新闻机构什么时候可以用网传来当新闻源了？
媒体人还有一点的职业素养和职业操守在吗？
",2,zhihu
126,壶洲古月,8,2023/11/30 19:47,"其实大家都是普通百姓，只是有些人更普通一些。
其实社会是公平的，只是有些人更公平一些。
其实每个人都是平等的，只是有些人更平等一些。
",2,zhihu
127,洛克船长,24,2023/11/30 23:58,"这只是权力一点小小的任性
",2,zhihu
128,几章,31,2023/12/1 11:34,"倒是洗洗姑姑
看了半天这群洗地狗没一个专业的
",2,zhihu
129,窖藏白干五两,10,2023/11/30 12:32,"目前事件脉络越来越清晰了，这种也是常发事件。
翻译翻译，什么叫负重前行啊（后仰）
话说被带节奏才是常态，不被带才怪了。
",2,zhihu
130,曉騼,0,2023/12/3 8:23,"电影《天下无贼》有个经典桥段，刘德华驾驶着刚从富商那里诈骗到的宝马准备离开小区，保安问都不问立即放行。刘德华却停下车来拍着车门训斥保安：“开好车你就不问，开好车的就一定是好人吗？”。
但公务员集体献血者是，刺激大众神经的不是仇富。而是一种特权的延申。是原本维护公平的东西，变得不公平了。
财富差异所造成的“特权阶级“ ，咱们普通老百姓，就是酸真说不出啥，靠本事挣钱呗。
余华最好的一本小说就是《活着》主人公 富贵有个儿子，叫有庆。有一天跑着去上学，赶上县长夫人，在医院生孩子大出血，亟待抢救，学校老师赶紧组织五年级的孩子全去医院献血。善良的孩子们不懂以为是光荣实名，验血后不符合还很沮丧。可巧，只有瘦弱的有庆血型配上了。
福贵赶到医院太平间望着儿子的尸体几乎不敢相信，上午出门还跑着上学的儿子，怎么就死了。而一旁的医生竟然说：“你为什么只生一个儿子呢？”
",2,zhihu
131,我就不说,11,2023/11/30 14:03,"另一个问题下面的描述是：当事人老公说当地相关部门建议他求助上海卫健委。
那么谁在说谎？或者谁隐瞒了什么？
这个问题下面的描述是：当地血不够，当地相关部门就地组织献血。没有提到上海卫健委。
在这个问题下的描述里，发现了一个之前不知道的“知识点”。
",2,zhihu
132,日本小男孩儿,22,2023/12/1 18:35,"同时办成这三件的难度，不亚于让刘亦菲，迪丽热巴同时给你侍寝
",2,zhihu
133,可乐猪,2,2023/12/2 10:52,"心疼阿里公务员，明明也算是半个官老爷，怎么变成了别人的“血奶牛”了，而且还非个案，考公的时候，是不是还得考虑一下自己身体里的血，够不够抽，万一谁需求的血多了，再真的变成《活着》里的有庆，那可麻烦了。。。
",2,zhihu
134,李工,1,2023/12/1 9:16,"希望中纪委进行调查，向公众释疑。
",2,zhihu
135,哞哞,0,2023/11/30 16:28,"记得前一阵子血荒，还在鼓励献血，但实际效果...？
对比这次公务员献血，那真是国家的话不如小家的话管用？
",2,zhihu
136,Coexist-22,11,2023/12/1 12:17,"感恩不是熊猫血吧，要不全国的可怜兮兮团结互助的熊猫们要被上抽水泵了
",2,zhihu
137,浪知知人,24,2023/12/1 9:47,"可怜有庆
原来我就是有庆
不想成为有庆
",2,zhihu
138,职场思维导图,3,2023/11/30 22:31,"1.当地的回应可信度有多高？是配合魔都演戏，还是当地的公务员、民众真的这么淳朴？
3.普通老百姓能在第一时间筹集百万资金？
2.魔都真的会为了普通老百姓做出怎么巨大的努力？又是包机，又是协调公职人员献血7000多毫升？
这一切的一切，如梦似幻。感觉都是理想王国中才会发生的事情。
",2,zhihu
139,鼎剑阁霍展白,18,2023/12/1 15:12,"你炫你有一百个限量版包包你炫你有八百平的汤臣一品你炫你有南池子附近的四合院
你炫你有十个矿二十个上市公司一百个超模...这都是小炫
你炫你有劳斯莱斯幻影，车号8888你炫你有私人飞机私人游轮
真正的大炫是
",2,zhihu
140,法王,0,2023/12/5 5:34,"谢邀，网友总结的很齐全了，我就插个眼增加一下热度吧！
——
",2,zhihu
141,飞翔的铁球,10,2023/12/2 11:33,"不管多少人用制度优势，用爱心接力来洗地，我就知道我们普通老百姓需要大量用血，别说跨地区跨系统跨部门，喊来大量陌生人紧急献血；我们就是求医生先用血再补上，他们都不肯。
突然觉得今天和唐宋元明清有没有区别？貌似区别很大，又貌似没有区别。。。
我们普通老百姓包长途车回家都舍不得，当事人可以包机接人，关键是上百万还是借的。。。
",2,zhihu
142,万颜,7,2023/12/3 14:27,"请相关部门查查吧。真相很重要，至少对我们这些固定献血者来说是这样的。
如果是真相并非外界传说，也请在这件事儿上还体制清白。
我献血是为了老百姓，也可以是为了公务员、军人、医生、老师……只要急需，咱就上！但绝不能是为了靠搞特权使用我的血液的人。
我献血，最初只是出于善意，方便时就去献血屋，能献就献，身体素质达不到要求（血红蛋白低）就等以后再说。后来频频献血，是因为疫情防控时，我看到老百姓眼睛里流露出来的绝望，他们担心失业，或生意不好做，生计艰难，我心里是针扎一样的疼，我安慰他们鼓励他们，耐心听他们的倾诉，而后看着他们的眼神开始充满希冀，我感受到他们对我这个公职人员的信赖，就很想做些力所能及的事情。说白了，促使我频频献血的动力，源于我的公务员身份和对老百姓的感情。
当然，我也搞不了特权，顶多我老娘一把鼻涕一把泪跪求大家救救她闺女。
",2,zhihu
143,乾逸,15,2023/12/2 12:19,"都不说阿里这种跨地区跨部门了
生死关头打电话给卫健委求几袋血救命看有没有人协调献血
你要是个普通人 在上海
打不打的通另说 最后大概率是一句“这个事 得找相关部门 我们没有权限”和“去问医院和血站”
最后还是得靠求医院问血站有没有多的配额  全市这么多人等着用呢
在医院天天看到一些血液病的小病人 指标都掉到什么程度了    家属都跪下了才能发一袋血小板来
",2,zhihu
144,长歌细诉,83,2023/11/30 10:55,"评价为小仙女装X不讲基本法，
你说有人家里能跨省调动医疗资源我信，
你说有人大出血动员当地公职人员捐血我信，
你说有人利用身份擅自动用公权关系我都信，
青藏地区，由于地广人稀（真正意义上的地广人稀，阿里地区总户籍人口不到十万），环境恶劣，特殊形况下军队、党员献血其实并不罕见，乃至用军机送病人急救都不是什么稀罕事，但这个龙傲天姐介的幻想剧情，是真的逆天，和复旦十八驴没有什么两样，她虽然没有这个能力，但从她的行文表述来看，这位是真拿给她献血的当血包了，可怜那些热心肠的救了这么个沙比，建议当地下次救人前先查户籍，某些小资她真的不配。
",2,zhihu
145,后天,24,2023/11/30 1:16,"不是，就不能往好的方向想吗？
为什么不能是出于爱心和奉献精神？
为什么我们的公务员就非得在领导的要求下献血？
为什么？
",2,zhihu
146,天天修车,22,2023/11/30 13:20,"坏了，吴签二审审早了
",2,zhihu
147,山民,97,2023/11/30 12:31,"其实很简单。女子自称姓余，那姑姑也自然姓余。卫健委的领导姓名属于公开信息。目光不要局限于区区上海。
",2,zhihu
148,neo anderson,0,2023/11/30 12:20,"有读者在知识星球问过这件事。
当年有为了六十一个阶级兄弟，全国接力。现在有为了一个鲜活的生命，全区抽血。
我觉得这事应该上《新闻联播》，大爱无疆，从死神手中挽救回生命，多么正能量啊……
感恩得我热泪盈眶。
社会在进步，中国人的生命越来越受重视，别人没感到温暖，不代表不存在温暖。
当初有一个小女孩，入职某公司，高层一再暗示要潜规则她。这位小女孩回答，如果我艾滋病阳性，我一定第一时间找你约……
",2,zhihu
149,jkh,18,2023/11/30 19:34,"之前把自己当文人，一听住牛棚气的牙痒痒，现在才知道自己是穿着长衫的孔乙己，我只想说，你挑的嘛，偶像
",2,zhihu
150,cyx,20,2023/12/3 13:17,"大家好，介绍一下我自己
民族：牛马
国籍：中国人
学历：孔乙己
血型：有庆
",2,zhihu
151,这天那么蓝,27,2023/11/30 17:03,"补丁一点点的打，最后结果就是衣服没法穿了。
",2,zhihu
152,Billy,0,2023/12/3 12:53,"天天纳税供养这些公务员，给大众出出血怎么了，合适得不得了
",2,zhihu
153,kiwi,0,2023/11/30 22:55,"程序没有问题，普通人无法复制。
",2,zhihu
154,非正常人类症候群,16,2023/11/30 22:25,"只能说，动用这个词用的很到位，很符合大家对北极鲶鱼们的印象。
",2,zhihu
155,塔中幽魂,21,2023/11/30 16:11,"有回答说是上海援藏，所以上海相关部门能享受这个照顾。不过再怎么说也是潜规则。暴露出来后就不好使了。
人生而不同不是新鲜事，但是得了便宜还卖乖，普通人当然不伺候
也有回答说是卫建委接收到其他单位的公函才协调，看看时间线就知道，这种发函对接的高效率在公务员系统中出现是一件多么反常的事情。
这次事对阿里地区的影响我不清楚，但是对看过这个消息的人都是献血劝退。本来献血的人就是学生，军人这些群体是主力了，一般超过45岁献血就不被接受了，想想公务员系统里面能有多少年轻人，而且女性由于生理原因容易导致贫血，这又排除了一部分人选。
",2,zhihu
156,陌间,6,2023/11/30 20:48,"没啥可说的。
小姑姑牛逼嗷！
",2,zhihu
157,sionfinger,16,2023/12/2 11:50,"大家还是保护好自己的基因隐私，别动不动就上了《知乎广告：几块钱测一下你祖宗在哪的》邪。
万一和美国的哪位洋大人配信配上了，以后走夜路就多多注意啊。
",2,zhihu
158,luv,24,2023/11/30 14:25,"本来是各方单位携手合作齐心协力冥土追魂的正能量
事不是什么大事，也不是只有特权才能做到的，不过是这小布尔乔亚发炫耀帖子把自己吹成特权阶级罢了。
毁于小布尔乔亚的炫耀心态，无良媒体煽风点火，网络喷子跟风开团。
我说啥了，咋就知识的荒野了？被删了连个提示都没有，这么奇怪？
",2,zhihu
159,luv,24,2023/11/30 14:25,"本来是各方单位携手合作齐心协力冥土追魂的正能量
事不是什么大事，也不是只有特权才能做到的，不过是这小布尔乔亚发炫耀帖子把自己吹成特权阶级罢了。
毁于小布尔乔亚的炫耀心态，无良媒体煽风点火，网络喷子跟风开团。
我说啥了，咋就知识的荒野了？被删了连个提示都没有，这么奇怪？
",2,zhihu
160,理想而痛苦,1,2023/12/3 0:49,"河南扳回一分。
",2,zhihu
161,大唐陵少,0,2023/11/30 0:36,"多的不是了，自己对比一下
",2,zhihu
162,Elaine jiang,2221,2023/12/2 4:47,"作为一个业余的飞行爱好者，稍微研究了一下他们的包机/专机（均为公开信息）。
然后，打开flightradar24，搜索对应飞机，点击查看历史飞行纪录。同时根据别的回答里分享的一些时间线，大概锁定是在10月15日往后，并且是从杭州飞到西藏，再从西藏飞往成都的航段。
首先，从知乎别的回答那里指路，到微博找到这个“经纬航空医疗”的宣传视频，找到这架G550的注册号：B8255
虽然这里这两个航班的起降地，除了起始的杭州萧山机场（HGH）都是未知，但点进去查看航线图可以看到，另外两个目的地，一个位于西藏，一个位于成都，可以确认是10/18日。
但是问题不大，接下来打开航旅纵横，继续搜索该飞机注册号B8255，并选择日期10/18，就能知道他们是怎么飞的了（感谢MHJ : ) 。
杭州-阿里 HGH/ZSHC - NGQ/ZUAL
",2,zhihu
163,粉雪咏唱者,0,2023/12/4 11:15,"辟谣其实很简单的，把卫健委的流程和小姑姑的身份说一下就行了，看你们辟谣辟不到正点上真着急，明明很简单的事情啊。
好家伙，我的回答无法评论了，这不是我干的。
",2,zhihu
164,风雪江山,0,2023/11/30 8:00,"这才是炫富的最高境界，不是炫豪车黄金房产证，而是血，想要多少有多少的血！
",2,zhihu
165,苍龙fans,0,2023/12/1 8:47,"我打了20多个上海卫健委的电话，一个没打通。
建议各位龙之子直播试试，让我等开开眼。
普通人烧香供奉一百年不见得土地公会看他一眼，孙悟空跺跺脚就能让他从小老婆的床上提着裤子麻溜地滚过来。
你们太激动，评论区被系统关了，我没动任何评论。
",2,zhihu
166,诺慢慢,0,2023/12/1 11:39,"国外撞车大使馆出面，国内撞车卫健委出面，是把为""人民""服务落实到实处了。
",2,zhihu
167,zzzz7777,989,2023/11/29 21:25,"亏好在国内，要是在国外自驾游，这会头七都过了，参考加拿大那四个小朋友。
",2,zhihu
168,张小北,662,2023/12/1 11:59,"当初鲶鱼她爷爷也是“老老实实干到退休”.....
",2,zhihu
169,红尘破劫,584,2023/11/30 17:23,"上海卫健委，真的是“及时雨”！
那么问题来了，普通老百姓打过电话求助吗？得到的是什么样的结果？
",2,zhihu
170,乱鸦,610,2023/12/2 23:42,"记者复习了一遍，发现自己连考试资格都没有！
",2,zhihu
171,爱吃辣,0,2023/12/3 10:03,"最新进展不是大河报记者打电话问了上海卫健委，说缺血让上海卫健委安排，回复说要联系当地血站走流程
就这样
反正吧，大河报这次又刚了，而且这个回复相当于是大部分人都会遇到的，至于再往后走流程，哪怕没人能走到头了
",2,zhihu
172,里昂,507,2023/12/1 8:43,"这女的是蠢就不说啥了，讲讲这个男的。
截图里他说的有一句话：“联系了阿里部门动用了阿里的自治区所有公务人员献血”。这里有个词是误用不知道大家发没发现，一般情况下大家会说“动员”人们献血，而不是“动用”人们献血，因为动用是后面是要接物的，造句比如：因为厨房失火我动用了楼道的消防灭火器。但细细一想，可能这个男的也并没有误用，只是把心里话说了出来而已，这才是最悲凉的
",2,zhihu
173,路遥,783,2023/12/1 17:04,,2,zhihu
174,忆中人,722,2023/11/30 20:59,"有一天，一个紧急消息传到了有庆就读的小学，县长的老婆难产，需要同学们献血，孩子们仿佛接到了一个光荣的使命，争先恐后地奔向医院，有庆是唯一血型相符的孩子，于是有幸献出了自己的鲜血。
抢救产妇的医生看到这一幕后，对抽血的人说了一句：‌‌“胡闹。‌‌”然后继续忙去了。
抢救难产孕妇需要的血量很大，医生就从还是小学生的有庆身上抽个没完，有庆开始眩晕，然后脸色惨白，嘴唇发青，最后一头倒在地，死了。
",2,zhihu
175,奉义天涯,229,2023/12/2 23:15,"这甚至完全算不上啥特权阶级
这才是让人最无奈的
真正的特权阶级不会把这个事当成什么大不了的事情拿出来炫耀
",2,zhihu
176,阿西吧,0,2023/12/1 6:14,"谣言：全体公务员为一人献血。
希望大家不传谣不信谣。
真相：只有几十个公务员献血，并不是全体公务员。
",2,zhihu
177,明狱,268,2023/12/2 11:59,"他们说自己是普通人，不是虚伪，也不是谦虚，
其实最恐怖的是：
而是他们真的认为自己是普通人。
",2,zhihu
178,Ivan,349,2023/12/1 8:12,"我立贴为誓，这事情不会有任何处理结果，坐等打脸
",2,zhihu
179,休申祺嘉,1339,2023/11/29 21:32,"我说情节怎么那么熟悉：
龙王殿主回归魔都，却发现自己的侄女在西藏旅游出车祸，急需输血。一声令下，十万龙王殿成员赶到，现场献血，把侄女从阎王殿抢了回来。
",2,zhihu
180,四刀暴击了,189,2023/11/29 21:05,"既然是为了鼓励，那么肯定是希望产生效果
按照常理来讲，把话说大一两分，那叫鼓励
既然希望产生效果，那你就不会漫天胡扯
说的太大了，失了真，让当事人产生了怀疑，那便失去了鼓励的效果
你敢说，他都觉得你是不是在阴阳他
你要说这件事上有可能夸大了这小姑的本事，我信
",2,zhihu
181,乐乐,0,2023/12/2 7:28,"最勤劳的民族在996高强度的持续奋斗四十年后，GDP全球第二。
分配做得太好了。
社会财富如此丰富的情况下，中低阶层如此不快乐。
",2,zhihu
182,tanjidong,285,2023/12/1 12:38,"这整个事情始末大致是这样的：
第一，让一个身在藏南日喀则地区的上海名医迅速赶到藏西阿里地区去救治，这路程坐火车需要16个小时，开车需要连续18个小时才能赶到。这位医生不惜日夜，跋涉千里，如果全本着救人为先的精神，那足可以称作医之圣贤了。
所以这场事情不止所谓的“全体公务员献血”这么一件事。
第二，14号正好是国庆调休七连班后第一个周末，大部分人都应该是疲惫状态吧。这种情况能迅速组织到大量公务人员献血。阿里地区的公务人员的耐力足以令人赞叹。
这位奔赴阿里的医生，这个献血的团体，这个极速运转的医院，三者都算是女孩最该感谢的人/法人吧。
",2,zhihu
183,水户洋平,1473,2023/11/29 23:10,"《已经哭过一次》
",2,zhihu
184,momo,213,2023/11/30 21:23,"为什么他们不在加拿大自驾游。
破案了，受伤的是铁心兰，小姑姑是怜星宫主。
-------------------------------------------------------
燕南天你坏事做尽，留着移花宫害人。
",2,zhihu
185,职略,192,2023/12/1 17:27,"首先我要说，就算是有钱人，也是没这个能量的。
不知道各位看到上海卫健委接相关部门函件这词句了没？
血液，那都不是黄金能比的，有钱你能耐再大，顶多加价买，还不一定能买到，但无论如何是同时买不到派出所民警、消防官兵、部队官兵的鲜血。
体制内行文是有严格要求的，能给上海市卫健委发函件的，要么是跟上海卫健委同级别，要么就是上级，而这件事上，我敢百分百断定，就是上级发函。
权力是个发光发热的微型太阳，就算关进了制度的笼子，从里面稍微散发出来的能量也是普通人难以想象的。
",2,zhihu
186,江南,0,2023/12/3 10:06,"大家不要被有心人引导了。
给上海卫健委发函的部门，小姑姑是谁这才是重点。
献血不是重点，包机不是重点。
整个事件里面，明显可能存在公权私用、甚至可能滥用职权等违规违法环节的，只有这个环节，但是却被刻意引导忽视了。
",2,zhihu
187,star姐控,120,2023/12/3 8:09,"上海这么喜欢辟谣的地方，这次却选择了闭嘴，属实不属实就很清晰了
",2,zhihu
188,重水轮回立,247,2023/12/2 13:20,"都这样了，还有人为权贵洗地，贱不贱啊……
",2,zhihu
189,阳关雪,144,2023/12/2 0:00,"六十年前
六十年后
《为了六十一个阶级兄弟》
《为了亿中一个龙女千金》
",2,zhihu
190,大龄初级工程师,104,2023/11/29 19:19,"网传西藏阿里全体公务为一群众献血。
大家觉得这句话跟标题唯一不同点是什么？
点开题目之前我就猜这该不会是自己爆料的吧，嘿，还真是。
",2,zhihu
191,冬火,0,2023/11/30 20:25,"不实啊，好办啊，建议严惩造谣女子。这条谣言转发怎么也超过500了吧，判刑啊。这事闹这么大，够得上“造成恶劣的社会影响”了吧，上海或者西藏警方在哪里。
",2,zhihu
192,小棕熊,252,2023/12/1 11:04,"几百年前
白嫖大明公务员交通系统的驿站，
明朝徐霞客也不是啥权贵，
让国防军人卫所军户给他抬轿子
被他们这群地主挖空的明朝亡了
徐霞客直系后人全家灭门，都被自家奴隶杀了
",2,zhihu
193,菲尔,76,2023/11/29 18:29,"一对上海夫妻自驾游西藏，由于高原反应缺氧晕厥，发生车祸。接下来上热搜的话题，却是“西藏阿里地区全体公务员为该女子献血”，被曝出来的原因，则是该男子自己在聊天中所说，还发了个视频。
不实在哪里？系“为了给妻子打气，所以吹牛逼。”
不待感到匪夷所思的人们多震惊一会儿，回应就出了：不实。
可以看到，在聊天记录里，他说的是“我小姑姑联系了上海市卫健委，卫健委联系了阿里部门，动用了阿里的所有公务人员献血。”
",2,zhihu
194,超高校级的赌怪,969,2023/11/30 7:10,"看到不少数字生命都在强调这件事在当地多么正常，是个公民都会救balabalabala……
纠正一下，不是阿里一地，是上海发函，阿里，成都共同挽救女子生命，这件事需要三地协同完成，还需要医疗专机护送，在一个一叠献血证不顶用，用血需要亲人以血换血的情况下，请问有普通人得到这种待遇的先例吗？[思考]
",2,zhihu
195,懒癌,4748,2023/11/30 22:12,"100多万救命包机我都能接受。
真的想都想不到，给我100多万我都不知道去哪还可以包机，真的开阔眼界了。
新婚蜜月自驾游第1203天，玩了三年半还在玩?我的天啊，我这个阶级完全没办法想象。
",2,zhihu
196,扮猫骑老虎,1353,2023/11/30 15:57,"整个事件挺离谱的，先小姐姐在网上各种炫，随后自家人各种辟谣。
小姐姐发文后，很快引起网友的争议，随后她老公和父亲分别辟谣：姑姑是普通人，120万是借来的。
在阿里车祸重伤，需要输入大量的血，小姐姐自称是上海小姑姑动用关系，之后，当地人自发献血，随后花费120万包机从阿里飞到四川。
到底怎么回事？
用1200多天，走了58个城市，从上海一路向着西北出发，途经陕西、甘肃、新疆，最后到达阿里。
如画般的美景。
",2,zhihu
197,寒塘,143,2023/11/30 19:46,"情况如何，不妨打电话到市卫健委或其他大衙门试试就知道自己的斤两了
",2,zhihu
198,沉默驴子,682,2023/11/29 21:56,"这件事大家主要疑问在于：
2-当地卫生部门使唤不了援藏医生，必须请上海市卫健委协调吗？
1-为什么需要上海市卫健委要求下才能启动集体献血？当地卫健委组织不起来吗？
3-如果一切都是正常操作，为什么非要绕回上海这么大一圈？这应该是不正常才对。
",2,zhihu
199,光轮2020,175,2023/12/1 9:12,"好多年前，不记得是湖南电视台还是那时候刚成立的长沙电视台，拍摄了一位乡干部的违纪行为。
一脸的混不吝。
那位乡干部当时一脸无所谓的面对镜头，笑嘻嘻的说违纪就违纪呗，多大个事情嘛，哪个当干部的不违纪嘛？
新闻播出后，上级领导立刻赶赴当地，准备处理这位乡干部。记者也跟着去了，就在宣布处理意见的前一刻，在屋外的这位乡干部依旧一脸的混不吝，嚼着槟榔叼着烟谈笑风生。
这位乡干部当即在镜头面前下跪磕头，涕泪横流的求记者放过。估计也是真不知道该怎么跟记者套近乎了，一边磕头一边朝记者喊——我请你们吃好的，你们不要再拍给别人看了......
等年龄大点，大概就胡乱琢磨出点东西了。
",2,zhihu
200,炫光,171,2023/12/1 12:03,"唉，请不要把群众当成傻子！
",2,zhihu
201,尘默,0,2023/12/2 7:15,"请问诸位，你们给老婆画饼时能想出来的最离谱的承诺是什么？
因为这已经完全超出了我的认知了。
反正把我搁这事儿里面，我就是想破脑袋也说不出动用阿里全体公务员献血这种话的。
当一个事情就是你写小说都不敢这么编时，那大概率是真的。
",2,zhihu
202,吴楚,116,2023/12/2 12:42,"“全体公务员为一女子献血情况不属实”，“不属实”包括但不限于：
2 只有90%的公务员献血了，还有10%没献，如区长书记。
1 献血的不止有公务员，还有合同工和人民群众。
3 公务员们献了三万Cc的血，女子只用了两万八，还有两千用到某领导小姨子剖腹产上了。
",2,zhihu
203,风扬,149,2023/11/30 19:05,"看完事件全程只觉得上海卫健委真牛逼，上海人也太幸福了，哪怕在天涯海角受伤了，上海卫健委也能联系好几个不同地区协同救治，不像我们这，卫健委电话可能都打不通，只能说不愧是上海，希望有一天全国其他地区的人民也能像上海人一样，享受到当地卫健委这么无微不至的帮助
",2,zhihu
204,贾森,80,2023/12/2 12:06,"这有什么好分析的？
一般中国人是不可能让卫健委替你个人做什么的，无论你是病危还是严重事故，三地协调抢救？活在梦里。
一般中国人这辈子都不会坐湾流，90%的人甚至不知道湾流是什么，人家眼睛都不眨就包机，还能申请航线。
至于什么公务员集体献血，中国的血液使用比朝鲜的粮食分配还那啥，有血你都别想舒舒服服用，还调动人献血？呵。
——————————————————
民国那时候报纸也很敢写的，因为在那群少爷小姐觉得“这么玩儿真牛逼”以后，在他们的爹发现“胡闹”其实也没啥以后，就不管报纸写这些花边了。
",2,zhihu
205,Gold RIch Money,31,2023/12/3 22:16,"都已经哭了一次了哈
你们还要怎样
",2,zhihu
206,乔治奥维尔,0,2023/11/30 13:08,"尊贵的公主大人，移动的O型血包前来向您报道
",2,zhihu
207,大魏,94,2023/11/30 9:34,"哪有什么岁月静好，只是你在他人眼中微不足道而已。
",2,zhihu
208,六觉,104,2023/12/1 9:38,"小姑姑确实牛逼，作为第一贡献感谢没问题。
要是我的话，连12345都打不通。
",2,zhihu
209,商楷,110,2023/11/30 22:47,"以前：不可能，绝对不可能，要么是造谣，要么就是媒体博眼球，建议有关部门严肃处理。
现在：多大点事
",2,zhihu
210,战略李刚,97,2023/11/29 19:16,"贵人有难，八方支援；救病扶伤，大爱无疆。
衷心祈望这位女子身体健康， 以后不要再出事了，千万千万不要损伤器官。
希望这种大爱能够普照众生，一视同仁。
最后说一句，我很羡慕杨过，有个好姑姑。
",2,zhihu
211,真实,0,2023/12/1 17:45,"我愿称之为：
网友们提出，这位高低得是个北极鲸鱼，或更甚。
北极鲶鱼（物理）
鲶鱼有9位数，那这位……
",2,zhihu
212,沧海一粟,8,2023/12/4 9:33,"大家要的是一个交代，不是“交代了”！
",2,zhihu
213,Einsam,78,2023/12/2 1:21,"验到有庆血型才对上了，我儿子高兴得脸都涨红了，他跑到门口对外面的人叫道：“要抽我的血啦。”抽一点血就抽一点，医院里的人为了救县长女人的命，一抽上我儿子的血就不停了。
抽血的是个乌龟王八蛋，把我儿子的血差不多都抽干了。有庆嘴唇都青了，他还不住手，等到有庆脑袋一歪摔在地上，那人才慌了，去叫来医生，医生蹲在地上拿听筒听了听说：“心跳都没了。”医生也没怎么当会事，只是骂了一声抽血的：“你真是胡闹。”就跑进产房去救县长的女人了。”
抽着抽着有庆的脸就白了，他还硬挺着不说，后来连嘴唇也白了，他才哆嗦着说：“我头晕。”抽血的人对他说：“抽血都头晕。”那时候有庆已经不行了，可出来个医生说血还不够用。
",2,zhihu
214,海之魂,61,2023/12/1 13:14,"你辛辛苦苦考上gwy想大展宏图，没想到只是人家的移动血包，轻轻松松就能“动用”
",2,zhihu
215,爱国者,76,2023/12/2 13:52,"想起了多年前父母爷爷奶奶跪着磕头求输血，被各个部门严厉拒绝，最后面死在医院门口的那个小男孩
",2,zhihu
216,赢了,0,2023/12/1 11:18,"我手里现在就有120万可动资金。
别说包机了，我连头等舱都没坐过。
但是去哪里包机，我是真不知道怎么操作。
",2,zhihu
217,槿年,69,2023/11/30 9:34,"这些二代的思想已经与平民韭菜格格不入，在牠们的认知里这种做法是稀松平常的，丝毫没有意识到公开出来有什么不妥
",2,zhihu
218,小太阳哥哥,31,2023/12/1 14:38,"赛博上海2023创伤小组白金会员是这样的
",2,zhihu
219,饺子,78,2023/12/2 13:19,"故宫停的奔驰大g不会有人忘记了吧
",2,zhihu
220,沈拾叁,46,2023/12/2 9:01,"这个事情
不就是特权么？
大家都知道是怎么回事
普通人打卫健委电话让公务员献血试试来？还是异地用血。。。
这还必须要电话能直接找到负责这个事情的，要不各部门光踢皮球的时间人就都臭了好吧
不能接受的点在于。。。
",2,zhihu
221,隐蝶,0,2023/12/4 12:25,"通常来说，成年人血液占身体的比例大致是7.5%～8%，但是胖子血液占身体的比例可能低于7%。
哦哦，对了，已知根据《西藏自治区实施〈中华人民共和国献血法〉办法》第19条规定，献血者每次献血量一般为200毫升，最大值为400毫升。
这名妇女余女士不属于fat，而且从她提供的电子数据（微信聊天记录）中看到7000多毫升可以换血2遍，那么余女士全身的血液量大约为3500毫升。
如果每名献血者平均献血200毫升，那么，献血人数约等于为35人；如果每名献血者平均献血400毫升，那么，献血人数约等于18人。
《西藏自治区实施〈中华人民共和国献血法〉办法》
（一）在采血前按照国务院卫生计生行政部门制定的献血者健康检查标准为献血者进行免费健康检查；对身体状况不符合献血条件的献血者，向其说明情况，不得采集血液；
",2,zhihu
222,大狸猫,52,2023/12/1 8:57,"这个“情况不属实”属实相当滑稽。情况都是她说的，对话记录是她上传的，网上流传的所有材料都是她自己发到网上的，现在跳出来说“情况不属实”，那不就只能说明该女子是个造谣生事的撒谎精吗？
这个谣言流传度之广，社会影响之大，大家有目共睹。对于造谣的当事人，也就是该女子本人，是不是应该依法逮捕侦办了呢？
",2,zhihu
223,Foriver,68,2023/11/30 19:59,"恳求她这辈子保护好自己的身体，注意身体健康和安全，别再出什么问题，尤其是身体零件
",2,zhihu
224,灰产圈,3,2023/12/2 14:19,"​
据大河报·豫视频记者张晶晶报道：公务员为车祸女子献血事件持续引发关注。
上海籍女子余女士在西藏阿里地区车祸重伤后，当地公务人员经动员为其献血，却引发公众对其是否以“特权”过分调用公共资源的质疑。
",2,zhihu
225,断臂山伯爵,77,2023/12/3 13:29,"没见过正经八百的特权阶层，只看过《红楼梦》。
一百多万包机不算有钱，真正的有钱，是家里的奴才都不会花钱。
异地“动用”移动血包不算有权，真正的有权，是死个孙媳妇亲王要来吊唁。
从古到今，这个体制最温暖人心之处在于，从周贵公子到故宫大G，从北极鲶鱼到高原血蛭……能抛出来被你讨论的都只是小虾米。
",2,zhihu
226,蓬莱,0,2023/11/30 19:15,"这辟谣也没否定啥啊
卫健委确实要援藏医生去救助
确实有小姑姑联系卫健委
确实有要公务员来献血
1，小姑姑不在体制内
2，没有强制献血
",2,zhihu
227,孤读灯,86,2023/11/30 23:33,"必须为上海卫健委点赞，你们太牛了。也必须为全体捐血救助的人点赞，你们比小姑姑更牛逼。
万分火急没主意，一通电话解危机。不远万里大动员，血包解救小娇妻。
一对普通小夫妻，自驾旅游遭危机，移不动、联不通，事发地点很偏僻。
上海卫健委的快速响应，跨区对接，紧急救援，功德无量，救人于水火。做了好事，必须广而告知，大力表扬。让全国人民知道你们的好人好事。
",2,zhihu
228,Mars,84,2023/11/30 23:33,"这事没有那么玄乎
盲猜新闻里面的这位姑姑应该是上海市某三甲医院的主要领导
但是也肯定不是新闻上报道的那么简单
整件事情的核心并不是私人飞机
这都是可以用钱去买到的服务
最难的是
",2,zhihu
229,爱好广泛的死胖子,2,2023/12/4 12:43,"开头第一句
就直接判定写这个标题的人又蠢又坏了
“阿里全体公务员”
能带节奏的点多了去了，偏偏挑了一个最具有煽动性但最不可能实现的
如果要让“阿里全体公务员”来献血，最大的难度是怎么把分布在两个广东省面积范围内的这么些人集中起来献血。除非包机管够，不然等这帮人献完血再两天检测完以后，怕不是直接投胎了…
",2,zhihu
230,后天,26,2023/12/3 12:04,"讲真，这事发生在其他发达地区，不会有什么水花。
HK全是全世界贫富差距最大的地区之一了吧，很少有仇富的。
",2,zhihu
231,cyguk,0,2023/12/1 20:42,"怎么回事，不是说我们普通人也可以吗
",2,zhihu
232,煜箸,63,2023/12/1 16:53,"辟谣的最好方法是直接拘留几天，这姑娘完全够传播谣言的标准了。
拘了各种谣言就全都不攻自破，还能稍微挽救一下本就信誉不多的献血机制……
",2,zhihu
233,司吾viga,1,2023/12/3 0:18,"在我所知道的某些故事里，比这离谱的事有太多。
至于这个，说真的，年初疫情防控放开后的血库紧张的原因都比这个震撼……
《以人民名义》那都是美化过的小故事，甚至都算不上是啥事儿。
我还是那句话，别看说的话，要看他们实际做的事。
当前网络上最为热闹的男女对立。
这里说个真心话，也是我观察到社会现象。
",2,zhihu
234,ABC,8,2023/12/2 11:39,"有篇文章是《为了16个阶级兄弟》，抢救一个人的生命调动所能调动的资源没毛病！
之所以这么热点其实就是疫情期间人们对公权力信心的丧失，尤其是那些卖连花的做核酸的为了自己的私利任用公权力。
",2,zhihu
235,原木同行,49,2023/12/3 15:37,"01
与此同时，一位母亲，女儿高烧40度，取号排到了1600号。
最近有一件事闹得很火，一位上海籍的小姐姐，在西藏阿里出车祸受了重伤。
我们先来聊这位上海籍的小姐姐。
在阿里待了3天后，为了更好的治疗，小姐姐的家人花费120万包了架飞机，直飞四川华西医院。
为了救这位小姐姐，上海卫健委特地发函给阿里地区的部门，阿里相关部门动用当地的公务员为她献血，她的家人斥百万巨资包一架飞机送到更好的医院。
",2,zhihu
236,愿夜幕永不开启,42,2023/12/2 12:17,"这个我知道，这是前段时间在皮皮虾上面求助的那个人，当时大概是10.17日左右，皮皮虾官方把它的帖子在当地推流，当时很多人帮他转发帮助的，有很多人帮助和支招。可以发不了图，当时我也去回复了。一开始是在阿里需要血，后来血有了，但是阿里那边好像不能分离血液还是怎么的，然后好像器官开始衰竭，然后就转到华西icu，我知道最后就是两次手术后好像就平稳下来了（当时只发了几个帖子，然后后面好多进度之类的都是在评论区更新的）当时有好多好心人支招，还有陕西还是哪里的一个血站的工作人员说给他说怎么样可以得到血，让他试试，也有人说去消防队之类的求助，一般消防队之类的会帮忙献血，刚才去看，他又把帖子全部给删了。
分割线
当时我记得他发帖的时候说的是才结婚几个月，然后开车出去玩，出了车祸。如果有皮友看到应给知道我说的是真的，当时帖子热度很高，很多帖子下面都有人搬运这个求助贴。
",2,zhihu
237,滋儿哇儿,56,2023/12/2 12:07,"感觉有疑问的人，可以自己拨打一下自己当地的卫健委。
看看你们当地能给你个普通人这么快的速度调动这么多血量么？
",2,zhihu
238,Dancin,51,2023/12/1 23:14,"我打了七八个电话，反正一个也没打通，可能他们用的手机信号更强吧。
",2,zhihu
239,不要着急 慢慢来,51,2023/11/30 14:06,"请明确告知，到底是哪个标点符号不属实，让我等普通百姓也开开眼！
",2,zhihu
240,以后啥都不说了,60,2023/12/2 21:48,"周公子也好，鲶鱼也好，故宫大g也好，这些人背景很硬么？并没有！但是，即使放在全国舆论的焦点之下，最后还是不了了之。
谁还在乎公信力？没有了还在乎个p？
这次行云流水般的丝滑操作，可不是鲶鱼周公子之流能比的，大家散了吧。
",2,zhihu
241,虚空,0,2023/11/30 21:17,,2,zhihu
242,非正常人类症候群,55,2023/11/30 22:26,"只能说，动用这个词用的很到位，很符合大家对北极鲶鱼们的印象。
",2,zhihu
243,西瓜甜瓜哈密瓜,54,2023/12/1 9:20,"有种集中力量办大事的美感
",2,zhihu
244,bioo,47,2023/12/2 8:40,"好消息是加拿大那四个不需要献血，也不需要换器官了。
",2,zhihu
245,韭菜壮阳,35,2023/12/4 1:00,"只要这个人身份不公开，我会动员我认识的所有人，不再献血，
上海卫健委，周末工作发函，真是堪称女版周公子。
这个女的，各种炫耀各种感谢她的姑姑，对阿里献血人，一句感谢的都没有。
几年过去了，终于，女周公子跳出来了，还有超长时间休假。恶心，太恶心了。
",2,zhihu
246,金刚吃货菠萝蜜,0,2023/12/3 15:12,"这么说吧!
中国十四亿，有十三亿人在极限操作一：120万包机就卡死了
在这场极限生命闯关游戏中
剩余一个亿，有九千万人在极限操作二：动用（注意：不是动员更不是求助）上海卫健委关系这关也被卡死了
王多鱼的二爷，能过极限操作二，但是一个字：得加钱，加很多很多钱!
总结下来就一个字：全心全意为人民服务的小姑姑牛✘!
",2,zhihu
247,罗夏,46,2023/11/30 18:53,"海外顶级富豪看了怕都自愧不如
",2,zhihu
248,西太平洋执法大队,38,2023/11/29 22:28,"之前还有一个问题，叫“如何看待西藏某女子出车祸，男朋友小姑姑命令所有公务员献血7000多毫升全身换两次血事件?”
现在好像找不到帖子了
",2,zhihu
249,风风雨雨雪花飘飘,47,2023/11/29 18:09,"“动用”，“不是强制性的”，“专机”，“自家出钱”。
2023年11月29日，深圳新闻网消息，
厉害了，太厉害了。
“动用阿里地区所有公务人员为其献血”。
“妻子父亲联系医疗专机，自家出钱把妻子运下高原”。
",2,zhihu
250,喜欢球的小橘猫,1,2023/12/1 15:17,"看看这个。https://weibo.com/7217947278/4973727529566440
",2,zhihu
251,Victory,0,2023/12/3 18:04,"人家小鲸鱼都已经哭过一次了，你们这些韭菜还要怎地？没完没了了是吧！不要阴阳怪气，不要以为找不到你们！
",2,zhihu
252,乖乖飞阳,51,2023/12/2 0:47,"辟谣这件事很简单：第一，介绍一下小姑姑在内的家庭成员信息；第二，详细介绍整个流程，供普通人参考
现在的辟谣就是秀智商下限
",2,zhihu
253,沐风,43,2023/12/1 10:26,"那时的我打着灯读从同学那里借来的《活着》。
结果只是福贵原谅了春生，没有然后了。那时候的我很气愤，当我看到春生上sd的时候我还感到了一丝喜悦，有一种天道好轮回的感觉。
当我看到福贵唯一的儿子有庆被活活抽s的时候，我觉得无论如何春生也得上法庭上走一遭。
原来余华老师写的不是小说，写的是纪录片。
",2,zhihu
254,roy,33,2023/12/1 21:30,"星期一打一下试试看，我也想听听上海卫健委怎么答复。
",2,zhihu
255,安塔利亚蛙泳,15,2023/11/29 21:41,"家里有个医院老大就是好
",2,zhihu
256,章鱼精,0,2023/12/4 2:06,"当事人说了一句【姑姑牛逼】；
事后亲属及一大堆账号试图极力说服吃瓜群众【姑姑不牛逼】；
",2,zhihu
257,bluetrees,12,2023/12/1 23:40,"我感觉这差距不在钱和人脉上了。
",2,zhihu
258,RandomFeng,42,2023/12/2 16:20,"北极鲶鱼都被扒出来了，阿里血槽姐这是怎么回事呢？
",2,zhihu
259,咏月白,0,2023/12/3 16:04,"说明大多数人 还是 认为走后门 靠关系 是不合理的。
",2,zhihu
260,胖猫卡尔,11,2023/12/2 7:38,"其实现在大家关注的，就是“他们都是谁？”
还有血槽女的爹或者干爹是谁。
比如那个至关重要的“小姑姑”是谁。
就像几个月前，我们关注成都高铁“互殴”中女子的丈夫是谁一样。
不知道，真的不知道。
因为不可能还有他们说话的份了。
",2,zhihu
261,想瘦脸,0,2023/11/30 18:45,"看了下她老公之前的求助贴，想了一下。整件事情里除了“小姑姑”“上海卫健委”这个不好解释，其他的环节硬解释勉强也说得通。
妻子这样，丈夫也是如此，非得把一件事用很装B的语气渲染一番，如果他们换个说法呢？
这夫妻两个看起来非常的不着调，一副没吃过啥好猪肉的样子，家里可能有两个钱，但也只有两个钱。本质上和那些去趟海底捞恨不得发18宫格的人区别不大。
比如——“感谢当地人的救助，感谢医护人员的辛劳，虽然因为此事借了很多钱欠了很多债，但是只要她没事，便是值得。她才是我此生最宝贵的财富，接下来的日子可能会很艰难辛苦，但是只要我们在一起，便什么都不怕。”
所以——“小姑姑”“卫健委”这个到底怎么解释？
",2,zhihu
262,啥情况,37,2023/12/3 14:24,"会和那个故宫的，不了了之。
",2,zhihu
263,天天天蓝,2,2023/12/5 8:20,"评论里说这家是什么权贵家庭，女子的小姑姑手眼通天，我觉得他真算不上啥权贵。
那里面才是神仙打架，各种斗法。
大体也就是和周公子鲶鱼一个层次的，体制内有点小权利但不多，真正的权贵啥样参考下清华朱令案。
",2,zhihu
264,mo聊人,0,2023/12/3 23:15,"只能说小姑姑牛逼！
",2,zhihu
265,达克先生,26,2023/12/2 11:20,"辟谣其实很简单的，把卫健委的流程和小姑姑的身份说一下就行了，看你们辟谣辟不到正点上真着急，明明很简单的事情啊。
转载 @粉雪咏唱者 的回答
",2,zhihu
266,职场思维导图,0,2023/11/30 22:28,"这是魔都版的坑爷。成年人的朋友圈，高调炫耀“关系”——“托关系把血续上。”舆情爆发之后，与深圳坑爷一样，涉事女子的丈夫陶先生出来否认。还值得信任吗？答案是不被信任。明知道不能被信任，为什么陶先生还要否认。大概率是想像深圳交通的钟一样，妄图欲盖弥彰。
普通人第一时间能借到120万，有人信吗？ 普通人就算能借到120万，他懂包机流程吗？ 就算他懂包机流程，魔都卫健委会为普通人协调吗？
在欲盖弥彰的心态之下，当事人已经自露马脚。他也不想想，事出反常必有妖！在他用很坚决的语气否认关系、否认的事情，是普通人能做到吗？
以上问题对于普通人而已，答案是三个字“不可能”。
最后，这家人缺乏最起码的感恩的心。阿里的公务员救了他们的亲人，他们晒朋友圈只记得感谢有关系的小姑，不感谢献了7000多毫升血的阿里公务员。够白眼的。
",2,zhihu
267,逆实名用户,33,2023/11/30 19:11,"看来牺牲一个人去救一千人这种事大概率不会发生，但是反过来是一定会发生的https://www.zhihu.com/question/38756276
",2,zhihu
268,面面俱到,1,2023/12/4 11:01,"目前看到的：
——有权真好。周公子，北海鲶鱼，许州女孩，千万千万擦亮眼睛，千万、万万不能跟只有点钱的普通人家结婚，不然权力的游戏就不好玩了。
献血特殊安排，一百多万包机，医院无缝衔接。
另外，湾流550是从东部直飞西藏的，可能成都还没这飞机服务。
这种飞机似乎挺常见，这几年看到网上三个人说自己坐过这种私人飞机。一个手机公司的老板（手机公司后来好像垮了），一个娃的妈（娃的爸后来好像丢了工作），这是第三个。
",2,zhihu
269,嘎巴贴,20,2023/12/1 17:25,"谁再说东北人会搞关系我就发给他看，高人分明在上海嘛
",2,zhihu
270,若溪,21,2023/12/1 23:51,"一开始只是以为很简单，直到封城后几天，入了豪门的亲戚发来在top级饭店里鱼子酱的朋友圈，而另一个曾一块看球的朋友却是饿的住院都没有地方只得饿脱了相……
​现在想想原来饿死人真的只是一个数字而已……
​已经快两年了，在豪门里的亲戚依旧如此，而那个曾经一块看球的朋友却没有了音讯……
",2,zhihu
271,呆蛙,0,2023/11/29 19:46,"正常的标题——《生命大接力！阿里干部众志成城拯救垂危群众》
但凡有点什么事情，都想着搞一个大新闻弄成黑料，学新闻学传播学，学到最后，把良心都给学没了。
到了媒体手里，正能量没流量，要搞矛盾搞对立引流就成了——《网传阿里动用全体公务员为一女子献血》
",2,zhihu
272,兔司机,22,2023/12/1 16:47,"公务员更得拼关系拼背景啊，
今天一个电话能当血包，
要不然上岸了也是权贵们眼中的移动血包。
明天能变成啥，细思极恐。
",2,zhihu
273,梨风吹冷,9,2023/12/1 16:41,"肯定不是全体！
有一些有病的，血液质量不行的，肯定被淘汰，所以说全体，肯定情况不属实，真以为什么人都能随便来输血了？想来巴结也需要排队吧！
",2,zhihu
274,长齐,40,2023/12/1 9:39,"通知所有公务员去献血，总得有公务员知道吧。阿里地区就没有一个公务员出来说一下？以往啥消息都能漏出来，这次阿里地区所有公务员都守口如瓶，一个看到聊天记录或者消息的都没有？难不成卫健委一个个面对面口头通知阿里地区所有公务员的？
当事人丈夫其实做得挺对的，性命攸关的情况下，在所有平台向所有人求助，我在微博就刷到过很多紧急求助，也会有不少大v帮忙转发乃至联系认识的人。在当地贴吧发个贴在抖音发个视频，都有可能有遇到当地好心人。向所有能联系的政府部门求助，说要死了需要献血，现在都是有录音的，能接通的话，接电话的承担不起有人求助他直接挂断的责任。特别是上海这种地方，接电话的哪怕是象征性得上报，也是有可能联系到需要的资源的。向所有亲属求助，当事人的小姑也许真的没什么背景，只是多想到了卫健委这么一个渠道。
出事的时候，他老公都急到上皮皮虾求助了，看起来是不知道自己其实是权贵啊
根据六度空间理论，六步你能联系到所有人，现实中求助可能只能走一两步，但希望可能就在一两步里，联系所有能联系的人，总比等死好。
",2,zhihu
275,ZR4-2L,18,2023/12/1 15:23,"之前可以不带脑子看爽文，现在可以不带脑子看新闻了。
",2,zhihu
276,yifukc,0,2023/11/30 12:12,"正常的标题就应该是《与死神拔河—人民群众齐心协力献血成功救人》
好了，给我打钱，手动狗头。
新闻前半部分先写这件事，后半部写这种病情的凶险程度，说是全球上唯几的成功案例，展示出我国医疗水平的提高，还有党和政府以人为本的态度。
",2,zhihu
277,且去听风,12,2023/12/2 11:13,"从此，我又多了一个名字：行走的急救包！
",2,zhihu
278,9除以1.5等于6,31,2023/12/1 13:08,,2,zhihu
279,柯里昂的胡子,129,2023/11/30 13:12,"既然西藏阿里的公务员这么具有奉献精神，那建议阿里专门开发一个“输血旅游项目”，只要去阿里旅游，就能拥有3000ml的血包，终身享用，随用随充，边走边充，旅游观光的同时还能焕发别样的生机。
",2,zhihu
280,隆冬,16,2023/12/2 16:12,"大家还觉得收拾世道人心，是简简单单搞个反腐就能解决得了的事吗？
光捉蛆虫，能解决掉粪坑的问题吗？
",2,zhihu
281,sinjon,0,2023/12/2 11:56,"阿里距离印度多远。。。假如这个时候印度来了，官兵被抽血了，会发生什么
",2,zhihu
282,言多必失,26,2023/11/30 22:08,"这个车祸是撞到别的车了吗？
如果撞到了别的车，那对方怎么样了？
",2,zhihu
283,二三,26,2023/11/30 11:16,"这种事儿，你们权贵内部悄咪咪解决不就完事儿了。
……
干嘛非得发到网络上炫耀，刺激贫困的普罗大众？
",2,zhihu
284,红烧大板儿砖,3,2023/11/30 19:37,"如果辟谣属实，那么上海户口将会抢爆！上海房子一百万＄一平指日可待
要么这是阿里地区的常规操作，她不是第一个也不是最后一个。
现在这事发展到现在辟谣为true只有两个解释。
要么就是上海户口的含金量恐怖如斯！
",2,zhihu
285,瘦的只剩下肉了,30,2023/11/30 14:27,"我就问一句，她用血，花钱了没。
",2,zhihu
286,李世先,12,2023/12/1 16:50,"我终于看明白事情的分歧点在哪里了——
抖音视频中说的“全体公务员”，网友理解的是：
离退休的、老干部、待产的、生病的、实习生也算上，有的还拖家带口，有100个、有1000个算1000个，都在寒风天中排着队，等着给女子献血。
我理解的是：
",2,zhihu
287,穆子,26,2023/12/4 2:28,"这么多天了，“小姑姑”的信息还没扒出来，这届网友不行啊
",2,zhihu
288,zhiye luan,25,2023/12/2 9:07,"这是吸血吸惯了的既得利益者对自己特权身份认同感的真情表达。他们觉得那是他们应有的待遇。
最受伤的莫过于阿里地区献血以及帮他们的公务人员了，本来以为自己是公务员，后来发现不过是私务人员，身上流血了心里也在滴血，嘴里有种吃了苍蝇的恶心不适感。
",2,zhihu
289,卡卡猫,5,2023/12/3 11:48,"这对卫健委这个机构来说是正常操作呀，他们最主要的任务本来就是给领导干部及其家属提供医疗服务的呀，有什么问题?
",2,zhihu
290,冬至日三小时,15,2023/11/30 10:21,"就说你信不信吧
",2,zhihu
291,要减肥的皮卡丘,0,2023/12/3 16:55,"我去过阿里地区旅游，那个地方走两步就喘，游玩一天，感觉肺部有点疼疼的。如果献血400毫升，和丢半条命无异。
他们是父母子女的依靠，也是亲朋好友的骄傲。在无数个日日夜夜里面做题刷题，在一次次模拟考试中失望的拍打着自己的脸颊，然后擦干眼泪，继续看视频讲解。会对着视频，纠正自己的读音和语序。
让我震惊的是，去年阿里邮政局公务员岗位报名成功人数的是2.5万，万众取一，不亚于高考状元的难度。
真的是千军万马走独木桥才上岸，结果却只是别人的移动“血包”。
",2,zhihu
292,Victor,11,2023/12/1 5:56,"2023年虽然没有强尼银手，但创伤小组啊，还有白金会员呢。
",2,zhihu
293,luozhaoyu,25,2023/12/2 17:38,"12月1日上午，大河报·豫视频《看见》记者以一位异地急需用血者家属的身份，求助上海市卫健委：
工作人员告诉记者，异地用血需要走正常渠道，求助当地的医院，在当地申请。
一位普通上海人民，在外省市需要紧急医疗救助，上海市卫健委能否帮助协调当地紧急献血？
“不知道外省是什么政策，上海用血的话，提出申请和求助，一般在哪家医院，是医院去协调的。当地有血液管理办公室，当地协调用血。”
周六出事故，周一援藏的日喀则医生就赶到了阿里，两地距离1100公里以上。
",2,zhihu
294,鬼箭羽,0,2023/12/4 18:22,"阿里地区面积33万多平方公里，常住人口12万多
所以我倒觉得这姑娘家里有能人是真、发动公务员献血是真、包机是真，但说“阿里全体公务员”为她献血更像是一句吹牛X的话，毕竟在这么短的时间里组织200分之一的人口里的公务员跨越55倍的面积去献血是非常困难的。
与之对应的上海市面积6400多平方公里，常住人口2470多万
",2,zhihu
295,竹筑,23,2023/12/2 10:44,"也难为了这个老公了，这要是搁欧美。脸上就写着老子就是特权阶级，你奈我何？
可惜在中国，既要又要。难啊。嘴上要说我为人人，身体享受人人为我。
",2,zhihu
296,阳光开朗小会计,0,2023/12/1 0:48,"阿里地区的公务员真的，上去就被抽血，马喽啊
",2,zhihu
297,古织,41,2023/12/1 15:57,"全区公务员献血，最后献了个7000毫升。
我也没啥说的了。
你要是信的了这句话。
基层动员力就这个样子，早就完了。
而且就算动员也是发通知，不会说救谁谁谁，而是说血库告急，也会通知说具体血型，搞的好像中国人普遍不知道自己血型一样。
",2,zhihu
298,理塘最強伝説丁真,12,2023/12/4 0:07,"不敢说啥，只敢把别人的回忆录抄上来
那是手术后的第五天，房间里只有毛主席和我两人，戴上眼镜后的毛主席起先静静地读书、后来小声地低吟着什么，继而突然嚎啕大哭，我见他手捧着书本，哭得白发乱颤，哭声悲痛又感慨。事发突然，我紧张又害怕，不知如何是好，赶快走过去劝慰他，让他节制，别哭坏了眼睛。过了一会儿，毛主席渐渐地平静了一些，同时把书递给我看，原来是南宋著名法家思想家陈亮写的《念奴娇·登多景楼》。——《真实的毛泽东》
《念奴娇·登多景楼》
鬼设神施，浑认作、天限南疆北界。
六朝何事，只成门户私计？
",2,zhihu
299,小阿震,13,2023/12/4 9:29,"余女士：“看好了，姐就给你们示范一次什么是顶级装杯。”
",2,zhihu
300,Dong,3,2023/12/1 11:16,"10多年前曾火车进藏，前往樟木口岸时路过阿里地区。
当地人状态虽然会好很多，但也不至于公务员们随随便便会去献血。毕竟总体而言，西藏的公务员可悠闲了。工作日大白天单程7、8小时去另一地庆生这样的公务员在我搭顺风车时也遇到过
在拉萨没什么高反（第2天洗澡时头晕了下），大概7、8天后，阿里那边的行程中虽然也没明显高反，但走路急点就会有点喘不过气。
",2,zhihu
301,退休的中务,0,2023/12/2 10:55,"本来宣传口可以写一篇，内地游客蜜月旅行突发意外，生命危在旦夕，我区动员干部群众积极献血救助游客的报道。现在被个二愣子给毁了。笑死
所以说，宣传口这个层层把关，领导审核的效率太低了。形式主义害死人呐！
还是航空公司手速快，一早就报道了飞机转运重伤游客从阿里到成都的新闻。
",2,zhihu
302,太姥爷,20,2023/12/3 13:30,"住到肝移植科的，要是这女人肝脏修补不好，是不是还要号召大家捐肝脏呢？
",2,zhihu
303,小二郎,18,2023/12/3 10:31,"老话说得好，吃什么补什么。
吃得苦中苦，方喂人上人。
所以吃苦成不了人上人，吃人才行。
",2,zhihu
304,youri wang,6,2023/12/1 8:40,"这是自己发的，什么网传
",2,zhihu
305,tou mai,9,2023/12/1 18:48,"希望阿里地区公务员去上海遇到同类型事件，上海卫健委给予相同待遇。
",2,zhihu
306,js xs,0,2023/12/2 13:53,"哪些地方不实？是不是除了公务员，事业单位、国企和在校学生也被动员起来了？
",2,zhihu
307,新语,2,2023/12/4 20:15,"先提个建议，今年选举“感动中国人物”，一定要评选小姑姑，评选公务员先进集体，一定要平评选上海卫健委。大家想办法投票。
当你遇到医疗困难时，你也可以向卫健委求助，他们会很好的帮助你，帮助你解决困难。
在中国其实是个很正常很平凡不过的事情，每天都在我们身边发生。
主要是中国人没有公民意识，没有权利意识，感觉自己无权无势，不敢去找政府部门。
不信以后有困难试一试，就像那个小姑姑那样做。
",2,zhihu
308,如梦三秋,22,2023/12/1 12:10,"刚刚在微博逛评论的时候看到了下图，疑似当事人老公网上求助
如果是真，看起来也不像有什么特殊能量，但是上海卫健委周日发函又很难解释，丈夫难得能不知道他妹妹能量这么大？
有没有人能鉴定一下是真是假？
现在整个事件看的我是越来越迷了
",2,zhihu
309,落花时节又逢君,0,2023/12/2 8:12,"来了哈 ，好好看好好学。没有小姑你打卫健委的电话就是这样子。
",2,zhihu
310,城南花已开,14,2023/11/30 9:45,"你们平常不是不愿意献血，喊公务员去献的吗？
自己不愿意也就算了，这是个人的自由不强求，反正没血用也是普通人没血用。你还不让别人去献？简直不讲道理。
现在公务员积极献血了，你们又在这里嚷嚷啥？
这也算什么特权？人家是愿意献自己的血，有用你们的血去献了？搞笑
医院和当地都尽职尽责地挽救了一名群众的生命安全，各方积极发挥自己为人民服务的作用，是值得赞扬和歌颂的。
有人还质疑坐专机护送，这种人大概不知道世界上还有金钱这个东西的吧？人家坐专机是花了钱的，只要你有钱别说包几架专机护送了，就是去大会堂举办婚礼都OK，估计没见识的人又以为这是什么大人物享有的特权了。
",2,zhihu
311,挣扎向前,16,2023/12/2 12:23,"作为普通人，如果遇到这种事，肯定是感谢医护和献血的好人们。
如果感谢姑姑，那证明的确有个牛逼姑姑。
",2,zhihu
312,盖世太白,18,2023/12/2 11:15,"所以境外造谣抹黑中国的的反贼们有一个算一个，都是loser。不然你说说这种魔幻现实主义的离谱事儿，你就算给他们8个脑蛋十副胆子，他们也想不出来啊
",2,zhihu
313,司万联,26,2023/12/1 6:11,"一看就造谣……
到现在连个红头文件、短信通知都没看到，
卫健委动员“西藏阿里全体公务员”，
动员你老母啊……
",2,zhihu
314,SNOWY,5,2023/12/2 11:26,"看看阿里距离有争议的中印边界有多近，就知道想要协调一条航线，将飞机飞到这里来接人是仅仅有钱就能完成的事情吗？
正常人能申请到飞阿里的一条航线吗？，将飞机飞到西藏阿里？你懂不懂中国国情呀？
在中国，想让飞机可以飞到目的地的最大难题不是钱，而是从空管部门申请到这条可以飞行的航线。
从“携程旅行”查询的信息可知，成都与阿里之间就没有航班。也就是说，从阿里飞成都的这架飞机的航线是临时申请的。你说能在中国申请一条航线，这要有多大的能量吧。
",2,zhihu
315,hua li,3,2023/12/3 10:30,"说吧，记忆！
",2,zhihu
316,天蓝河绿,6,2023/12/3 8:06,"看似每一步都符合规定，其实普通人一条都做不到。
",2,zhihu
317,花架上的绳索,15,2023/11/30 17:36,"献血这个很容易圆过去，很有可能是朋友圈或者其他圈子发起来的。
原文：
但是调用医生是普通人的能力能做到的吗？卫健委接哪个部门的函件，要求医生去千里之外参与救治？
记者从上海相关部门获悉，经调查，事发时，卫健部门接相关部门函件，请求正在西藏日喀则市的援藏医生前往涉事医院参与救治。此事不存在因私人关系等不正当因素导致的行动。
",2,zhihu
318,张珂,0,2023/11/30 7:14,"公务员不是号称服务的吗？
这刚到哪就开始带节奏了
",2,zhihu
319,hua li,3,2023/12/3 10:30,"说吧，记忆！
",2,zhihu
320,hua li,3,2023/12/3 10:30,"说吧，记忆！
",2,zhihu
321,资深腐竹粉丝,0,2023/12/2 14:01,"好几天了还没辟谣吗
最怕一问一个不吱声
",2,zhihu
