,Title,Content,time,Location,IDIndex,platform
0,“血槽姐”哪家千金！自称在阿里病危后动员当地所有公务员献血,"故事大概是这样的：网络上流传着一个名叫小余的女孩去西藏旅游的消息。他在途中发生了意外，发生了车祸。他的伤势非常严重。当他在阿里区公立医院接受治疗时，甚至收到了病危通知书。关键时刻，他的妹妹利用各种关系先联系了上海市卫健委，后者又联系了阿里所在地区的相关部门，再要求当地官员、军队和士兵为她献血。随后，一架包机从西藏飞往中国西部四川的一家医院。经过抢救，他最终活了下来。



这是一位网络上被称为“血槽姐”的妹子。
这是阿里医院的病危通知书。
阿姨联系了上海卫健委，卫健委联系了阿里，召集了阿里所在地区的所有公务员来献血。
正是这架飞机将女孩送往中国西部的医院。
飞到四川后，女孩上车清理道路。
看着华西医院出具的出院诊断证明，只能说“华西凶猛！”，竟然还有救！
救一命胜于建七层塔。救谁都值得大力宣传：
据最新消息，有媒体采访了涉事女子的丈夫陶先生。据她交代，“我姑姑联系了上海市卫健委，卫健委又联系了阿里的部门，动员阿里的所有公务员去献血。”谈话是在他的妻子获救后恢复知觉后进行的。因为他的伤势太重，为了鼓励他活下去，他才这么说。女子车祸发生后，当地有关部门建议向上海市卫健委寻求帮助，她的家人、朋友，包括她们的妹妹，才想办法联系到了上海市卫健委。阿里当地的医院和卫健委。这不是他们的个人行为。
对于备受争议的“区域献血人员”，陶先生回复称，是医院工作人员在朋友圈和群里发帖，希望好心人踊跃献血。联系了当地警察局、消防局等部门，希望得到他们的帮助。随后，血液部门陆续开始献血。
不过，还有很多细节值得验证，我们将持续关注此案的最新进展。",2023-11-29 17:26:09,河南,2,wangyi
1,血槽姐事件：女子阿里车祸重伤，姑姑动用关系让全体公务员献血,"近日，网传一上海籍女子在西藏阿里地区因车祸重伤，为救治她，其丈夫通过亲戚联系到上海市卫生健康委员会（下称“上海市卫健委”），再由上海市卫健委联系到阿里地区相关部门，动用阿里地区所有公务人员为其献血。11月29日，涉事女子的丈夫陶先生告诉新京报记者，上述情况不属实。
29日晚，阿里地区相关部门工作人员告诉新京报记者，这次献血是当地干部群众的自愿行为。


查了一下过去的新闻，组织献血应该是真的。
2023年10月30日上午，阿里军分区接到求助，一名藏族群众突发疾病，手术急需输血，医院血库存不足。情况紧急！阿里军分区迅速组织官兵前往医院献血。很快，充足的血液准备就绪，医生顺利完成手术，患者脱离生命危险。
抖音某博主去西藏旅游，在阿里自治区出了车祸，当时情况紧急，医院已下病危，幸亏博主小姑姑联系上了上海市卫健委，然后卫健委联系上了阿里部门，当地所有公务员包括派出所民警、消防、部队，总共给博主献血约7000ml，在各界人士不断的努力与博主坚强的意志力下她终于度过危险期，之后博主家人决定包机把博主转至四川华西医院进行后续治疗，到达四川后各种开道保证博主能够顺利在第一时间到达医院，经历了第二次手术与10多天的icu观察后病情终于稳定。
对此，有网友表示质疑：
这个事编的概率比较大。就算事是真的，具体内容的虚构成分恐怕也比较多。
一，明确提到找的上海卫健委。但西藏是另外一个省，跟上海互不统属。就是找到上海卫健委主任，影响力也有限，未必有能力搞出这么大阵仗。
二，转两次院有点奇特。阿里医疗资源很差，全地区只有一所医院有处理重大车祸的能力，就是阿里人民医院（三乙）。她这种情况就近紧急处理之后应该是直接往那转，为啥中间还会倒一手？多次转院更像经济发达的小地方会发生的情况。
三，总共用了7000cc血，其中3000cc是献的。一般人用血难是因为血站要留血，人为加了很多限制，而不是血站完全没有血。有能力强制这么多人献血的，肯定有能力先掏空血站。阿里一个地级血站只有4000cc存货吗？
四，献血总共献了3000cc，也就是8-15个人的献血量，“阿里所有公职人员的a型血”就这么点吗？这么点血还需要动用不队、消防、警察？
五，明确提及动用部队。但我国不队与地方政府互不统属，上海卫健委连上海的部队都指挥不了，何况西藏的。",2023-11-30 00:18:07,广东,2,wangyi
2,“阿里血槽姐”事件，几个搞笑的细节！,"


昨天，被“阿里血槽姐”事件刷屏了。
这个事的大概的内容，就是一位年轻的上海籍小姐姐，去西藏的阿里旅游，然后途中因为缺氧，导致在开车途中遭遇了车祸，而为了救她，疑似她的小姑就动用了人脉调动了很多关系，同时还疑似动用阿里当地公务员为她献血。
这就是当这位小姐姐苏醒后，她的丈夫和她的对话：
而且为了得到更好的救助，这位小姐姐的家人后续还搞了一架飞机，把她运到了医疗条件更好的地方医治。
然而当这个事被他们自己传到网上后，立刻引起了轩然大波。很多网友都认为这家人很可能是有特权。
而当舆论对这家人是否存在特权的议论越来越大的时候，这位小姐姐的丈夫陶先生出来回应了。
然而看了小姐姐丈夫陶先生的回应后，我发现几个细节，真的有点搞笑。
哪几个细节呢？
首先，这位小姐姐的丈夫陶先生表示，特权是不存在的，聊天记录中之所以那样说，是为了安慰小姐姐，鼓励她燃起求生的欲望：

△截图来自新京报

这我就觉得有点搞笑了。
陶先生跟小姐姐吹了那么多牛逼，把自己的小姑带上，又把那么多权力部门都带上，目的就是为了让小姐姐燃起求生欲望？
陶先生的这个话，言外之意就是说当人重伤的时候，跟伤者吹嘘自己的小姑能动用各个部门给伤者献血，吹嘘自己的小姑能调动各部门开路，这种话就能对伤者起到安慰作用？
所以当一个人被撞成重伤之后，只要跟她说自己的小姑很厉害，真的就能鼓励她燃起求生的斗志了？
吹牛逼就能让伤者求生？我就想问问到哪里要那么好救的伤者？如果吹牛逼就能鼓励伤者求生，还要医生干什么呢？
其次，让我还觉得搞笑的一个细节，就是这位陶先生还出来辟谣，说他的小姑不是公职人员，他的小姑是帮忙想办法联系上海卫健委而已，献血是阿里医院和当地卫健委组织的，这不是个人行为：
那么问题来了，既然献血是由阿里当地医院和卫健委自己组织的，那你小姑联系上海卫健委是做什么呢？
既然阿里当地都会自己组织献血了，那你小姑在这件事中存在的意义是什么？
既然当地都自己组织献血了，你应该感谢的人是当地各部门才是啊，你应该吹嘘当地的各部门牛逼才对啊，为什么你就只吹嘘你的小姑牛逼？
再次，陶先生还表示，他的妻子之所以发那些东西，是为了到社交平台上记录这次死里逃生的经历，但很多网友都因此指责她，所以她就把视频删了，而现在事情辟谣了，也希望网友能理性看待此事：
对于这种说法，我真是觉得太搞笑了。
你老婆自己到网上发那些东西，而且每句话都是想炫耀你家的小姑，每句话都是想炫耀你家里有特权，而当网友质疑你们之后呢，你们却说这是网友指责？请问你们是在搞笑么？
而且更搞笑的是，陶先生竟然还说他妻子删除视频，是因为遭到了网友指责才删除的！
我就纳了闷了，她真的是因为遭到网友指责才删除视频的？还是她怕事情越闹越大，担心捅出更多事情才把这些“证据”都删除的？
自己到网络上吹牛逼炫耀自己的小姑，事情闹大后却说是网友指责才把视频删除的，合着都是网友的错了？你们怎么就那么会甩锅呢？
而且更加要命的是，这位陶先生最后还让大家“理性看待”此事：
这特么的不是在搞笑么？是你们自己把聊天记录爆出来的，是你们自己吹嘘你们手上有特权的，是你们自己把你们的小姑架在火上烤的...
你们吹牛逼的时候不考虑“理性”，你们到网络上炫耀的时候不考虑“理性”，事情闹大了，你们就劝网友们“理性”了——合着就是想说事情变成今天这样，都是网友们不够理性造成的呗？
不得不说，这脸可真大啊！
这甩锅技术，可真是一流啊！
自己到网络上上传聊天记录，而聊天记录中通篇都在暗示自己有特权，男的自己跟老婆暗示自己小姑有特权，而女的也认可这种特权并得意洋洋地拿到网络上炫耀。
而当炫耀完后，发现事情闹大了，最初那么崇拜特权的小两口，最后又统一口径说自己没特权了，那这小两口到底哪句话是真的？
为了救下这个女生，各部门、各医院、航空公司、卫健委都做出了那么多的努力，但是在这小两口的聊天记录中呢，却只说他们的小姑牛逼，而这个小姑还不是公职人员，那我就挺好奇了——那么多部门的努力，为什么在这小两口的心中都还不如这个小姑呢？这位小姑，到底是自带了什么光环呢？",2023-11-30 11:04:34,广西,2,wangyi
3,能调动“所有公务员献血”？！27岁的“血槽姐”，有点猛,"　　最近，一起诡异的车祸引发了热议。
　　事情源起于一次蜜月之旅，
　　10月14日，27岁的上海女子小余和丈夫去西藏“自驾蜜月”，发生了车祸。
　　

　　当事人小余自驾时受伤
　　小余重伤：
　　肝脾破裂、胰腺损伤、多发肋骨骨折、失血性休克……
　　情况危急，被送往西藏阿里地区人民医院。
　　后经救治，小余幸运地捡回了一条命。
　　然而11月29日，她突然在网上爆料：
　　“当地全体公务员为我献血”、
　　“爸爸包下湾流G550公务机送人”、
　　“小姑姑联系上海卫建委，好牛B”……
　　网传聊天记录截图
　　一众犀利字眼，瞬间引发一片哗然！
　　大家都在猜，这“血槽姐”到底是谁？
　　01
　　好大的阵仗
　　新婚燕尔，小余将蜜月选在了西藏阿里。
　　10月14日，她和丈夫陶先生一路开车自驾驶入了5000多米海拔的高原……
　　结果，因高原反应昏厥，出了车祸。
　　小余与丈夫自驾的车
　　陶先生没事，但小余被安全带勒到腹部，导致肝脏破裂、腹腔出血等，情况危急，被紧急送往了阿里地区人民医院。
　　其后，小余被转运至成都急救，在华西医院完成了各项检查。
　　华西医院给出的证明
　　11月29日，脱离危险的她，
　　将获救经历做成视频，发到了网上。
　　视频显示，为了救治她，
　　其丈夫通过“姑姑”联系到了上海市卫健委，再由上海市卫健委联系西藏相关部门，动用阿里地区所有公务人员、民警、消防官兵等为其献血。
　　脱离危险的小余将获救经历做成视频发到了网上
　　7000多毫升血，
　　相当于两个健康成年人体内的血液总和。
　　而且必须全是A型。
　　经过这个手术，小余相当于全身换了两次血，
　　她说这些鲜血，是“动用了”
　　当地的所有公务员，还有军、警。
　　正在大家惊掉下巴之际，
　　10月17日，救女心切的余爸爸出手了！
　　当即就定下了“湾流G550公务机”包机送人！
　　于是，10月18日凌晨，机组和医疗团队从杭州萧山国际机场出发，直飞西藏阿里接到小余，然后又奔赴成都双流机场……
　　余爸爸包下的湾流G550公务机
　　用小余自己的原话说，
　　“到了四川，各种开道。”
　　小余自称一路上被开道
　　到了医院，极速绿灯，
　　当天下午，小余就在华西医院完成了各项检查。
　　全程仅3小时。
　　小余在华西医院做手术画面
　　原本，这大概率就是一出
　　“富贵女千里急救，多战线齐心协力”的故事。
　　没想到，小余脱离危险后，
　　在11月29日，将前因后果的一切，包括和丈夫的聊天记录统统做成视频，发到了网上（目前此视频已下架）……
　　虽然救人一命，胜造七级浮屠，
　　但这夸张的阵仗，
　　属实吓坏了一众市井小民。
　　这是“感谢救命”还是“炫耀特权”？
　　这到底是谁家的千金？
　　02
　　司机的女儿
　　事情引爆后，多方回应令人深思。
　　目前，海南经纬航空已确认：
　　包机转运，情况属实。
　　但具体情况不便透露。
　　其后，有记者调查称：
　　小余，只是上海某区的一名普通银行职员。
　　他们全家的亲属中几乎没有公职人员。
　　该“心惊”报记者称：
　　小余的爸爸，“就是一个普通的单位司机。”
　　余爸爸自称仅仅是一名司机
　　先不论此前奢侈的蜜月之旅，
　　单问一个普通单位老司机，怎么能搞到“公务包机”呢？
　　很多人不清楚医疗专机的价格，看看这段采访：
　　媒体报道
　　随后，余爸爸解释：
　　“包机花了约120万，都是借的钱。
　　女儿的医疗费共计不到160万，也都是借的。”
　　管谁借的呢？
　　他说借钱对象不是自家亲属，都是
　　“好心人、单位的领导”，
　　一笔笔钱，手机转账过来的。
　　这年头，锡安管人借5万都难，
　　短时间内能借到这么多钱，充分说明了：
　　老余这个司机当得“深入人心、可圈可点”！
　　另外，强烈建议调查一下这位“好心的单位领导”，如此豪掷百万、救下属于危难，必须高度赞扬，列入学习名单！
　　回到上海的小余自拍称被无数鲜花簇拥着
　　除了“神通广大”的司机爸爸，
　　小余的老公，还有一个神奇的姑姑。
　　根据小余的丈夫陶先生回忆：
　　得知妻子缺血后，自己第一时间把这个消息发给了其他家人，家里人又托了亲戚、朋友，层层去找（关系）、去问。
　　随后，他的小姑姑“想办法”联系了上海市卫健委，之后，阿里当地医院和卫健委组织组织了献血。
　　其后，他又表示：我小姑不是公职人员。
　　能看得出，陶先生对于让妻子发视频上网的事，非常懊悔。
　　他一个劲地表示：
　　“我们的聊天发生在妻子抢救结束苏醒之后，因妻子伤重，为了鼓励她求生，我才说出这段话。”
　　此处不禁令人怀疑：
　　现在你老婆已经康复，难道你们也完全没交流吗？
　　如果有，她发这么一段是为了炫耀？
　　如果没有，你们这新婚夫妻，感情捉急啊！
　　03
　　跪求分享
　　以上，就是此事目前所知的全部内容。
　　事发后，西藏当地称：
　　传言不属实，不是所有公务员都献血了，只是部分公务员参加了。
　　了解！当然！
　　只有A型血的公务员参加了。
　　上海的回应一如既往地精辟
　　不得不说，此事超出了我的认知。
　　按常理说，事发地点在西藏阿里地区，
　　那么一般情况下，由阿里地区卫健委联系上海市卫健委肯定比某一个人联系上海市卫健委管用吧。
　　那为什么阿里卫建委没出面，反而是一位“小姑姑”就能让上海市卫健委行动起来呢？联系上海市卫健委需不需要一定的流程？！
　　原来，上海市卫健委是如此令人感动！
　　既然是这么正能量的事，那么能否请这位“没有公职”的小姑姑现身讲一讲，这是怎样一个政策，毕竟普通人有时也会遇到意外。
　　我们应该怎样做，才能受到涉事女子同等的对待？！
　　跪求经验分享啊！
　　还有一个我们普通人最想问的问题：
　　我们联系卫健委，有人会管吗？
　　小评
　　还记得当年开大奔逛故宫的“撒欢儿姐”吗？
　　“赶着周一闭馆，躲开人流，去故宫撒欢儿～”
　　开车进故宫的当事人
　　当年，央媒都下场要求“严查到底”了，
　　结果，2年多杳无音信。
　　最近，她的Ins发布动态定位在了美国的拉斯维加斯
　　“故宫姐”晒自拍
　　虽然，面朝大海、春暖花开，
　　但又被曝出涉嫌向美国走私大量铝产品，逃避关税。
　　还有之前的“北极鲶鱼”，
　　跑到澳洲的，鞭长莫及了。
　　对鲶鱼爷爷的处理，95%以上的网友表示处罚太轻。
　　看似处理了，等于没处理。看似调查了，等于没调查，贪了多少？没说。和谁串供？没说。9位数是否属实？没说。是否涉嫌巨额财产来源不明罪？还是没说。
　　连新华社也看不下去了，公开质问：这样的处理是如何做出的，是否畸轻？
　　不能不说，国社就是国社，看问题就是一针见血。
　　客观地说，这个处理结果可能是深圳纪委监委综合平衡各方因素的结果，相比此前的周公子、许可馨事件，总算交出了答卷。
　　真相禁不起追问，后患也经不起假设。
　　水可载舟，亦可覆舟的道理。
　　北极鲶鱼也好，西藏小余也罢，
　　老百姓不是非要赶尽杀绝，只是在追问公平正义！
　　这届网友不好带，唯有真诚动人心。
　　无论党纪，还是国法，都不该轻纵任何一条漏网之鱼！
　　感谢您的阅读，希望一起发声，彻查到底！不共情为富不仁，是一个普通百姓最后的尊严。",2023-11-30 09:22:11,加拿大,2,wangyi
4,聊一聊阿里“血槽姐”,"去年的国家公务员考试，让西藏阿里地区一战成名，招录一个邮政管理局的公务员，参与考试的高达24854人。

今年阿里的公务员再一次名震全国，则是因为一位“血槽姐”在抖音上的大秀特秀。
“血槽姐”不仅秀了湾流G550私人危机将她从阿里地区运到了华西医院，警车为其一路开道，更是秀了她的小姑姑通过上海卫健委发动阿里地区所有公务员为其献血。



“整个阿里自治区的a型血都给你输上了”......“派出所民警 消防官兵 还有部队官兵”......
这种虎狼之词，瞬间让今年再次创纪录的300余万国考考生们愤怒不已，仿佛自己苦读多年，竟是为了给“血槽姐”当移动血包。
政事堂看到视频的时候，第一反应也很愤怒，但是，凭借着多年来对“证据”的敏锐分析，发现“血槽姐”的聊天中还是有不少吹牛逼的成分。

视频中，虽然几个亿的G550私人飞机看起来很咋舌，但无论是夫妻俩蜜月旅行的吃喝，衣着，开的低配车，游玩的项目，还是在医院收到的花，都是普通家庭和一般社交圈子的配置，对于精致的上海人来说甚至有点拿不出手。
而且，通过蛛丝马迹的搜索，也从微信公众号“海南经纬航空医疗急救站”上找到了这架私人飞机，10月18日早上从杭州直飞阿里昆莎机场，接上“血槽姐”后直奔成都华西医院。
“血槽姐”家里并没有私人飞机，而是她老爹斥近百万的巨资，雇佣了经纬航空急救的医疗专机，试图从鬼门关里把姑娘救回来。
至于成都警车开道，大概率也是航空急救的配套附赠服务之一，毕竟干这一行的，各条路子都很熟。

而且，对照“血槽姐”公布出来病危通知书来看，她在阿里做手术的时间是15日凌晨4点，而私人飞机式18日早上从杭州起飞。
中间有三天的时间把“血槽姐”丢在医疗条件恶劣的阿里地区，也侧面验证了“血槽姐”的家里不是什么大权贵，只是老爹能掏得起百万的救命钱。
当然，至于男方小姑姑，大概率有一定的能量，能够通过上海卫健委联系到阿里地区的卫健委，寻求帮助。
只是藏区的民众公务员们普遍都比较淳朴，听说一个20来岁的小姑娘车祸，于是纷纷主动献血，也是情理之中。

这本来是一件可以正面宣扬的好事儿，从阿里地区到救援公司到成都华西医院，大家接力赛的方式从死神手里夺回一条人命。

但是，“血槽姐”的行为和态度，却让政事堂想把她俩骂个狗血喷头。
“血槽姐”夫妇没有感谢那些把她从死神救回来的阿里地区医护人员，也没有感谢那些在环境极其恶劣下，冒着损害身体献血的数十位解放军、消防员和民警同志，而是将其归功于那个拥有权力任性的“小姑姑”。
很难想象，那些守卫在祖国边疆，无私救助这位小姑娘的战士们看到视频后会怎么想。
尤其令政事堂震撼的是，这种归功权力并不是来源于俺老家，官本位的山东，而是来源于中国市场经济最发达的上海。
连上海人都不屑于秀几个亿的私人飞机，而在那秀能够几千里外“摇人”的权力的时候，警车给她开道待遇的时候，这才是令人感到悲哀的。
过去几年的一系列事件和生态，让我们太多的人形成了强烈的官本位思想，我们要协力破除这种思想，否则以后“血槽姐”事件，只会不断地重演。
",2023-11-30 09:33:24,辽宁,2,wangyi
5,围观阿里血槽姐的时候，在围观什么！,"

文/还是吴秀才
我所在的城市今天降温十度，早晨出门穿了秋裤，但腿部依旧感觉凉飕飕的，走在环城河的路上，又去看了一眼那格格不入的海棠花，依然在饱满着绽放。
这深冬里的一枝独秀就像是互联网上被大家紧盯着的另一个“阿里血槽姐”，是那么的特立独行。这件事之所以被大家关注，其传播的因素也无非是小姑姑的一通电话，所有的公务员都给她献血；一个招呼 整个阿里自治区的A型血都给她输上了，也是动辄120万包机即刻转到其他城市医院的现实。
在围观的喧嚣中，尽管媒体们一再努力着让大家的思维不要停留在小姑姑的身份上，一再的发布那120万是借来的声音，但其实在这一刻，真的已经没有了太多的意思。犹记得上一次这座城市因为医疗上热搜，是某个退休干部在特殊病房的几年岁月，而那个新闻迸发的其他衍生细节，是很多的老人看不起病只能回家等死。
同样的，在阿里血槽姐事件并列着的也是一个发烧孩子的母亲 两天取号取到了1600号，
是评论区诸多网友讲述的自己身边的一些事例
如此我在想的是，大家在围观血槽姐的时候，围观的是什么？
是丈夫死了，作为普通人的亡妻，去银行领取打在账户上的抚恤金，却被告知结婚证不能证明是夫妻关系的窘境；
是普通人的家庭孩子生病了，面临着住院的紧张 ，而那空荡荡特殊病房里的奢华。
是一个个悲哀着的灵魂，面对压力着不堪重负时，发现同样的天一样的艰难，在具备特权的人手里，是如此的轻松，权力被他们动用起来又是如此的朴素无华。
我印象最深的一个小时候的故事，周末要到学校的图书馆去看一本书，看门的和蔼的，一个头发已经斑白，看着是那么的文气让人尊重的管理员大爷，好说歹说阻止着不让我们进，理由是学校规定，可面对同样的规定，校长的儿子带着校外的朋友赶来时，这位大爷嘴里的规定就变成了龟腚，连带着自己的腰都弯了下去。
眼睁睁的看着粉头油面的儿子进去，我问规定，他的回答是，人家爸爸是校长，你爸爸是谁？
他就是如此直白的，毫不掩饰的当着我的面，几乎是指着我的鼻子这么说的。
（完）
PS：写作这一块，苦熬三四个月没有收入的日子，我翻译的水平很好（英文），自己也经常翻译很多东西，有诸多翻译作品。此外，能代写传记，有丰富经验，接受试稿，如果有这方面需求和资源的朋友可以私聊我（我的微信：wuqiao11111）",2023-11-30 12:40:17,上海,2,wangyi
6,热搜上的“阿里血槽姐”事件，撕开一个残酷的真相,"当这两个热搜摆在一起时，是何其的讽刺，何等的悲哀。



看到这些时，我只觉得错乱，只觉得割裂，世界的参差在这一刻暴露无遗。
“阿里血槽姐”的事情这两天刷屏了，血槽姐姓余，所以接下来我们就叫她余大小姐。
按照惯例，先简单回顾一下事情经过：这位余大小姐日前在网上上传了一段视频，讲述了自己去西北度蜜月，结果在阿里地区出了严重车祸，最后被成功救回的经历。
接下来的内容不是我杜撰的，而是余大小姐自己发的：
1、缺血，丈夫的小姑姑委托上海卫健委的关系动用阿里地区所有公务员、民警和消防员为她献血；
2、包机湾流G550，花费一百多万直飞阿里接人，然后再转入华西医院；
3、到达成都后，各类特种车辆开道，直奔华西；
4、先后做了两次手术，住了十多天ICU观察后，硬生生将她从死神手里拉了回来。
整个过程看着挺魔幻的，但奈何余大小姐又晒出了相应的截图。所以事情发生后，网上吵翻了，人们质疑这个事情无非就是为了两个字：公平！
为什么说公平，因为这事放在普通人身上简直不敢想象。有外科医生是这样说的：没有这7000毫升的献血（聊天记录中说的），她绝对要交代在西藏，单单这30个出院诊断，换在普通人身上，匀一匀都够死5个人的。
眼看舆论发酵，事情越闹越大，相关人员和部门接连站出来表态了。首先表态的是余大小姐的丈夫，他说自己之所以和妻子那样说，完全是为了鼓励妻子，说白了他的意思就是自己在吹牛，谁知妻子当真了。
但有意思的是，在新京报的采访中，余大小姐的丈夫又说：“当时发信息时第一时间想到了小姑姑，至于谁能接触到上海卫健委，我们自己都不知道。”
前一秒说自己在吹牛，后脚又对着媒体含糊其词欲盖弥彰，你说这其中没有任何人情关系，把大家都当傻子吗？
另外，他在和妻子的聊天中提到“动用了所有阿里公务员”，我想请问究竟是什么样的人会用“动用”这两个字？正常人会说求助！况且他感谢的还是小姑姑，他最应该感谢的难道不应该是那些“自愿”献血被动用的人吗？
卫健部门也回应了，说接相关部门函件，请求正在西藏日喀则市的援藏医生前往涉事医院参与救治。对此，有不少人说，就算不是余大小姐出事，换作其他任何人，卫健部门也会协调医生前往救治的。
其实想弄清楚这个问题很简单，只需要公布上海卫建委每年这样的发函协调行为有几次，主要是哪些人哪些事，这样一比较之下就知道到底有没有为特权开路了。
有一点很搞笑，就是事情曝光后，当事人陶先生说妻子余大小姐因为受到指责心情低落，已经哭过一次了，希望网友能理性看待此事。
这一点和当初北极鲶鱼家的操作可谓是一模一样，都是自己把证据曝光出来的，想炫耀一番。等到事情闹大了，又说当事人在家哭，让大家理性看待...
现在各方各执一词，每个人的说法都不一样，我们也不能盖棺定论。但我想说的是，如果调查后，确实没有特权行为，那么希望将来上海卫健委能够像这次一样，在面对任何一个普通人时都是力求不惜一切代价救助，而不是群众想打通一次电话都很难。
还有，如果真的没有特权行为，“全体公务员为余大小姐献血”是假的，那是不是要追究那个丈夫造谣的责任？毕竟事情闹得那么大，闹得西藏和上海的多个部门里外不是人，不能就这么算了吧？
最重要的，那个所谓的“小姑姑”身份是不是应该公布出来？
回到一开始的话题上，为什么大家对“血槽姐”的事情这么敏感？因为这个世界从没有我们想象得那么公平。
接下来我想讲两个故事，这两个都是让我意难平的故事。
他叫王武，被推进医院时，他的嘴角带着血，神志还算清楚。两个月前他开始出现浑身无力的症状，被迫停下了工作，因为没钱直到今天才来就诊。
检查后，出现在王武面前的是一大堆医学名词：肾脏受损、尿毒症、代谢性酸中毒...
听到自己的病情，王武一只手握紧自己的钱包，另一只手上则是一部已经欠费的手机。
由于病情严重，需要马上联系家人，可他却以“太晚了”为由拒绝。直到后来，护士用医院的电话打通了王武父亲的号码。
远在外地的父亲说“天亮就过来”，可他根本不知道，自己的儿子等不到天亮了。
医生说王武必须透析，王武拒绝了，他开始大口大口吐血。
他说：“不要搞了，我是遗传病。”“我外婆奶奶就是同样的病，我哥哥比我严重多了。”“我父亲70多岁了，我母亲因为这个病已经不在了。”
他坚持着要出院，他说：“不要让他来了，浪费火车费。”
那天深夜，王武的心跳彻底停止了。同一时间，父亲刚刚到站。
11分钟后，70多岁的父亲出现在急诊室，他一遍遍呼喊着儿子的名字，只是这一次再也不会等到回应。
一次透析的费用，可能是周公子的一顿午餐，可能是钟小姐的一只包包，也可能是余大小姐一家一天的伙食费。
可是，这也是穷人的一条命。
第二个故事发生在四川某医院，一个中年男人因为无力支付医药费，被迫亲手拔掉了儿子的氧气管。拔管时，意识模糊的儿子突然呼喊父亲：“爸爸，请救救我！”
一个中年男人在那一刻彻底破防，放声大哭起来，泪水打在儿子那早已被疾病折磨得没有血色的脸上，仿佛在诉说着人间所有无能为力的无奈和亲手送走挚爱的心酸中。
这个世界公平吗？
公平！因为我们每个人都会哭着来到这个世界，再哭着离开。
但这个世界也没那么公平。
有人呼风唤雨，享尽人间繁华；
有人饥贫交迫，饔飧不饱，为了活下去，他们随时准备死去。
当想到这些时，我突然又觉得余大小姐炫耀自己的死里逃生是多么得讽刺。",2023-11-30 16:38:43,安徽,2,wangyi
7,阿里“血槽姐”家属两个不知道，挺侮辱人智商,"从昨天开始，西藏阿里全区公务员为车祸女子献血事件，在网络上吵翻了天，主要问题集中在以下三点：
1 这是谁家的大小姐？
2 存不存在权利的腐败？
3 这么大的能量，网上流传的聊天记录里的“小姑姑”是谁？



01
对于第一个问题，车祸女子的父亲在接受采访时表示，自己的职业是司机，女儿是上海一家银行的普通职员，家中没人是公职人员，租飞机的120万元是借的。
这个解释还算合理，女儿的命是最重要的，他们一家生活在随便一套房都好几百万元的上海，在短时间内凑齐120万元是有可能的。
而车祸中撞得稀烂的车为国产的比亚迪宋，并不算贵，所以我相信他们家不是权贵之家。
02
对于引发巨大争议的聊天截图内容，车祸女子丈夫陶先生解释，截图中的对话是妻子刚刚脱离生命危险、苏醒时，他发送出去的，与事实不符，有夸大的成分。
这种说法显然未能让网友信服。
陶先生称，自己四处托人，层层去找（关系）、去问，希望能联系到上海卫健委：“至于谁能接触到上海市卫健委，我们自己都不知道。”
网友们不是质疑上海市卫健委帮助救人，质疑的是，这个救人的待遇是不是每个人都能享受到。
中国是一个人情社会，现实生活中，我们托人成功后，怎么会不知道是谁联系上的呢？合着每个帮忙的人，都是雷锋？陶先生这个不知道，真是侮辱人的智商。
03
关于小姑姑的身份，现在还是一个谜。
为何提到自己的小姑姑，陶先生称，是因为“小姑姑是平时一有事就会出来帮我的人，所以当时发信息时第一时间想到了小姑姑。至于谁能接触到上海市卫健委，我们自己都不知道。”
至于那位小姑姑，陶先生否认了她是公职人员身份。
而车祸女子的父亲则在支支吾吾中称自己并不清楚她的具体身份，只知道她“快退休了”。这就像“不知妻美刘强东”“悔创阿里马云”一样，太凡尔赛了。
我在这片土地上生活了四十多年，哪有不知自己亲人职业的？直系亲属中，100%知道职业，就连久不联系的旁系亲属，在一起聚会时，不问职业和在哪里上班吗？这个回答也挺侮辱人智商。
到目前为止，阿里“血槽姐”引发的舆论风暴还未停歇。“小姑姑”到底是谁？她是怎么联系的上海市卫健委？如果说这是一条正常的救助通道，那么我们也想让相关部门出来科普科普，以后遇到类似的情况，也可以避免走弯路。希望相关部门能够尽快给出回应，消除舆论疑虑。",2023-11-30 18:09:45,四川,2,wangyi
8,许家印比阿里“血槽姐”更疯狂，私人飞机送父回乡，建十几亩陵园,"阿里“血槽姐”火遍全网了。这个事情在这两天是疯狂发酵，事件很简单，大概就是一个上海女孩子结婚之后跟丈夫去西藏旅游，发生了重大的车祸。
为了挽救女孩子的生命，各界都动员起来了，他父亲更是花巨资包下私人飞机把女儿从西藏接到成都救治。本来这是一个好事，可是因为女孩子把过程发到网上，而里面又涉及到一些敏感的东西，于是迅速就引起了轰动。
其实“血槽姐”的这波操作到底有没有涉及特权，我们也无法深究，反正人家已经出来解释了，就是普通人家，不是大家想象那样。



不过这个世界就是如此，权贵富豪的真实生活是我们无法想象的。比如说河南皮带哥许家印的真实生活就是普通人无法想象的。
2018年许家印的回乡之旅就轰动一时，不过其中的细节很多人并不知道。2016年许家印的父亲重病，于是许家印为了让父亲叶落归根，于是他就在老家给父亲修建陵园。
这个事情许家印不是私人去处理，而是交给了恒大河南分公司。随后他们就通过土地置换的办法，在许家印的老家换到了十几亩的土地，然后开始修建了陵园。
整个陵园不仅仅占地十几亩，而且非常豪华，外墙全部都是青灰瓷砖修砌而成，里面更是修建了凉亭、假山、喷泉等等。当时人预计，光是修建这个陵园就得花几千万。
彼时的许家印坐拥2千亿的身家，花几千万不在话下，而且这个钱到底是他自己出的，还是拿到恒大报销还没人知道。
最重要的是，在今时今日的大环境下，许家印却有如此通天手段兴建这样一个规模的陵园，这里面有没有涉及违建的问题。之前有网友已经实名举报了这个陵园，目前还没具体的消息。
陵园修建好之后，许家印的父亲又缓过劲来，又撑了两年，可是到了2018年许家印的父亲这次是真的不行了。最后时刻，许家印决定让父亲风风光光回家乡去。
当然许家印也是想让自己好好风光一把，毕竟衣锦还乡是大部分中国富豪的愿望。为了让许家印可以完美回乡。
恒大河南分公司的领导可就忙坏了。他们提前一个月就去周口市做准备，根据许家印回家的流程，每一个细节都妥善安排，许家印要去什么地方，见什么人，该修缮的地方就修缮，该提前安排的人就提前安排好。
许家印想要回去祖屋看看，于是他们把这个房子也修缮了一下，同时还把门口的空地都平整了。当然这些都是小事，毕竟有钱的富豪可以如此做。
许家印毕竟就是许家印，皮带哥的排场还是普通人无法想象的。因为父亲已经病重，要从广东顺利回去老家还是有一定难度。当然这样的事情对于当时有钞能力的许家印就不算什么了。
他动用了自己的私人飞机，要知道许家印可是有好几台私人飞机。为了防止父亲在中途有什么意外，许家印直接把医疗团队都带上飞机，并且让他们陪着回去老家。
当然许家印也提前安排好，他直接在当地医院包下了一整层，父亲一下飞机就住进了医院，当然医护人员都是许家印带过去的。在钞能力面前，这些都不是问题。
安顿好父亲，许家印自己就去享受衣锦还乡的风光了。当地领导为了拉拢许家印回家乡投资，甚至修建了一条公路，从县城直接到了许家印村里，还安排了大量的警力保护许家印。
当然许家印也带上了自己的大量保镖。在镜头里面，许家印跟老乡热切聊天，可是镜头之外却是一众保镖保护着，普通人根本无法进身的场景。
许家印给每一个村民都发了3000元红包，同时还有粮油。有趣的就是不久之后，河南恒大跟合作伙伴成立了合资公司上面，多了一笔200万的粮油支出。
这次回乡，许家印非常满意，临走的时候他心情大好，大手一挥，又捐了10亿出去，不过这也不是他私人口袋出的，这笔10亿的捐款也是恒大埋单，不过建成的那个学校上面却写着加印小学。
权贵富豪的生活真的不是普通人可以想象的。十几年之前，姓梁女明星为李首富的儿子生下了3个儿子。李家为每一个孩子配备10个人的育婴团，每一个工作人员都需要经过三次考试，第一次是风水；第二次是背景调查；第三次是技能测试。这还不是最夸张的，孩子吃的奶粉是专机从新西兰运回来的，一罐奶粉的价格折合港币几千元，甚至连冲泡牛奶的水都是从加拿大北部山区的温泉取回来的。
所以说普通人还是安安心心搬砖，千万不要想太多。",2023-11-30 21:58:56,广东,2,wangyi
9,“小姑姑”身份保卫战打响？“血槽姐”父亲竟不清楚其具体身份？,"大家好，我是老丁。
声势浩大发动全西藏阿里地区公务员、消防官兵等献血，花费百万余元之巨包机前往成都知名三家医院抢救，飞机落地后“警车开路”、手术医生虚位以待……这些像不像所谓“爽剧”中，某高官或霸总家千金，命悬一线时绝处逢生的抢救情节？



但媒体报道显示，这“女主”可并非是谁家的千金，而是一个不幸在阿里地区出了车祸的“普通人家”女儿。根据她父亲的自我介绍，“我就是一个普普通通的老百姓，在单位里开车的”“我是什么（关系）都没得，一个（人）都不认识”；她的丈夫则说，“两家几乎没有公职人员”。至于这位“普通”女孩的身份，她那位“在单位里开车”的父亲说，“是上海某区一镇上的银行职员，并非网传的医护人员”。
这就是从昨天延烧到今天仍热度不减、让全网震惊乃至震怒的“血槽姐”事件。为了叙述方便，下文中会把“血槽姐”称为小余，其父亲和丈夫分别称为老余和小陶，他们都是上海人。话说若不是小余近期发了下面这段接近两分钟的视频，这场堪称生死时速的“爽剧”情节，普通人怕是连想都不敢想，妥妥是“贫穷限制了你我的想象力”。
尤其让网友惊掉下巴的，是视频中小陶和小余的一张聊天截图。截图中，小陶告诉小余：“我小姑姑联系了上海市卫健委，卫健委联系了阿里（地区）部门，动用了阿里所有公务人员献血”“整个阿里自治区的a型血都给你输上了”“一共七千多毫升，你全身换了两次血”。小余回复道：“小姑姑牛逼。”截图上方还用黑色大字标出：“家里人不放弃，拖（托）关系把血续上。”
大喇喇地把“托关系”写成了“拖关系”，小余是不是文化素质堪忧姑且不论，她的那条视频，如今可真是把一大家子人拖累得死死的。更为关键的，是小余、小陶对话中这位“牛逼的小姑姑”，她究竟是何方神圣？
我们来看看《新京报》今天的一篇报道中，关于“小姑姑”的一些描述。先说一个细节，这篇报道的末尾有个颇让人玩味的描述：11月29日也就是昨天晚上，老余一家“开过一场家庭会议”。
小陶说，“小姑姑是平时一有事就会出来帮我的人，所以当时发信息时第一时间想到了小姑姑。至于谁能接触到上海市卫健委，我们自己都不知道。”小陶还否认了她是公职人员身份。
“平时一有事就会出来帮我的人”，如此“小姑姑”堪称“及时雨”啊，这到底是几辈子积德行善修来的好亲戚？对于小陶的后一句“至于谁能接触到上海市卫健委，我们自己都不知道”，《新京报》报道中的一句话，可谓于于无声处听惊雷——
“11月29日，新京报记者从上海相关部门获悉，经调查，事发时，卫健部门接相关部门函件，请求正在西藏日喀则市的援藏医生前往涉事医院参与救治。此事不存在因私人关系等不正当因素导致的行动。”
老丁想问，能够通过“相关部门函件”上海卫健部门的，怕不是绝大多数一般人能办到的吧？至于后面那句“此事不存在因私人关系等不正当因素导致的行动”，是不是有点此地无银三百两的味道？
老余关于“小姑姑”身份的说法，则更显诡谲——
谈及陶立小姑姑的身份，余宗民在支支吾吾中称自己并不清楚她的具体身份，只知道她“快退休了”。
我滴个乖乖，报道通篇都不鲜见老余对小余倍加呵护的语句，像是“我们只有一个女儿，会不拼尽全力去救吗”“这是救我女儿的命啊”等。如此居然在支吾之间，连如同宝贝女儿“再生父母”一般的“小姑姑”的具体身份都不清楚，老丁不禁想对他直抒胸臆一句：您在骗鬼啊？
因此，在上文中提到的老余家的那场“家庭会议”中，他们内部是不是已经统一了口径，即要誓死守住神秘“小姑姑”的身份呢？
也是在《新京报》的这篇报道中，根据小陶和老余的描述，在对小余的“抢救接力”中，可以说是“好人”争分夺秒地辈出：有阿里当地“数十名公职人员”参加的“多方动员组织献血”；争议颇大的“警车开路”那是“当地警察好心帮忙”；一般人眼中知名三甲医院“看病难”的问题，在小余这里似乎也丝毫不存在，包机落地转乘救护车后，小余即“顺利转入成都市四川大学华西医院接受救治”。
特别是，包机高达120万元的转运费，竟然是小余车祸后那分秒必争的时刻，老余向“好心人、单位的领导”借，一笔笔钱通过手机转账过来的。这究竟是怎样的“一方有难八方援”，以及“人间有大爱”的“正能量”呢？
不得不说，借助《新京报》的这篇报道，老丁唯一比较确定的，是老余夫妇对小余毫无保留的爱，甚至是溺爱。这其中不仅有前文中老余所说的“我们只有一个女儿，会不拼尽全力去救吗”等，尤其是在看到小余发的这段给他们惹下滔天大祸的视频上，余母竟说“也是感谢救助她的人”，老余也不过是说，“年轻人有时会说大话，可一旦发到了网上，这……”
字里行间，仍有浓浓地为宝贝女儿辩护甚至开脱的意味。只是他们是否想过，正是这份溺爱，或许导致了小余如今闯下如此大祸？况且小余发视频真的如其母所说，“是感谢救助她的人”吗？她可是连救助单位在相关文章中，把她由小余误写成“小徐”，都点出来并有些责怪呢。
除此这份“爱”之外的大多情形，老丁也只能一声呵呵了。老丁发现，有关“小姑姑究竟是谁”的话题，目前已登上了不少网络平台的热搜。
那，就先揭开她神秘的面纱吧！这不该很难的对不对？",2023-11-30 22:09:53,北京,2,wangyi
10,阿里救下的“血槽姐”被骂，活该,"这两天降温，除了被窝，真的是哪里都凉飕飕的，倒是网上有件事闹得热火朝天，因为一个叫“血槽姐”的女人被全网热议。
这个“血槽姐”是谁，究竟干了什么事儿？
“血槽姐”原是上海一名27岁女子，姓余（以下称“小余”），她在网上发了个视频：她与丈夫陶先生一起蜜月自驾游，在西藏阿里地区出车祸，肝动脉破裂，需要输血，医院存血不足；性命垂危之际，她丈夫通过小姑姑联系到上海市卫健委，再由卫健委联系到阿里地区相关部门，动用当地所有公务人员、派出所民警、消防官兵，还有部队官兵给她献血；按她丈夫的说法“整个阿里自治区的a型血都给你输上了”，随后她爸爸花了一百多万包了一架医疗专机湾流G550，把她送去四川华西医院；到四川后又有120等力量帮忙开道，最终把她从死亡线上拉了回来。


整件事件看下来，馆长我心里打满了问号：这排面真不小，是哪家的千金大小姐，又是公职人员、人民子弟兵排队献血，又是百万专机送医，又是120开道，这一等一的待遇。
背后有没有“以权助私、利用特权动用公共资源”？聊天记录里那位神通广大的“小姑姑”到底是什么来头？
看来不止我有这些疑问，原来广大网友也为这事吵翻了天（见下图）。有网友说：“动用阿里全体公务员为一个人献血？我们辛辛苦苦考上公务员后，居然是这位千金小姐的移动血包。”有网友因此给小余取了“血槽姐”的外号。

果然，舆情上来之后，这家人急了，小余的丈夫陶先生很快出面辟谣称：亲戚不是公职人员，特权是不存在的，献血不是强制的，包医疗专机的120万是岳父借的钱，聊天记录中他之所以那么说，是为了激起妻子的求生欲望。
这话别说网友不买账，馆长也觉得有点牵强了。什么样的小姑姑能到上海卫健委摇人？吹牛就能激起病人的求生欲？难道特权是什么灵丹妙药，下了病危通知书的病人，一听到家里有强大人脉，就能支棱起来？老百姓平时借个万把块都被银行天天催还呢，什么样的家庭可以马上借到120万并直接包了架湾流G550去接女儿？上海已经这么富裕了吗？
不是网友敏感，大家已经很努力去理解这位丈夫、这位小姑姑、这位父亲救小余的决心，但实在很难代入那个情境。捡回一条命了也不先谢谢老爸借来的120万，反而第一时间先感谢“小姑姑牛逼”？
我梳理了整个事件的时间线，来搞清楚到底有没有以权助私行为。
10月14号，陶先生和小余出车祸，小余脾脏破裂、胰腺损伤、失血性休克，急需输血；

10月15号，阿里医院缺血，向职工、社会人员求助，陶先生联系了当地派出所和消防部门求助；
10月16号，阿里当地血库告急，陶先生通过小姑姑“找关系”联系到了上海市卫健委，后来上海市卫健委表示，当时他们是接到了“相关部门”的函件，请求正在西藏日喀则市的援藏医生前往涉事医院参与救治，此事不存在因私人关系等不正当因素导致的行动。阿里医院则说，在15号到17号期间，陆续有数十名公职人员去献血，凑够了足够的血。
10月18号，小余的爸爸花钱包了医疗专机送女儿去了华西医院。

图源：新京报新闻报道
从上面叙述的时间线看，早在上海卫健委介入之前就有人去献血了，献血这事不是上海卫健委的指示，而是这些公职人员自发组织的善意行为。上海卫健委做的就是请求援藏医生去救治，至于小姑姑是什么身份，她哪来的能耐让“相关部门”给上海卫健委发函？

再来说说在西藏阿里，让公职人员给自己献血，是以权助私行为吗？
我查了一下，原来阿里公职人员献血，是早有先例的。今年11月初，央视军事就报道过，一位藏族阿妈突发脑溢血要手术，医院血液库存不足，她的家人向人民子弟兵求助，阿里军区迅速响应，官兵们挺身而出去医院献了血。西藏这些边远地区地广人稀，血库告急那是人命关天的大事，公职人员、官兵们挺身而出，再正常不过了，这都是军民鱼水情、人民公仆为人民。也就是说，就算出车祸的不是小余，而是小张小李，阿里的公职人员和子弟兵都会去献血。
“血槽姐”事后炫耀自己高人一等的态度，惹众怒。
救她的是谁？是为她献血的阿里地区公务员、民警、子弟兵，是为她实施救治的医护人员，是各部门、各医院、航空公司。但在她嘴里，没有对他们无私奉献的感恩，反而一口一个“小姑姑牛逼”，借机炫耀自家人脉强大，状若无意地展示什么叫“特权可以续命”，这种刻意秀优越感的行为，自然激起了厌恶特权私用的老百姓的反感。
在中国这个国度，那些秀特权的从来都没什么好下场。不信你看《》，北极鲶鱼炫耀自家“9位数”，最后逼得她爷爷泪流满面。
“血槽姐”小余所谓的“阿里全体公职人员为我献血”一事，本来应该是公职人员心怀大爱救异乡病人的正能量新闻，结果这个脑子缺根弦的女人为了秀优越感夸大其词，而网友以为又揪出了一条“北极鲶鱼”，最后这事就闹成了“公器私用”“滥用特权调动公共资源”的负面新闻……
阿里估计也是没料到，自己全力救助一个外乡人，反而弄得自己里外不是人，目前阿里地区正在对献血情况做了复查，结果如何并没有通报。其实最应该先调查的不是小姑姑和上海卫健委吗？因为是小姑姑通过有关部门联系到上海卫健委，上海卫健委再打到阿里，再怎么查，也应该是小姑姑-->卫健委-->阿里这个顺序。
馆长真替这些献血的公职人员心寒，本来是救人一命，却被这人当成了炫耀的资本，这么看来，“血槽姐被全网怒骂”，真的不冤，骂得好！最后，差点忘了，这样助人为乐的小姑姑，这样见义勇为的卫健委，这样厉害的救助机制，我们老百姓有什么理由反对呢？所以一定要查，一定要搞清楚，还小姑姑一个清白，还上海卫健委一个清白。
",2023-12-01 00:24:50,湖南,2,wangyi
11,“血槽姐”最该对给了她二次生命的献血者说一句：谢谢侬！,"今天有一位叫血槽姐突然在网上走红了，简单复述一下整件事。10月中旬，小两口新婚旅行自驾车去西藏度蜜月，在阿里地区出了车祸。这不是一般的车祸，整个车头几乎撞了个稀巴烂，连驾驶室的形状都看不出来了。但这位姓余的新娘子真是命大，在阿里紧急救治三天，输了7000毫升血，命算是保住了。
为了进一步治疗，余父花巨资包机将其转运到成都华西医院，直至康复出院。在华西医院的出院病情证明书上，密密麻麻写了30条诊断，看得我心惊肉跳，背脊发凉，各种破裂，各种休克，各种感染乃至不全，随便拎出几条来都足以致命。这要是放在普通人身上，死几十回都不够。


从晒出的聊天记录里看到，车祸后余女士送了两个医院，都说没救了，准备放弃。但在小姑姑的努力下，通过上海卫健委联系到了阿里的有关部门，动用阿里的军警和消防官兵献血。按照其丈夫的说法，就是整个阿里的A型血都给余女士输上了，一共7000多毫升，几乎是全身换了两次血。
而网友的说法更绝了，称辛辛苦苦考上公务员，居然成了这位千金小姐的移动血包。所以，能让那么多人成为行走的血槽，余女士赢得了血槽姐的称号。命是保住了，但为了继续治疗，余爸爸包了一架专机湾流G550，把自己的千金转运到四川成都华西医院。这包机费不菲，特惠价格就是78万元，加上飞机上的医疗团队和器械的价格，这趟包机费用总价不下百万。
包机到达成都之后，被各种绿灯开道进行转运，包机转运加上后续治疗费用，没有200万下不来。这要搁普通人身上试试。
所以，血槽姐视频炫耀满屏都是刺眼的四个字：特权，有钱。如果没有动用特权，没有通过上海卫建委这层关系，你能联系到千里之外的阿里地区。如果没有利用特权，在地广人稀的阿里地区，你能发动那么多公务员进行献血。
至于包机这个事，说明血槽姐家境殷实，付得起包机费和昂贵的医疗费。普通百姓，你包个机试试。明明是阿里全员动员献血，事后却洗地说人家是自愿献血行为，吃相真难看。
比吃相更难看的是，血槽姐在与老公的聊天中，只感谢了小姑姑，称小姑姑牛逼，只字没感谢那些输入她身体7000多毫升鲜血的军警和消防官兵。如果没有这些可爱的人伸出援助之手，血槽姐能不能逃过死神，撑到华西医院，难说。
所以，命大福大的血槽姐，首先应该感谢他们真诚地对那些给了她第二次生命的军警和消防官兵，用上海话道一句：谢谢侬。",2023-12-01 01:27:37,广东,2,wangyi
12,阿里“血槽姐”事件,"

“血槽姐”在抖音上大秀特秀了湾流G550私人飞机，将她从阿里地区运到了华西医院，不止有警车开道，更是秀了她的“姑姑”通过上海卫健委牵头，发动阿里地区所有的公务员为其献血。
其实，有稍稍跟一跟帖子，就发觉“血槽姐”不仅是蠢，更是坏！见过坑爹坑妈的，没见过坑“姑姑”的。
下面来分析分析：
1、先说视频中那几个亿的湾流G550私人飞机，看上去很让人咂舌，但看这两“傻子”的蜜月旅行配置，衣着、吃喝、开的低配车，游玩的项目，还有在医院收到的花，对于精巧的上海人正常的配置来说，都是很“一般”甚至有点拿不出手的。
通过“海南经纬航空医疗急救”公众号上，也可以找到这个飞机。“血槽姐”15号凌晨4点的手术，而飞机是18号从杭州起飞的。
这样就可以看的出，“血槽姐”并不是什么权贵之家，而是她老爸拿出近100万的钱，雇佣了航空急救的医疗专用飞机，至于警车开道，估量也只是航空急救配套服务而已。
在上海地区，稍稍像样的房子动辄上千万，砸锅卖铁凑个百来万的救命钱不是难事，甚至打开支付宝的抵押贷款就可以秒到！
2、至于男方的小“姑姑”，大概率有一定的本事，能够通过上海卫健委联系到阿里的卫健委，寻求帮助。
去过阿里地区的人都知道，藏区的民众+公务员都很淳朴，听说一个20出头的小姑娘车祸，于是纷纷伸出手援助，也是情理之中。更一个，由于阿里地区的人口稀少，靴裤为了保证有效期，不可能大量的备血，出现重症病人，动员群众干部军人献血本就有传统的。而不是其“姑姑”的权利通天。
3、阿里到华西医院，救命状态下，包飞机是最佳的挑选。而从成都回上海的新华医院，没有包机而是一般的商务车，就充分说明了这俩“傻子”不是什么达官贵人了。
说这俩货既蠢又坏，是这个男的，妻子都还在医院的重症室里，他就迫不及待地发视频夸耀，假装自己受到了权力的庇护。同时，这俩货，没感谢那些把她从死神手中抢救回来的阿里地区的医护人员，也没有感谢那些在环境极其恶劣，冒着损害身体献血的拿几十位解放军，消防员和民警同志，而是归功于他们的“权势滔天”的“姑姑”。
很难想象，那些守在条件极其恶劣的边境，无私奉献救助这位“血槽姐”的战士们会怎么想？
三年了，三年的郁闷，总要找个事件来当情绪的宣泄口，估量这俩货，下场都不会太好。
理智吃瓜！立帖为证！",2023-12-01 01:41:10,广东,2,wangyi
13,“血槽姐”事件惹众怒，这是装逼惹的祸？,"


有的人生活多艰，有的人却炫耀“特权”。
“血槽姐”的事想来大家都知道了，这两天互联网最最最热议的悬疑就是这个，并且没有之一。
上海一余姓女子新婚燕尔，蜜月阿里自驾游，在平均海拔5000米的藏区，其同行的老公陶先生因出现高反，开车过程中昏迷，不幸发生严重车祸。
车祸发生后，开车的陶先生倒无大碍，但坐着副驾的余小姐则肝动脉破裂。被紧急送往阿里医院后，重度昏迷的她需要输血。医院存血不足，血战血液告急，怎么办？
为救治她，余小姐的家人通过其小姑姑联系到上海市卫健委，上海市卫健委又联系到阿里地区相关部门，于是，一场为余小姐献血的接力赛开始。
原本，这是一起看似值得社会大力弘扬的爱心故事，最后，却没有想到坏在了余小姐的虚荣心上。
网传余小姐苏醒后，她没有感谢将她从死神手里抢夺回来的医护人员和举阿里之力为她献血的阿里官兵和政府公职人员，却感谢起自己的小姑姑来。
余小姐与他人的一张聊天截图显示，为她献血的不仅有阿里地区公务人员、派出所民警，甚至还有消防和部队官兵。这么多人为挽救余小姐的生命献血，但余小姐的言下之意却是，若不是她有这么一个让她“骄傲”并值得“炫耀”的牛逼小姑姑，就不会有这么多公职人员无私奉献。
该事件一经曝光，网友诧异，舆论哗然。很多人都在猜测这名远在上海还可以让阿里举阿里全城之力的小姑姑究竟是何等人物
？
在当下医疗资源紧张，普通百姓看病需要漫长等待的背景下，网友猜测，这名有能力一个电话就可以从上海摇到藏区阿里的小姑姑绝非等闲之辈。
网友猜测并非空穴来风。试想，如果余小姐如你我一样普通人，还会有那么多公务员为我们献血吗？正因此，余小姐炫其小姑姑的言论，让人无比愤慨。
舆论发酵后，炫特权的余小姐紧急删除了之前炫的言论。其家人极力解释，所谓的小姑姑只是普通人，父亲也是普通司机，并非网友所猜测的那样；而因此事憋屈的阿里更是表态，称为当事女子献血是当地干部群众的自愿行为，没有强制一说。
是的，我们相信被网友称为“血槽姐”的余小姐家庭普通，也相信在游客发生危难之时，阿里相关部门的大爱无疆。
但问题来了。在此事件中，若说这名神龙不见首也不见尾的小姑姑系一名毫无背景的普通人，她又怎么会有这么大的能量调集到整个阿里地区的公务员和军人齐齐来献血？
种种疑问，让人不解。
当然我们坚信，尽管这世界破破烂烂，但总有些美好的人默默在我们缝缝补补挡雨遮风；我们也相信，余小姐的种种炫耀只是她的虚荣心在作怪。只不过是她的牛皮吹得牛逼，而不是她小姑姑牛逼。
不过，无论是余小姐的牛皮牛逼还是她小姑姑真的牛逼，从这起事件来看，之前那些炫存款炫名车炫豪宅的人原来都是上不了台面的低级炫，唯有炫移动血包和炫特权才是最高级的炫。
毕竟，在我们的潜意识里，凡是能够调动这么多公务员心甘情愿，为一名血型并不稀缺的异地女子献血，其背后若没有一只权力的手在交织运作，任谁都无法相信。
毕竟，有钱的不如有权的，有权的不如掌握特权的。这就是这个社会，亘古不变的真理。",2023-12-01 09:44:09,山西,2,wangyi
14,“血槽姐”的小姑姑究竟是谁？,"　　作者 | 燕公子
　　这是一则刺痛大众神经的“大爱”传奇。
　　上海美女余小姐新婚燕尔，与丈夫陶先生自驾到西藏阿里度蜜月，意外发生车祸，余小姐昏迷不醒，被紧急送往阿里医院。
　　伤者情况严重需要大量输血，医院血库偏偏告急，但好在阿里虽然地方不大，“爱”却很大，不少“好心人”闻讯赶来，自发为余小姐献了血。
　　接着，援藏医生从1000多公里之外的日喀则市紧急向阿里出发，仅用一天时间就到达了阿里医院。
　　情况稳定后，余小姐的父亲豪掷120万包机，把女儿从阿里接到了四川华西医院，据说飞机上还有一个专业医疗队贴心呵护，到达四川后一路警车开道，畅通无阻。
　　

　　始料未及的车祸，危在旦夕的生命，自发献血的好心人，爱女心切的老父亲，敬业又充满人情味的医护人员和民警……每一幕场景，每一个元素，都像极了电影里感人至深的救人情节。
　　如果不是余小姐醒来，把跟丈夫的聊天记录发到了社交平台上，这本该是一个生命与死亡赛跑的正能量故事。
　　但世间事没有如果，余小姐在众望所归中醒来了，且从丈夫口中得知了自己得救的真相。
　　丈夫说，是我小姑姑联系了上海市卫健委，卫健委又联系了阿里部门，动用了阿里的所有公务人员献血。整个阿里的a型血都给你输上了，总共 7000 毫升，终于把你救活了。
　　注意，丈夫没有说动员，而是说“动用”。
　　这个词后面一般是接事物名词的，有很强烈的主观调动、处置的意味，而“动用所有公务人员”，则是一种全所未有的创新造句。
　　在该句语义中，“公职人员”并不具体指代谁，而是一种随时可以为其私人所用的人力资源（也可能是物力资源，比如血液）。
　　余小姐得知自己的救助过程竟然如此轰烈，备受震动，心情激荡之下，回了一句：“小姑姑牛逼。”
　　许是越回味越感“牛逼plus”，余小姐不甘锦衣夜行，将自己整个被救助过程发到了网上，一同发出来的，还有她的病情证明。
　　肝破裂、脾破裂、胰腺损伤、腹腔出血、失血性休克……诊断内容里一共写了30项，放普通人身上，够死好几回了，也更从侧面证明了这场极限救援的艰难不易。
　　但很显然，献血的人都是谁，救助她的人叫什么名字，余小姐并不在意，她唯一在意并感恩的，只是 “小姑姑牛逼”。
　　不出意外，余小姐自爆后，舆论沸腾了，余小姐也喜提“血槽姐”新称号。
　　不能怨人“眼红”，毕竟，如此有能耐的姑姑，除了小龙女和苏麻喇姑，老百姓再没见过第三个。
　　质疑点很多：
　　阿里出的车祸，怎么是上海卫健委在指挥抢救？把一个地区的公务员当做移动血库，算不算公器私用？
　　老百姓要是遇到相似事件，是否也能有同等待遇？这对夫妻和他们的“小姑姑”到底什么身份？
　　相关部门和人员不得不一一站出来回应，但越回应，具体问题越多。
　　上海方面说，上海卫健委是收到了相关部门函件，请求正在西藏日喀则市的援藏医生前往涉事医院参与救治，此事不存在因私人关系等不正当因素导致的行动。
　　相关部门函件是个好东西，起码能证明流程正确，符合规定，但说到这个，就不得不复盘下余小姐的救助时间线。
　　10月14日发生车祸，是周六，10月15日，“好心人”们闻讯前来献血，是周日，10月16日，日喀则的医生赶到阿里医院展开救治，是周一。
　　敢问，是什么函件能使卫健委这么敬业，连双休日都还惦记着接函救人？老百姓工作日打一下卫健委电话试试？
　　既然是回应，那么就该大大方方地公开，相关部门是谁，函件是什么函件，余小姐家人拨打的求助热线是多少？
　　如此高效的救助，如果真的合规，就当是给公众普及了一下救助知识，也是一桩大功德。
　　而对于公众的质疑，余小姐的丈夫陶先生的回应是，他的小姑姑只是参与了求助，并不是公职人员，至于自己跟妻子说“动用阿里所有公务人员献血”，那只是为了鼓励妻子求生。
　　吹牛常见，吹牛求生不常见，妻子身处鬼门关，当丈夫的想鼓励妻子求生，不是温言款慰，而是大吹一通，这脑回路也是十分清奇。
　　更让人搞不懂的是，余小姐还真就吃这一套，她老公敢吹，她就敢信，不仅敢信，还敢发出来给所有人看。
　　说明人家是有自信有底气的，普通人眼里的传奇，也许不过是他们的日常。
　　而对于包机一事，余小姐的父亲余先生也站出来回应了，他说，包机确有其事，花费约120万，都是借来的，自己只是单位开车的。
　　没被公众看到前，要多高调有多高调，成功引起了公众注意，却又要多谦逊有多谦逊了。
　　老父亲的拳拳爱女之心本不容亵渎，但无奈大家都有常识，别的不说，120万，是说借就能借到的？
　　阿里地区相关部门工作人员的回应，说这次献血是当地干部群众的自愿行为——
　　“我们当地人口不多，平时看到朋友圈里有需要献血的消息，干部群众都会出于好心主动去献血，不论是谁需要。这次也一样，并不是像网络传言那样强制去献血。”
　　不是强制献血，都是自愿的，说明献血这事儿也是真的。
　　总结下来，车祸是真的，上海卫健委参与是真的，众人献血是真的，包机转运是真的，那到底什么是假的？
　　易地而处，如果主人翁换作是普罗大众，上海卫健委会介入吗？阿里还会有那么多爱心人士吗？包机转运有钱吗？警医环卫有实力吗？
　　极大概率，连卫健委领导的门都进不去，在第一步就嘎掉了。
　　当然，也有一种可能是余小姐人品大爆发，运气好，但，相对比同样挂在热搜上的那位女儿高烧40度、取号却取到1600号的妈妈，这样的好运实在太珍稀了。
　　所以，我们只能这样评价的阿里献血事件：大爱有疆，权钱为界。
　　那是一个普通人进不去的“温暖”世界。
　　-End -
",2023-12-01 10:13:34,上海,2,wangyi
15,“血槽姐”的家人露出马脚了！,"


关于阿里“血槽姐”的事，又有新后续了。
最新后续就是，《新京报》又采访了血槽姐的父亲，然后她的父亲就和《新京报》谈了他所知道的一些情况，然后《新京报》就把他们和这位父亲的对话完整地报道了出来。
然而看完这篇报道后，我发现了一些疑似“马脚”一样的东西。
怎么说呢？
可以看到，在这篇报道的前面，有一句话是这样的：
而相对应的，就是在《环球时报》的报道中，余先生也说了一句话，是这样的：
“血槽姐”的父亲对记者表示，虽然公众一直在议论的他们家里的那位小姑的身份，但据他所知，他们家和女婿家中几乎没有公职人员。
有就有，没有就没有，“几乎没有”是几个意思？
而且在《新京报》最新报道的后面，这位父亲又再次强调，他并不知道这位小姑的具体身份是什么，只知道这位小姑准备退休了：
那么问题来了。

你既然不确认小姑的身份，那你怎么能向媒体明示或者暗示这位小姑不是公职人员呢？
你不知道小姑是什么身份，你就直说不知道就好，怎么能随便带节奏呢？难道你不知道现在小姑的身份，是事件最关键的一个核心点吗？一个那么关键的核心点，怎么能拿来随便引导、随便带节奏呢？
对于这种面对采访前后不一的情况，不仅出现在血槽姐的父亲身上，还出现在了她丈夫身上。
比如在之前的采访中，血槽姐的丈夫陶先生就表示，他们的家人、朋友、包括小姑都想办法去联系上海卫健委了：
但是在《新京报》最新的报道中呢，这位陶先生又表示，谁能接触到上海卫健委，他自己又不知道了：
前面不是还说包括“小姑在内”的人都去想办法联系上海卫健委吗，怎么后面又说至于谁能接触到上海卫健委自己都不知道了？
我就纳了闷了，这位陶先生，到底哪句话是真的，哪句话是假的呢？
这位陶先生前面说对妻子撒谎是为了安慰妻子、让妻子有求生欲才撒的谎，他自认为这是一个善意的谎言，所以希望网友理性看待此事。而如今，他又对媒体说出了这些前后不一的话，难道说这也是一种“善意的谎言”吗？
我就纳了闷了，为什么这家人，说话都那么奇怪呢？
而且大家仔细再看一下《新京报》在这个最新报道里的一个细节：
《新京报》在最新的报道中，用了一个词——支支吾吾。
支支吾吾这个词，在汉语中的意思，就是说话时言语遮遮掩掩，吞吞吐吐，含混躲闪。
这其实是一个负面的形容词。
按理说，这种负面的形容词，在正规的官媒报道中是很少见的，甚至可以说是一般不会出现这种观点性的形容词的。
但是它还是出现了，这说明了什么？
有两种可能。
第一种可能，就是《新京报》想报道出对血槽姐父亲不利的报道。
第二种可能，就是《新京报》在采访血槽姐父亲的时候，对于他的那种支支吾吾的语气实在是受不了了，而且这种受不了，已经达到了必须要把这种语气写到报道里让读者知晓、向读者说明的程度，才能体现出这篇报道的真实性。
所以，你觉得到底是哪种可能性更高一点呢？
实际上，关于“阿里血槽姐”这件事，我认为其实并不复杂。
因为这件事之所以引起了那么大的讨论，最关键的点，还是在这位“小姑”身上——大家都怀疑这位小姑有特权。
﻿所以对于这件事，如果血槽姐家人想平息大众的议论，想给小姑一个交代的话，那其实他们只要把小姑的职业公之于众就行了。
毕竟职业这种东西，它既不是什么很大的隐私，也不是什么很敏感的机密，所以想平息舆论，你们直接把小姑的职业公布出来不就完了吗？
大家又没有问小姑职业的收入，也没有问小姑职业的工作地点，所以你们就直接把小姑的职业是什么，或者行业是什么公布出来，这不就行了吗？
是你们自己把你们的小姑架在火上烤的，如今主动出来替小姑澄清，不应该吗？
弄了半天，就是不说小姑职业是什么，一个这么关键的问题，弄了那么久得到的不是一个“支支吾吾”的回复，就是一个“她不是公职人员”的回复，然后就让大众一直猜测，你们觉得这样对小姑好吗？
小姑对你们家帮助那么大，你们还让大众这样猜测你们的小姑，你们觉得这样对小姑好吗？
而且在前面的采访中，陶先生也说了，她的家人朋友包括小姑都联系了上海的卫健委，还说这都是通过正常渠道联系的。既然是正常渠道，又怕什么呢？
如果说这是一条正常的救助通道的话，那么我认为，陶先生就应该把小姑请出来，向大众科普一下以后遇到类似的情况大家可以如何操作，这样既可以避免大众在遇到类似情况的时候让大众少走弯路，也可以把小姑的形象映衬得更加高大，帮小姑做一件如此“双赢”的大好事，何乐而不为呢？
所以我坚信，如果陶先生愿意把小姑请出来，给大众科普一下她的操作流程的话，那我相信广大群众一定会对小姑感恩有加的！
毕竟如此利民的事情一旦被科普，那得拯救多少生命和家庭啊！
所以我相信，只要陶先生愿意把小姑请出来向广大群众科普这个流程的话，那广大群众肯定会推荐她成为下届感动中国人物十大人物候选人的，大家说对不对？",2023-12-01 11:08:09,广西,2,wangyi
16,“血槽姐”的故事：是捅向老百姓心窝的利刃！,"


是西藏地区人民齐心协力拯救外地游客的正能量故事，还是权力任性、碰上无知炫耀的翻车事故，人民群众心中自有一杆秤。
据媒体报道，近日，来自上海的余小姐遭遇严重车祸，导致肝动脉破裂，急需输血，阿里社会各界为其无偿献血、包机送到成都机场，警车一路开道，将其送到华西医院抢救，最终将其从死亡线上拉了回来。
死里逃生后，余小姐没有感谢抢救她的医生，没有感谢输血给她的众多爱心人士，却在某短视频平台发布视频感谢起了自己的姑姑。
此新闻一经报道，在网上疯传，经过发酵，霸屏各大平台热搜榜，引发轩然大波，网友们瞬间炸锅了，纷纷打听这究竟是怎么一回事，我们要想弄清楚事情的真相，还得将时间倒推一个多月，从今年的10月份说起。
今年10月，余小姐和陶先生这对新婚燕尔的小夫妻，决定自驾去西藏阿里度蜜月。
阿里地区位于青藏高原北部的羌塘高原，平均海拔5000米，普通人去了稍不注意就会产生高原反应。不出所料，还没有到阿里地区，余小姐就难受得开始吸氧了，可即使是这样，她都没有忘记美美哒地自拍，发朋友圈炫耀。
进入阿里地区后，这对小夫妻开始出现严重的高原反应，直接在开车的过程中昏迷了。由于开车的陶先生右脚一直踩在油门上，车辆一直在飞速行驶，最终发生了严重的车祸。
从车辆被撞击后的惨烈程度，我们不难看出，这次车祸十分严重，虽然陶先生没有什么大碍，但余小姐则重度昏迷了，被紧急送往阿里医院抢救。
由于余小姐肝动脉破裂、脾破裂、胰腺损伤、腹腔出血，已经失血过多休克了，急需输血，可医院存血不足。
根据余小姐康复后晒出和丈夫陶先生的聊天记录来看，陶先生立马联系了自己的小姑姑，小姑姑又联系了上海卫健委，后者又联系了阿里相关部门，动员当地所有公务人员为其献血。
疾如风！
阿里当地的爱心人士纷纷赶来排队献血，一共筹集了7000多毫升A型血，用陶先生自己的话来说，就是“整个阿里地区的A型血都给你用上了，相当于你全身换了两次血”。
余小姐在阿里医院保命救治了三天之后，她的父亲又花费了120万元包下了一架带着整整一个医疗团队的“湾流G550”专机，准备将自己的宝贝女儿转运到四川成都的华西医院接受更加专业的治疗。
专机抵达四川成都后，警察医院看护全程开道，将其送到了华西医院，最终在数股神秘力量的拉动下，余小姐从“鬼门关”跑了回来，整个救治过程成了正能量新闻，上了华西医院的“党建园地”。
康复后的余小姐开始在社交平台上各种花式炫耀，直接让这个充满正能量的感人故事不断黑化了。
大家开始关注为什么她的姑姑能够调集整个阿里地区的公务员和军人齐齐来献血？为什么能调集整个援藏医疗队前去救治？为什么能够调集警察医院看护全程开道？这其中是否涉嫌动用公权力占用公共资源和公共服务？
广大网友纷纷跑去余小姐发布视频的评论区留言，什么难道我们辛辛苦苦考上公务员就是做你们有钱人的移动学包吗？怎么希望这位姑娘一辈子身体健康千万别需要换器官？……
求锤得锤、一炮而红的余小姐被扣上了“血槽姐”帽子，把她吓得立马删除了该视频，只可惜无济于事，眼疾手快的网友早就将相关视频保存了下来，并继续在网络上发酵。
面对舆情，无论是余小姐一家还是相关部门都不敢怠慢，纷纷跑出来表态。
陶先生说，自己姑姑并不是上海公职人员，至于谁能接触到上海卫健委，我们并不知道。
余小姐的父亲说，120万都是一笔笔借来的。
卫健部门解释道：接相关部门函件，请求正在西藏日喀则市的援藏医生前往涉事医院参与救治。
阿里地区血站回应称：女子手术过程中大概需要6500毫升A型血，按每人献血200毫升计算，差不多32个人就够了，压根不需要调动全区公务员来救她。话说回来，阿里现在公职人员接近7000，再加上边防官兵，那得多少人，谁有这么大本事说调动就调动？
有人说，自己复盘了整个事件的来龙去脉，其实事情并复杂，就是一个物质女吹牛吹翻车的事故。可这真的是事情的全部真相吗？不见得！
我记得某平台有网友提问，现在还有人因为支付不起高额医药费而失去生命吗？相关回答多达几十条，每条回答都有着令人不忍卒读的悲惨故事。
我对其中一个故事，至今记忆犹新。
不久前，四川一中年男子的独子因一场突如其来的重病，患上了罕见的呼吸系统疾病，需要长期依赖氧气维持生命，治疗所需的高昂医药费让本就不富裕的家庭陷入了巨大的困境。
最终，男子因无力支付高额医药费，不得不亲手拔掉儿子的氧气管，在此过程中，病危中的儿子突然呼喊道：爸爸，救救我。
本就满怀愧疚的父亲再也无法承受，裂开嘴失声痛哭起来，大颗大颗的泪珠打湿了孩子苍白的脸。
男子就这样眼睁睁地看着爱子慢慢没有了呼吸。
我们扪心自问，这个世界上有绝对的公平吗？有人呼风唤雨享尽荣华富贵，有人饥寒交迫尝遍世间辛酸。
如今，上海卫健委的联合救助机制，给我们树立了“人命至上，生命至上”的的服务理念，我们还有什么好担心的，有事就找卫健委，她们可是所有病人至亲至爱的娘家人，只要摇一摇就能立马出现，哪怕是在世界屋脊，也能使命必达。
据说，现在阿里地区已经介入调查，如果不存在什么猫腻与特权，我觉得上海卫健委就是全国模范卫健委，我们应该还她们清白，给她们一个大大的赞。
最后祝福余小姐，早日康复，以后别再翻车了！",2023-12-01 10:45:45,四川,2,wangyi
17,上海「血槽姐」获西藏阿里公务员献血事件，为什么会刺痛大众的心,"每一个睿智的灵魂



作者：毒哥&玉成
来源：毒鸡汤（ID：Du-JiTang）
01
人活一世，天灾人祸很难避免，尤其是在外地遇到事情，很多时候看的就是运气，以及有没有当地的人来相助。
最近网上就出现了一条很“暖心”的新闻，上海一名女子，在今年10月份，和丈夫去西藏阿里地区度假，结果途中发生车祸，女子严重受伤，需要献血，血量高达将近8000毫升。
众所周知，我国的血量库存是严重不足的，正常人别说8000毫升了，就算是800毫升，有时都得各方调动，甚至发动患者的亲戚朋友现场来抽。
事情来到这里，就只能听天由命了。
但你猜怎么着，她不仅顺利续上了几千毫升的血，还在几天之后包机转院到成都，在各方共同努力下转危为安。
这件事，上了阿里地区当地医院的板报，被当成跨区域合作，解救患者的正能量典范。
乍看之下，是挺暖，仔细琢磨，却总觉得不对劲：在和死神抢时间的那几天里，女子是如何在人生地不熟的阿里无人区，成功把血给续上的？
女子康复之后，在社交媒体上发视频，记录当时的经过，其中一张聊天记录的截图，露出了些许端倪：
女子的丈夫告诉她，在她需要献血的时候，家里人救人心切，托关系续血。
发挥关键作用的是他的小姑姑，联系到了上海市卫健委，卫健委那边又“动用”了阿里地区的公务人员来献血。
最终筹集到了3000多毫升血，再加上医院的所有库存，才把血给凑够了。
聊天记录里的一句话意味深长：“整个阿里地区的A型血都给你输上了”。
以她自己的角度来看，在陌生的地方能得到这么多人的支持，自然很感动，但在普通人眼里，这份感动又变了味儿。
就像某网友说的，自己打游戏，都找不来三十多个奶妈。
02
这件事情在网上流传之后，人们的质疑声很大，普遍集中在几个关键点上：
1，看夫妇俩的聊天记录，显然对于“小姑姑”很是崇拜，也对她的能力和人脉深信不疑，说明这位小姑姑即使不是公职人员，也肯定是有钱有势的人。
尤其行文里还用了“动用”这两个字，是有多大的脸，才能发动上海卫健委，动用外地的公职人员？
当然，这只是一条聊天记录，不能完全当真，也有可能是夫妻之间吹牛，把牛皮吹破了。
关键还是要看当时具体情形究竟是怎么样的，有没有涉及特权。
2, 除了献血献得特殊之外，女子从阿里地区转院到成都的过程，其实也很特殊。
首先是包机，费用有多昂贵不用我说，目前公认的说法是花了一百多万。
其次女子用的还不是普通的飞机，而是湾流558，属于公务机，而且飞机上还有专业的医疗团队，到了成都之后还有救护车开道。
这难道也是普通人能够享受到的待遇吗？综合线索加起来，更让人肯定了搞特殊化的猜想。
所以真相究竟是怎么样的呢？光看一条视频，自然是不够的，还得看看各方的说法。
这件事情里面比较重要的，其实就是三方人马，一是女子以及她的家人，二是上海卫健委，三是阿里地区的医院。
比较有意思的是，夫妻俩在聊天记录和短视频里，显然是有炫耀的心思，但在事情闹大，面对媒体采访的时候，说法又完全不一样了。
女子丈夫的说法是，自己的小姑姑并不是什么公职人员，也并没有动用特殊的关系。
而血之所以能够凑齐，是因为亲戚朋友们向上海卫健委求助，卫健委又联系到了援藏医生，他和医生在当地几番呼吁之后，有热心的公职人员和民众自愿献血。
只不过在妻子治疗期间，他想给妻子加油打气，才简化了过程，没想到造成了误会。
至于包机的问题，女子的父亲表示的确花费了120万，不过钱都是借来的，没走什么特殊化，自己家也不是什么权贵阶层，他是个给单位开车的司机，女儿则是银行职员。
其实女子包机从阿里转到成都的事情，当时承包业务的某医疗救助站，也在公众号上发过宣传文章。
看行文内容，感觉这个飞机虽然叫公务机，但的确是有钱就能包，至于医疗团队、开道的救护车等等，也属于救助站提供的服务范围，只不过肯定会更贵就是了。
一百多万肯定是贵，但放在一个上海家庭，家人危在旦夕的情况下，也不是拿不出来，所以包机这个疑点，我们可以暂且相信女子父亲的说法。
只不过明明是借钱买的救命的服务，却被女子有意无意渲染成有人帮她开道，搞特殊化，也是没谁了。
03
包机的疑点，我们暂且放下，但献血的疑点，却始终没有一个可靠的说法。
根据官方最新的进展，阿里地区已经对当时的情形进行复查，通报还没出来，但当地干部回应记者的说法是，并不涉及违规操作。
阿里地区医疗条件相对落后，所以平时大家看到朋友圈有人求助，都会很热心帮忙。
所以实际情况有可能是，女子的家人在朋友圈求助，有人据此做了一条求助新闻。
当地有公职人员看到了那条新闻，自愿到医院去献血，最后筹集到了需要的血量。
这个可能性，其实并不是没有，在网上搜索关键词，会发现其实类似的例子，其实并不少。
只是如果是如此正能量的事情，却被女子的丈夫“简化”成了小姑姑走关系，发动当地公职人员来献血，那就未免太离谱。
我是既看不懂“简化”的动机，也看不懂“简化”版和所谓的原版的关系，当中的细节，恐怕还是要当事人来解释才行。
只不过根据最新情况，女子已经把视频给删掉了，家人也不再对媒体的采访做出任何回应，大概是打算就这样了吧。
不管如何，最后这件事情梳理下来，感觉症结不在阿里地区的医院和公职人员，也不在女方的家人以及包机上面，而在上海卫健委上面。
早在两天前，事情刚发酵的时候，上海卫健委就表示会统一发布官方的说法。
但两天过去了，说法迟迟不来，而不管是当事人回应，还是媒体报道的时候，都对疑似起到关键作用的“小姑姑”讳莫如深。
上一年由于众所周知的原因，大家对于上海卫健委，观感普遍不佳，更有网友表示曾经因为一些事情，打电话给卫健委求助，得到的回应是“五个工作日内给你答复”。
那么一个普通人，在远在几千公里之外的阿里地区发生了意外，生死一线的时候，是否真的可以瞬间得到上海卫健委的批复和帮助，一下子就联系到当地的人呢？
如果真的有这样的常规、合法的渠道，也请有关部门公布一下，这才是能够解救万千群众的利民之策。
只是你说他们会不会公布，或者有没有可能公布呢？
只能说人与人之间的世界并不相通，习惯了搞特殊的人，会将特殊当成常规，最后连真正的常规是怎么样的，大概都不知道了吧。
04
救人一命胜造七级浮屠，不管怎么样，救人都是对的，这也是大家对于阿里地区的医院，和献血的人员，并没有重锤出击的原因。
但关键在于救人的过程，有没有损害到别人的正当利益，余华的《活着》里面的一个场景，和今天要说的这件事，有种莫名的，让人背脊发凉的切合感。
具体的这里就不详细描述了，大家有兴趣，可以自行翻书。
这其实就是大众对于这件事，显得特别敏感的原因，在贫富差距已经越来越大的今天，无数人还想着逆天改命，考研考公。
但如果这样，最后的结果，都只能沦为权贵阶层的移动血包，那普通人努力的意义，究竟又在哪里呢？
所以这件事，我宁愿最后的结果是虚荣的两夫妇吹牛，把牛皮吹穿了，而官方后续如果有回应的话，也必然会引导到这个方向来。
不管怎样，希望大家保重身体，吃好睡好，不需要自己操心的事情，就尽量少操心一点吧。
别怪我毒舌，生活比我的话更刻薄。负能量也是鸡汤，只不过它更真实。",2023-12-01 11:59:51,北京,2,wangyi
18,血槽姐要吐血了！,"

作者 | 梳子姐
人间大爱，千里驰救。
今天咱们来聊聊“血槽姐”的梗，事情简要经过是这样的：
9月底，上海的血槽姐和丈夫陶某喜结连理，然后蜜月出行。
此一路，始于上海，经江苏，过安徽，穿河南，越陕西，抵甘肃，跨新疆，进西藏，饱览了祖国大好河山。
10月14日，两人到达阿里后出现高原反应，驾车时发生车祸，女主遭受重创，男主运气好没事。
当天10点多，女主推上手术台后进行紧急输血，第二天当地血库告急，陶某通过“小姑姑”找到上海市卫健委，发公函联系阿里市卫健委求救。
16日，正在日喀则援藏的上海医生赶赴阿里为女主会诊，女主父亲也抵达医院。
15日至17日三天时间内，阿里几十名公职人员到血站，挽起袖子献血。
时间就是生命，18日开始转院，警车开道奔赴机场，当天下午5点，负责转院的专机降落在成都双流机场，救护车将人送到四川大学华西医院。
在华西医院精心治疗下，女主病情逐步稳定，其父租车接回上海休养。
11月28日，从鬼门关爬回来的女主发视频感恩，讲出“阿里全体公务员”为其献血的感人事迹，因此被网友称为“血槽姐”。
按说人命关天的大事不能戏谑，但是由于情节过于感人，此事引发网络风暴，纷纷追问“小姑姑”到底是什么人，有何本事调动那么多资源。
目前，各方面已对此作出回应，公务工作人员都是热心肠，他们献血出于自愿，并没有强迫，联系飞机转院也是家里人自己出钱，先后借了120万，为了安慰受伤的女主情节有所夸大，云云。
但是很多人还纠结于“小姑姑”是谁，究竟有多大能量，这种质疑并不是无视血槽姐的生命，而是对生命与公平的另一个维度思考，即公共资源配置的担忧。
也就是说，如果没有“小姑姑”帮忙，靠正常的医疗体系和运行机制，能不能把人从鬼门关救回来？
越是复杂问题，越需要相对简单地呈现到公众面前；越是清清白白，越需要勇敢地站出来维护社会公信。
此时此刻，“小姑姑”无论什么身份并不重要，重要的是应该坦然地面对舆论，心平气和地告诉大家，遇到类似问题时应该如何处理，应该怎样启动公共救援机制，只有这样才能消弥疑惑，促进社会公信。
否则，越是躲躲闪闪，越是含糊其词，越容易制造被动。
在这个问题上，应该向郑强教授学习，前段时间被别人造谣包养情妇，他毫不回避，第一时间大大方方作出回应，现在造谣的人已抓获归案，所有问题水落石出。
打开天窗说亮话，坦然地进行舆论互动，是增进公信力，化解误会误解的唯一选项。
还有一条消息，曾因“720”特大暴雨被政务降级的郑州原市长侯红，再次得到重用，并被明确为正厅级，虽然行政职务是省卫健委副主任，可是却因为正厅级别而排在主任前面。
能上能下是干部使用的一般规律，受处分降级可以理解，降下来的为何又升上去了呢？
让副厅级的主任领导着正厅级的副主任，这种模式难道不别扭吗？
现在是一个公开透明的社会，很多事情不能自己说服自己，自己取悦自己，自己吹捧自己，群众的眼睛是血亮的，有些事必须体面地向公众作出说明解释，赢得大多数人认可认同。
若忽视对民心民意的尊重，那么很可能好心得不到理解，好事变成坏事，简单问题变得复杂，正能量转为负能量。
只要涉及一丝一毫公权，都需要低下高傲的头颅，谦卑地接受监督和批评。
血槽姐的事，妥妥的正能量，千万别搞砸了。
- 完-",2023-12-01 13:56:14,上海,2,wangyi
19,“血槽姐”伤得这么重，为什么网友还不肯放过她？,"阿里“血槽姐”这波仇恨拉得有点大。



以上这组图这两天在网上疯传。
事件起因是这样的：一位上海籍年轻小姐姐在西藏阿里地区度蜜月旅游，在开车途中因高原反应，发生了严重车祸导致身受重伤。为救治她，其丈夫通过亲戚联系到上海市卫健委，再由上海市卫健委联系到阿里地区相关部门，动用阿里地区所有公务人员为爱妻献血，然后包机前往华西医院救治，期间还有民J、G兵的“各种开道”。
出院后该女子不是感谢救治她的医务人员、为她献血的爱心人士和给她开道的民J、G兵，而是第一时间在社交媒体发视频炫耀其家族的社会关系和特权，引发网友反感。此事也因此上了热搜榜。
“动用了阿里自治区所有公务员献血”“整个阿里自治区的A型血都给你输上了”，这两句排面十足的话，让该女子荣获“血槽姐”的称号。
不知道这事会不会对正在努力考公的同学造成巨大心理冲击：自己辛辛苦苦考上公务员，一个指令就变为别人“移动的血包”。
面对沸沸扬扬的舆情，女子家属迅速回应。父亲余先生说，自己是一个普普通通的老百姓，在单位里开车的，女儿本人，则是上海某区一镇上的银行职员，包机120万元费用都是借来的。
丈夫陶先生在回应媒体时表示，他的小姑姑不是上海公职人员。只是在当地相关部门建议下，向上海市卫健委求助，他们家人、朋友，包括小姑姑才去想办法联系上海市卫健委。献血则由阿里当地医院和卫健委组织，并非他们的个人行为。
上海官方表示，经调查，事发时卫健部门接相关部门函件，请求正在西藏日喀则市的援藏医生前往涉事医院参与救治。此事不存在因私人关系等不正当因素导致的行动。
看到没有，面对媒体时，每一个人的说辞都滴水不漏。尽管如此他们极力否认动用私人关系，却丝毫掩盖不了整件事特权笼罩的气息。
是网友上纲上线吗，我不这么认为。网友的情绪很容易理解，就是对特权的反感，对不公的反抗。类似的情况在网上发生过很多次了，说通俗点，其实就是“拉仇恨”嘛。每一次它都能精准集中网民的敏感神经——江西的周公子如此，深圳的鲇鱼小姐如此，现在的血槽姐也是如此。
从女子事后的表现来看，她骨子里只有对权力的崇拜，丝毫没有感恩之心。她在遭遇大出血的危急情况下，这么多部门和工作人员齐心协力救治她，把她从鬼门关拉回来，最后她却将救她一命的最大功臣归功于家族的社会关系，“小姑姑牛逼”。
本来遭遇车祸险些丧身，确实值得同情，各方爱心人士接力救治，创造奇迹可称得上一个正能量的暖心故事。但是该女子却将其视为“权贵炫耀”的谈资，从她的话里行间能窥见其扭曲的价值观。
于是，网友们看到的不是爱心接力，而是特权开道。大家不自觉地把自己代入血槽姐——要是我遇到相同情形，会怎样？
这无疑是一个扎心的灵魂之问。
她父亲说他家是普通人家，百万花费都是借的。如果是真的，对于一个普通人家来说，光经济上都算得上是巨大灾难。但是从血槽姐的表现来看，似乎云淡风轻。
我甚至能感觉出她有点洋洋得意。比如，航空公司在发布的信息中将她的姓写成了“徐”，她还在视频中特意纠正，“我不叫小徐，叫小余”。
看这语气，换着其他普通人，因自己的失误给家庭带来百万欠款还能表现这么轻松？还有心思发视频炫耀，不，人家说的是纪念？也许上海普通人，跟咱们乡下普通人确实不一样。
自称普通家庭的余爸爸，随随便便就能借到百万巨款，还能包下湾流G550专机，这样普通人你们见过吗，反正我是没见过。

转运车祸女子的湾流G550。网页截图

再说说家属的回应。在事件上热搜之际，家属一上来就辟谣，说全体公务员献血不实，大家都是自愿献血的。
实际上，网友议论的事实都是基于他们自己的聊天记录：
如果以上是不实信息，也是你们自己造谣，赶紧去自首吧。
后来，血槽姐丈夫陶先生又跟记者说，因妻子伤势太重，为了鼓励妻子求生，他才说出“动用了阿里的所有公务人员献血”这些话，“献血不是强制的，都打过电话、征求过意见”。
对此，我只想说：我信你个鬼。
上海官方明确表示，经调查，事发时卫健部门接相关部门函件。谁要求发的涵？都发函了，还谈什么自愿？
注意，动用这个词，很传神。
家属说，小姑姑不是上海公职人员，这个回答很高明。他不是说不是公职人员，而是说不是上海公职人员，那么有没有可能是其他地方的公职人员呢？
我认为可能性非常之大。我注意到，有网友指出那个小姑姑疑似是国家卫生健康委员会党组成员余某红。我觉得有一定可信度，能第一时间联系上海卫健委，并促使他们发函跨地区调度医疗资源和交通资源，普通人很难做到吧。
她到底是怎么联系到上海卫健委的，若这是一条正常的救助渠道，望相关部门科普。这样也能打消大家的质疑。
媒体呼吁，应公开阿里公务员献血事件中小姑姑的身份。
当然，我无法断定那一定就是特权。回看整个救援过程——公务员献血，卫健委发函，百万元包机，以及各种开道……到最后成功把人救活，虽然动用了行政机关的权力，本质上依然是好事一件。
我想说的是，公众质疑的不是救人本身，而是这个救援过程在未来能否复制到普通需要急救的游客身上。
如果不能复制，那就是特权。
最后，再说一个有趣的细节。事情曝光后，陶先生说妻子余大小姐因为受到指责而心情低落，已经哭过一次了，希望网友能理性看待此事。
这个场景是不是似曾相似。当初北极鲇鱼出事的时候，钟老爷子也说孙女哭得一塌糊涂，让大家保持理性，不要影响孙女读书。而且，她们出事都是因炫耀而自爆。
敢情哭鼻子是“公主们”摊上大事后必备戏码。可惜这届网友不懂怜香惜玉，根本不吃这一套。人家“血槽姐”伤得这么重，差点命都没了，网友还要质疑她。
要我说，也不能怪网友心狠，要怪就怪她们离我等普罗大众太远，普通人想共情她们也够也不着啊。",2023-12-01 14:01:16,广东,2,wangyi
20,“血槽姐”扑朔迷离的10件事，打了多少人的脸！小姑姑疑似被曝光,"阿里献血事件，扑朔迷离的过程——
1、9月底，血槽姐和丈夫陶某结婚；



2、蜜月旅行，从上海出发，经江苏、安徽、河南、陕西、甘肃、新疆，最终进入西藏阿里；
3、10月14日，两人先后出现高原反应，约午后时分发生单车车祸，车头严重受损，主驾男没有受伤，副驾女重伤。
4、血槽姐在14日10点多被推上手术台，情况危急，输了一些血。
5、15日当地血库告急，陶某开始找关系。陶某的一个“小姑姑”让有关部门给上海市健委发了公函，上海市健委又联系了阿里市健委。
6、16日，几位上海援藏的医生（原在日喀则）来到阿里为血槽姐会诊。血槽姐的父亲也来到了医院。
7、15-17日三天内，包括几十名公职人员在内的大量人员到血站献血。余某因此得到了足够多的红瓶。
8、10月18日，血槽姐开始转院，警车开道前往机场。下午5点，负责转院的湾流G550飞机降落在成都双流机场，血槽姐由救护车接往四川大学华西医院。
9、（时间不详）血槽姐病情稳定后，其父租车将其接回上海。
10、11月28日，感慨颇多的血槽姐发视频炫耀“阿里全体公务员”为其献血，遭受网友的质疑。当晚，余某删除了视频。
但是，她删除不了网友的记忆，也删除不了阳光下的无限阴影。
大家都特别好奇，她的小姑姑到底是谁？就有网友爆料：
这么多环节，三天内全部解决，换成一般人，你九条命都不够用！
看看现在儿童医院，排号都排到一千多去了，这才是普通人。",2023-12-01 14:34:02,辽宁,2,wangyi
21,上海“血槽姐”神秘小姑姑身份遭扒，“炫耀特权”何时休,"这几天网络上最热闹的人物非上海“血槽姐”莫属，一句让“西藏阿里地区公务员全体紧急献血”让其彻底红遍了网络，这起事件中让大家最好奇的就是“血槽姐”口中的“小姑姑”到底是什么身份。



事情经过
先来了解“血槽姐”的故事：
10月份刚新婚的“血槽姐”跟丈夫去西藏来了一场甜蜜的自驾游，没想到在旅途中“血槽姐”缺氧了，好死不死她正开着车呢，结果就出车祸了，“血槽姐”身体多处受伤需要大量输血。
西藏阿里地区地广人稀啊，血库缺血，正在这个时候，“血槽姐”的丈夫想到了自己那个能量巨大的小姑姑，于是打电话给小姑姑。
小姑姑也是一个有能量的人，一个电话就找到了上海卫健委协调，让阿里地区所有的派出所民警、消防官兵、部队官兵等公务人员献血。在多人献血下，“血槽姐”自然是福大命大活了下来。
连续换了两次血后，“血槽姐”又被下了病危通知书，西藏阿里的医疗条件太恶劣了，于是她的夫妻又斥资百万，专门请包机把她送到成都的华西医院治疗。
一到华西医院，“血槽姐”就受到了医院优先救治，而且是各种开绿灯，就准备完成第二次手术了。
经过如此专业的治疗，“血槽姐”自然很快就恢复健康了，11月份就开始在网络上炫耀自己从受伤到救治一系列“特权”事件，并引起了大众的关注及热议。
神秘小姑姑的身份
“血槽姐”事情闹大了之后，尽管她第一时间把自己炫耀的帖文删了，但依然有网友扒了很多很多的东西。
“血槽姐”的爸爸以及丈夫之后也出来采访，指包机的一百多万是借的，还要偿还。想想“血槽姐”的家里也是厉害，一百多万说借就能马上借到，而且借给他们钱的还不是自己家亲戚，而是“单位领导、好心人”。
大哥，那可是一百多万呢？不是一百多块，哪家的单位领导及好心人会随意借给他人一百多万啊？
要知道“血槽姐”的爸爸可是自诩为一个普通单位司机，竟然能够有能力在四川一路绿灯？
事情的关键还是在“血槽姐”口中的小姑姑。
“血槽姐”的小姑姑到底是什么身份？这是近几天来网友最关心的话题。
“小姑姑”竟然有能力一个电话就调动上海卫健委协调，并远程组织西藏阿里地区全体公务员献血。上海卫健委事后回应是接到了“相关部门函件”，哪个相关部门呢？谁联系的呢？
“血槽姐”丈夫事后回应说自己的姑姑不是公职人员，“血槽姐”的爸爸也说自己和女婿家里几乎没有公职人员。不是公职人员，却有这么大能力调动上海卫健委？
“血槽姐”父亲又说，自己也不知道小姑姑的具体身份，只知道她“快退休了”。
一时说不是公职人员，一时又说快退休了，说法如此前后不一，真的不怪网友有这么多猜测啊。
现在“血槽姐”的网络热度与“北极鲶鱼”差不多，甚至她背后的能量比“北极鲶鱼”更大，毕竟能够做出如此强大的事情，肯定是当权者的。
整个事情闹下来，糟心的只是普通的“老百姓”以及基层的公务人员，上头的一句话，自己的身体就成为了别人的“血库”，多可悲啊。",2023-12-01 15:41:38,广东,2,wangyi
22,血槽姐120万包机费，保险报销不？,"


阿里公务员献血事件的血槽姐的事情大家都知道了吧。大概意思就是，上海一个普通的银行职员，新婚跟老公去西藏阿里旅游。
1、发生单车事故
2、为了救她，通过小姑姑联系到上海市卫健委，再由上海市卫健委联系到阿里地区相关部门，动用阿里地区所有公务人员为其献血。
3、然后因为当地医疗条件有限，于是花费120万包机费，去了成都华西医院治疗。
4、据媒体报道，受伤女子爸爸就是个司机在单位开车。然后打了几个电话，跟领导亲友借到了120万，然后包机紧急送往华西医院救治。目前总的花费在160万。（请问你们那里还招司机不？）
我相信，在这片土地上生活几十年的大家都知道是怎么回事（新京报已经删除了这个文章了）。问题来了：假如有商业保险，包机费给不给报销？有没有绿色通道？
1、因为是机动车事故，所以医保不会报销医疗费（居民医保和职工医保都不报销）

2、普通医疗险，大部分只能报销同城救护车费，有些可以报销国内转诊救护车费用。但是都不能报销包机费，特别是你的百万医疗险、0免赔医疗险不能报销包机费用的哈。
这种只能报销同城救护车费

这种不限制同城，意思国内救护车都可以报销

3、有些高端医疗险，可以报销经济舱机票
4、或者是这种短途直升机费用：

5、还有些高端医疗险，可以报销包机费，而且是全额报销，120万的包机费不在话下（只要不超过保额，这种医疗险保额一般都是上千万）。其实这一类的医疗险保费便宜的也就一年1万多，贵点的一年5万左右。新闻中受伤女子能拿出120万包机，我相信买这种保险应该是有购买力的。（虽然她爸说是打电话借的，你们打电话跟领导借钱试试）
6、很多几元钱一天的短期旅游险，也能报销包机救援费用（只是额度多少的问题）。
7、关于绿色通道，很多医疗险都有（比如大部分百万医疗险都有）。但是大部分只能重疾才有绿色通道，少数医疗险普通疾病也能开通绿色通道。
8、因为是单车事故，大多数车险的座位险保额只有1万，也就是只能报销1万的医疗费。
9、商业医疗险、意外险可以报销医疗费，如果是构成残疾，意外险可以赔偿残疾金。重疾险符合理赔条件也会赔付。（也就是最普通的百万医疗险都能报销医疗费，但是没有使用医保，大多数的保险都会降低报销比例，除非按照无社保身份投保）
说下我自己的心得：
假如没钱，你就买个百万医疗险。

假如有钱，那就买高端医疗。
如果到偏远的地方旅游，一定要考虑到极端事件的发生。最后希望大家永远都用不上保险。",2023-12-01 16:16:09,重庆,2,wangyi
23,阿里“血槽姐”事件调查结果，当事女生喜欢炫耀，都是普通人,"近日，网络上大火的阿里“血槽姐”事件调查结果出炉，当事女生喜欢炫耀，都是普通人，没什么比普通人厉害的地方。



经过调查：
当事人女孩只是普通上海某地银行职员，没有什么特别的地方。
当事人女孩的丈夫，也是一个普通上班族。
女孩的父亲也是一个普通人，职业是一名司机，包飞机跟治疗一共花费160万，但是女孩亲爸借来的，一下子借了这么多，可见该父亲平时的人缘不错。
对了，女孩说的小姑姑也是一个普通人，家族没有公职人员。
现在被救活的女孩，哭了一夜，原以为好面子在社交媒体发了个小视频炫耀，尤其是小姑姑的内容，想暗示有人。
根据资料调查，阿里地区的医院长期缺血，所以一旦血库告急，相关部门就会求助阿里官兵，阿里军区一般都会迅速照应，所以这次这个女孩的情况，也是一样，阿里军区无偿献血，救了她的命。
至于有警车帮忙开道，我想大家都能理解，警察同志肯定愿意救助一个刚刚经历车祸的女子，这是很常见的，新闻经常看到。
在医院里抢救危重病人，应该是没有什么特权，一视同仁吧！
说到底，女孩包飞机的行为一下子太震撼了，还有自己好面子说有特权，一下子引发网友不满，但是这纯粹个人行为，自家掏钱坐的飞机，去的华西医院。
说到底，这个女孩做法太过激，有点装AC中间那个字母了，喜欢面子，喜欢炫耀，这下后悔了吧！",2023-12-01 16:26:42,广东,2,wangyi
24,离真相越来越近了？多家官媒集体发文，狠狠打脸“血槽姐”一家,"有些人长期活在权贵的舒适区，心灵是贫瘠，精神是傲慢的。终于，舒适久了，他们就会在不经意间暴露出那些蝼蚁不知道的生活真相。
这个真相往往是血淋淋的，让人一时之间难以接受，甚至怀疑自始至终传统认知中的“众生平等”。
血槽姐的事情还在发酵，她自曝的聊天记录显示，阿里地区的众多公务人员为自己献血，一共筹集了7000毫升的新鲜血液。
丈夫陶某在事后更是直言“整个阿里地区的A型血都给你输上了，够你换两身血呢！”，从这一家子的言行中，我们看到了傲慢、得意和背靠特权的洋洋自满。



血槽姐的那一句“小姑姑牛X！”更像是一种讽刺，一种对普罗大众和所有参与献血人员的讽刺，在某个瞬间，我们所有人在她眼里俨然已经成了许三观，成了《活着》里面的友庆。
有人将血槽姐的做法形容为“又一条北极鲶鱼式的自我曝光”，由此让我们想起了其背后的“特权”。
与这个特权关联最为紧密的，是血槽姐死里逃生时嘴里脱口而出的那个“小姑姑”，这几天全民都在寻找“小姑姑”，都想知道这个小姑姑到底是何方神圣，更想知道这背后到底有没有特权开道。
当血槽姐一家还在百般狡辩，前后说的话自相矛盾，甚至妄想浑水摸鱼时，有些务实的官媒已经亲自下场了。与其说是务实，倒不如说是我们的官媒们也想知道真相，也看不惯血槽姐那种高人一等的做派。
11月30日，南方周末发表以《西藏阿里全体公务人员为一女子献血？应以令人信服的证据消除特权嫌疑》为标题的评论文章，文章中南方周末首先提问那个神通广大的“小姑姑”到底是谁。
南方周末的措辞很严肃，文章中说“这个小姑姑确实能够联系到上海卫健委，还能让“有关部门”给卫健委发函。在一般人看来，一个普通市民，恐怕最多也就能打个卫健委的热线电话，因此“小姑姑”难免让人生出疑问。”
与此同时，文章还对其中的诸多细节和疑点提出了质疑，并说余女士的短视频就是给人一种炫耀自己家能力的感觉。
紧随其后的是正观新闻，正观新闻说公众质疑的其实是特权思想，并且在其评论文章的最后还说了一段耐人寻味的话：“事件的当事人虽然一再否认，但也很难改变，更不要说一些坐实的细节了。”
看得出来，正观新闻已经极其看不惯血槽姐一家子那前后不一，言行中带着傲慢又不想事情闹大的窘迫夹杂着欲盖弥彰的态度。
11月30日，九派新闻梳理了血槽姐事件的经过，有意思的是九派新闻在报道的最后分别引用了血槽姐丈夫陶先生和其父亲余先生的原话。
陶先生：小姑姑平时一有事就会出来帮我，所以当时发信息时第一时间想到了小姑姑。
余先生：（支支吾吾）不清楚她的具体身份，只知道她快退休了。
不得不说中华文化博大精深，语言文字更是有着独特的魅力。这个支支吾吾用得好啊，好就好在支支吾吾在汉语中代表着说话时遮遮掩掩吞吞吐吐，是个贬义词。
正常情况下，官媒是不会用这种词的，可这一次九派新闻不仅用了，还拿来压轴了。我猜测只有两种可能，要么是余先生当时确实吞吞吐吐了，要么就是媒体也受不了他们一家子这种语气，索性直接写出来了，让大家自己看，让大家自己猜测。
有的媒体则更加务实，今天大河报直接打通了上海卫健委的电话。大河报的记者以为异地急需用血者家属的身份，求助上海卫健委。
得到的回复是：“异地用血需要走正常渠道，求助当地的医院，在当地申请。”
眼看上海卫健委一点口风不露，大河报的记者直接表明了来意。结果工作人员说自己也不清楚，会将记者的问题记录下来，由专人在1-15个工作日内联系记者。
一个问题需要这么久才能回复，人家可是3个小时就飞走了。
要我说这个记者还是年轻了，你打电话求助谁会理你，你得有协调的文件，啊不，是函件。毕竟人家当初能在短时间内用血，可是“接到了相关部门的函件”。
直到此时此刻，这个事情其实已经闹得挺大的，可以说是公共事件了，但诡异的是截止目前几乎所有细节都靠记者、自媒体和网民去调查。我们除了能从这一家人嘴里听到他们说的话以外，再也无从得知任何细节。
我不知道这个事情最后会往哪个方向发展，但我真的害怕这事放在普通人身上会变成：新婚夫妻西藏旅游遭遇车祸，一人因失血过多不幸离世。
前几天母亲说头痛，准备周末挂个号带她去看看，一连找了好几家医院发现号都满了。终于在某个位置有点偏的医院找到号了，还是下午临近下班点的。哎，难啊！",2023-12-01 16:52:12,安徽,2,wangyi
25,“血槽姐”阿里全体公务员献血事件后续! 都是女子炫耀惹的祸!,"近日一段“27岁上海女子在西藏阿里遭遇车祸，阿里全体公务员为其献血”的视频引爆全网，据网传消息称女子在阿里不幸遭遇车祸，其丈夫通过他的小姑姑迅速联系到上海卫健委，然后上海卫健委又协调阿里地区，最后安排阿里地区所有的公务员为其献血，随后女子的父亲更是花费百万包机把女子从阿里转到华西医院治疗。


这份一分多钟的视频一经发布立即引起了大家的广泛关注，网友们纷纷质疑女子是何等人物才配享有这样的待遇，甚至质疑公家为私人服务。
据悉车祸的女子是上海人，姓余，她和丈夫新婚不久到阿里来蜜月旅行，不幸的是遭遇了车祸造成重伤，肝脾破裂多发肋骨骨折，失血性休克……总之情况十分危急，后来经过救治已经没什么大碍。
本来这个就是一起普通的车祸，而且是发生在10月份，如果不是这段视频谁也不会注意到此事，偏偏女子和她丈夫把这起车祸制作成了视频，并且还发布到了网上，甚至引爆全网，引起了网友们的质疑，估计他们做梦都没想到会造成这样的局面。
据网传的聊天记录可以看到上面明确写着小姑姑联系了上海卫健委，上海卫健委又协调阿里地区，阿里地区的所有的公务员为其献血，有派出所民警，消防官兵，还有部队官兵，共筹集了3000多毫升血液。
下面还有人直接表示:“小姑姑牛逼。”
不仅如此，视频里还有女子的父亲直接包下了公务机湾流G550包机把女子从阿里人民医院转院到了华西医院，全程不到3个小时，而且在转院过程中也是警车各种开道……
此事引爆网络后，舆论持续发酵，网友们纷纷质疑小姑姑是什么人可以直接给上海卫健委打电话，又质疑女子的父亲是什么人可以包机为女儿转院，更加质疑女子是谁家的千金才会享受如此待遇……
就在舆论持续发酵之际，女子的丈夫首先出来回应了，他表示自己的小姑姑不是上海公职人员，只是在女子车祸后，当地相关部门建议向上海卫健委求助，所以他的家人，朋友，小姑姑才想尽办法联系上上海卫健委，并且协调阿里地区。
同时女子的丈夫也表示献血是当地医院和卫健委组织的，不是他们的个人行为，而且也不是全部公务员，当时就有十几个公务员。
女子的丈夫表示本来是女子遭遇车祸大难不死，他想纪念一下才制作了视频，没想到会引起如此大的误会，他向大家道歉，并且呼吁网友们理性对待。
女子的丈夫回应完，她的父亲又出来回应，女子父亲表示当时自己接到女儿车祸重伤的消息时心急如焚，立即就赶到了阿里，看着病床上的女儿，救女心切的他决定包机转院，女子的父亲称包机花费了120万，所有的费用也就是160万，包括包机的费用。
父亲说自己就是单位里面开车的，挣不了多少钱，这一百多万都是借的钱，有向好心人借的，也有向单位领导借的。
至于小姑姑联系上海卫健委一事，女子的父亲解释称小姑姑总是在他们有事的时候第一个出来帮助他们的人，所以他们第一时间就想到了小姑姑，至于她是怎么联系上上海卫健委的，他并不清楚。
至于为什么那么短的时间里可以筹集到那么多适配女子的血，女子父亲表示他不清楚。
女子父亲的这个解释真的很难让人信服，不解释还好，这一解释大家更加质疑了，抛开小姑姑直接上海卫健委的领导，短时间筹集到那么多适配女子的血液，这些都不谈，就光是短时间拿出160万来，这就是普通家庭不敢想象的。
最后女子的父亲表示自己家和女婿家的亲属中几乎没有公职人员，她的女儿也只是上海某区镇上的一名普通银行职员。
这件事不仅给女子一家带来了质疑，阿里地区，上海卫健委等地也是备受网友质疑。
对于网传的强制公务员为女子献血，当地有关部门回应称由于当地人口不多，平时在朋友圈看到有需要献血的消息，当地的干部群众都会自发去献血，不管是谁都一样，根本没有强制。并且当地还表示女子有些夸大事实。
上海方面则回应称经过调查后，事发的时候卫健部门接相关部门函件，请求正在西藏日喀则市援藏的医院赶往涉事医院参与救治，不存在因为私人关系所导致的行动。
虽然女子的家人也出来澄清道歉了，阿里，上海也做出了回应，但是网友们质疑的声音一直没有断，反而往愈演愈烈的方向走。
也不能怪网友质疑，如果女子真的是在说大话，难道她就没有想过自己的所作所为会给有关地方造成什么样的影响吗？如果她在说大话，这样会误导大家，难道就不应该当众公开道歉吗？而不是在那里想当然的呼吁大家理性对待。
让子弹飞一会儿吧，看看还有没有新消息，等一个后续吧。
大家怎么看这件事？",2023-12-01 18:10:52,河北,2,wangyi
26,阿里献血事件最新进展：3个真相不容忽视，血槽姐家属疑似露马脚,"01、上海小夫妻阿里出车祸
有句话叫“富贵不还乡如锦衣夜行”，感谢爱在网上炫耀的人，他们总能在不经意，就揭开社会上的一些黑幕。
近日，上海美女小余喜提老公一枚，并一同去云上阿里度蜜月。
从小余的正面照能看出，她不仅颜值高身材也很好，而且很喜欢自拍，爱和网友们分享自己的幸福。
从婚礼开始，她就在社交媒体上各种晒，与老公陶先生的恩爱时刻，各种各样的美食，惬意地钓鱼和小马驹互动，外加一路优美的风景......



然而晒着晒着，就画风突变了。
先是她因高原反应吸上了氧，然后由于缺氧昏厥造成了严重的车祸，从网络曝光的现场照片看，车头撞得七零八落，实在是惨。
小余也伤得十分严重，肝脾胰等各大脏器破裂、损伤，盆腔大出血，多发骨折，失血性休克……
可以说病情相当凶险，随时会嘎，然而，家里人不放弃。
血站的A型血不够用，爱妻心切的陶先生便联系上了自己远在上海的小姑姑，通过上海卫健委又联系到阿里中心血站，动员公务员全员献血，军队和消防官兵优先。
“整个阿里自治区的A型血都给你输上了，一共7000多ML血，你全身的血换了两遍！”小余苏醒后，陶先生对爱妻说道。
小余也由衷地感觉“小姑姑牛X”，并晒了聊天记录出来。
同时，以小余的伤情，阿里地区的医疗条件抢救起来也不太容易。
于是在把血续上后，余爸爸包下了湾流G550专机，带着机组人员和医疗团队直飞阿里，接上爱女送到了国内顶流的医院，四川华西医院。
这里有个重点要敲一下黑板，那就是从医院到机场的一路上，竟然既有交警全程陪护又有警方在前方带路。
02、现实版《活着》引争议
经过手术抢救后，脱离了生命危险的小余，转回上海三甲医院治疗。
又经过了一个多月的各种治疗，遭受了生无可恋的身体和精神双重折磨后，体重也降到了人生最低值，小余终于康复了。
苏劫后余生的小余，深感自己也很牛X，忍不住在网上晒了车祸前后的全过程，全阿里的A型血以及撤离阿里的最佳方式。
总结起来就是以下3个重点：夫家有个手眼通天的小姑姑，全阿里的自治区所有公务人员出来献血，家里不仅有钱还背景强大。
现实版《活着》瞬间就引起了全民的关注，这是哪家千金，竟是如此优秀，可以说集三地之力，从阎王手中抢命，并给小余冠之以“血槽姐”的称号。
阿里当地医院知情者述：14日晚，小余入院，急需手术，术中出血2000ML，当场输入8个单位红细胞和800ML血浆。15日，中心血站已告缺血，先后来了多批公职人员，最终筹到了足够的血。
也有网友爆出了转运报价单，包机费用上百万。
不过涉事各方很快就出面做了澄清，大家用脚趾头也能想到，无非是所有的一切都符合规定，这就是一个全力以赴献爱心救助普通老百姓的好人好事。
余爸爸也站出来了，说自己就是一介司机，包机费用全部都是借的。
陶先生也辩解称，“小姑姑”并非实权人物，只是他用来安慰妻子的，实际上是家人和朋友多方联系求助的结果。
他说向当地派出所、消防等求助了，而据消防上的人反应，是中心血站联系他们，才组织驻地上A型血的消防人员去献的血。
陶先生在事件发酵后，所有的说法就都变了，和妻子晒出的事情，可以说是大相径庭。
03、3个真相不容忽视
整件事犹如大型《罗生门》，网友们的疑虑怎会轻易被打消，这其中三个真相不容忽视。
1、是否面对任何一个需要救命的用血需求，中心血站都会有联系相关公职人员组织献血。
2、献血到底是自愿，还是强制。
3、整个过程中，有没有违规，使用特权的行为，比如警车开道怎么解释，以及中间的关键人物“小姑姑”到底是何种人物。
网友们并不是嫉妒小余活过来了，也衷心为她的康复感到高兴。
只是想问一下“公平”是否存在，毕竟去年上海口罩期，上海卫健委的电话都打不通，现在却能跨区域发挥如此大的能量。
而且是“卫健部门接相关部门函件”，竟然到了正式发“函件”的地步，实在是匪夷所思啊。
到底卫健委是某些人的卫健委还是国家的卫健委，是为某些人调动医疗资源的卫健委，还是维护全民健康的卫健委？
为什么有网友感慨：自己经历过类似的情况，但所求助的部门，都用看傻子的眼光看着他，仿佛他的要求太异想天开了。
又有更多的网友感叹，如果是自己遇到这种情况，只能等死。
话又说回来，是什么样的司机家庭，能一下子就借到百万借款，虽然胡锡进站出来大言不惭：
“在上海，一个普通家庭为了救女儿，在亲家的帮助下，短时间内筹集100多万元是非常可能做到的......”
是贫穷限制了我的想象，还是上海普通人都那么有钱了？
总之无论如何，这件事确实让我想起某些民间传说中，权贵人士杀人取血，以求延年续命的情节。
实际上，整件事有几个细节很搞笑，典型的此地无银三百两。
首先、闹半天吹牛可以救人一命，因为陶先生说了，想让妻子有求生欲望所以吹嘘小姑姑厉害；
然后、既然献血是阿里医院和当地卫健委的行为，为什么要说小姑姑牛X；
其次、明明是自己发视频炫耀有特权的，为啥指责网友不理性。
04、血槽姐家属露马脚
经过几天发酵，阿里献血事件最新进展也出来了，通过《新京报》对血槽姐父亲和丈夫的采访，一些前后矛盾的地方，让他们也疑似露出了马脚。
余先生在面对记者采访谈及小姑姑身份时支支吾吾，说不清楚其身份，只知道快退休了，但他此前说的是，自家和女婿家几乎没有公职人员。
一会儿是几乎没有，一会儿是不知道，心里没有鬼的话，为什么说话都吞吞吐吐不利索了？
陶先生最初接受采访时，表示联系卫健委的是他们的家人、朋友包括小姑姑。
在最新一次采访中又改了口径：“至于谁能接触到上海市卫健委，我们自己都不知道。”
他可能以为自己改口了就能把事件掩盖过去，他忘记了互联网是有记忆的。
我们都知道他们在撒谎，他们也知道我们都知道他们在撒谎，但我们就是拿他们没办法。其实事情明明很简单，倘若真的是普通人小姑姑，请她出来走两步就行了。
之所以舆论不息网友的愤怒不止，就是这种遮遮掩掩欲盖弥彰的态度。
有位网友对于该事件的评论一针见血，更是让我心情沉重：
“救人本没有错，但是你对我们说众生平等、公平公正，这就是真忽悠我们了。
你们会投胎，所以你们可以开车进故宫，可以喝几万一斤的茶，可以轻松9位数润出去，我们只配感恩戴德996，然后不听话就拿捏我们的软肋。”
据说，小余的丈夫请求网友理性看待这件事。
在此，本人也想请相关部门以及纪检监察部门，严肃看待这件事。
其实，网友们的要求并不高。
不过是希望，“万一有一天有庆出了车祸，包不起飞机，富贵打电话到卫健委时有人接听，对方能回一句：‘我们一定救回孩子’”。",2023-12-01 22:22:48,江苏,2,wangyi
27,血槽姐身份：上海某银行职员，小姑姑身份逐渐清晰：马上退休,"近日，上海女子余言言在西藏阿里地区的车祸事件热度一度蹿升！之所以被称为“血槽姐”，是因为其在车祸后大出血，整个医院的血液库存都不够。


于是，通过各种各样的“方式”和“渠道”，让阿里地区的公务员为其献血：
公务员、民警、军官等都成了“移动血包”！
接下来的包机转院、多道专车开道等似乎都与一位人撇不开关系：其丈夫陶立的小姑姑。从该女子与丈夫的聊天记录中可以看到出来，小姑姑让他俩感到非常的自豪。
陶立：我小姑姑联系了上海市卫健委，卫健委联系了阿里部门，动用了阿里所有公务人员献血，整个阿里自治区的a型血都给你输上了。
余言言：小姑子牛
的确牛呀，如果是一般人估量当天就交待在西藏了，哪有什么福气能花120万乘坐专机，还有专车开道，还有公务员为其献血。
随着事情的连续发酵，真相似乎也离得越来越近。根据目前某权威性媒体报道，各个环节真相也逐步露出水面。
根据陶立的描述：两家几乎没有公职人员，都是一层层的求人帮忙。
据该女子父亲表示：
包机钱是借的，都是单位领导，好心人借的。我们只有一个女儿，会不拼尽全力去救吗！
那么其父亲余宗民做什么工作，怎么能在如此短的时间内筹集到120万元呢？那可是1200000元，后面这几个零可是不好搞呀！
余宗民表示：
自己就是单位里一个小职员，负责开车，并不是什么大富大贵的家庭！目前，余言言总计医疗费用是160多万元。
上面给出压力，指示公务员献血？
当地中心血站工作人员称：当地人口比较稀少，血站库存不足。一般库存告急的情况下会
“号召内部员工，社会人士，以及附近部队的人献血”。
当地政府工作人员告诉记者：
由于当地人口比较少，如果朋友圈看到有人需要献血，干部群众都会自发性的去主动帮助。
这样看来，献血这个问题似乎也能说的过去，毕竟人口较少的地区，方圆十来公里的人基本也都认识。一家碰到问题多家帮忙完全也在情理之中。
当地相关部门也表示：
这次献血并不存在强制性献血，跟平常一样，都是大家的自愿行为。
到底是谁联系的上海卫健委？
对于一般人来讲，碰到这样的情况自己去找卫健委，大概率应该是不会有什么结果。
陶立告诉记者：
当地（阿里地区）曾问过他们户籍是哪里的，可以帮忙联系当地卫健委的帮助。自己和余言言也曾到处寻找（关系），希望可以联系到当地卫健委。
是不是陶立小姑姑联系的上海卫健委？小姑姑到底是谁？
当记者问到小姑姑到底是谁的时候，
陶立显得有些支支吾吾，说：自己并不清楚她的具体身份，只知道“快退休了”。
不知道自己的姑姑到底是何方神圣？这无论如何也是说不过去的，也是不可能的事情！
问到为什么联系姑姑的时候，陶立表示：
姑姑平常乐于助人，出事了后第一时间想到了姑姑。
这说明陶立跟自己的姑姑还是非常熟悉的，对她的为人处事特别熟悉。“不知道她的具体身份”更加说不过去了！
到底是谁联系了上海卫健委呢？
记者联系到上海卫健委的工作人员后，得到了这样的答复：
事发时，卫健部门接相关部门函件，请求正在西藏日喀则市的援藏医生前往涉事医院参与救治。此事不存在因私人关系等不正当因素导致的行动。
注意“卫健部门接到相关部门函件”，接到哪个部门的函件？那么发函件的那个部门是哪个部门呢？又是谁联系到了发函件部门呢？
现在只有两个谜题待解决：
1.是哪个部门给上海卫健委发的函件？
2.是谁联系的发函件部门？通过什么样的方式联系的呢？
3.陶立姑姑的身份到底是什么？
4.有网友关怀，被撞毁的那辆车是什么牌子的？",2023-12-01 21:31:02,广东,2,wangyi
28,谜一般的“小姑姑”外，“血槽姐”事件中的“相关部门”又是哪？,"大家好，我是老丁。
“血槽姐”事件至今天仍在持续发酵。真正让众多吃瓜群众意难平的，或许并不是对事件“女主”小余车祸后的抢救接力、人间大爱、生命奇迹等感到“嫉妒”，而是不禁想问，如此不计代价的救治，是否具有某种普惠性？
换言之，万一某天“主角”换成了芸芸众生中命悬一线的“小张”、“小李”、“小王”等时，一切是不是也顺理成章、同理可得？
今天上午，《大河报》记者以一位异地急需用血者家属的身份，求助上海市卫健委：一位普通上海人民，在外省市需要紧急医疗救助，上海市卫健委能否帮助协调当地紧急献血？
工作人员告诉这位记者，异地用血需要走正常渠道，求助当地的医院，在当地申请。“不知道外省是什么政策，上海用血的话，提出申请和求助，一般在哪家医院，是医院去协调的。当地有血液管理办公室，当地协调用血。”
记者进一步询问，被上海市卫健委协调救助的小余，之前是否有这样的救助通道？工作人员表示，自己不清楚，会将需求记录下来，会有专人在1至15个工作日内联系记者，“截至发稿无人与记者联系”。



我们不妨来看看，此前围绕上海市卫健委在此次事件中所扮演的角色，都有着怎样的说法。
1

首先在小余发布的那段引发舆论大哗、不到两分钟的视频中，有一段她与丈夫小陶的聊天截图。截图中，小陶告诉小余：“我小姑姑联系了上海市卫健委，卫健委联系了阿里（地区）部门，动用了阿里所有公务人员献血”“整个阿里自治区的a型血都给你输上了”，小余回复道：“小姑姑牛逼。”
仅从对话来看，上海市卫健委在协调西藏阿里地区部门紧急为小余献血的过程中，应是扮演了不可或缺的角色。
但到了后续接受《新京报》采访时，小陶则对有关述聊天内容予以了矢口否认。他说，上述聊天发生在小余抢救结束苏醒之后，因妻子伤势太重，为了鼓励妻子求生，他才说出这段话。
老丁注意到，有媒体今天报道，疑似10月16日小余遭遇车祸伊始小陶的求助帖曝光，称小陶当时在阿里的医院里见人就问是不是A型血，且热心的网友们也积极对该贴帮忙推流。另据微信公众号“西藏阿里消防”10月16日一篇题为《阿里“火焰蓝”为生命接力》的消息，其中也提到了“10月15日下午，阿里地区消防救援支队接阿里地区中心血站求助：地区人民医院1名危重患者亟需输血保障，血库A型血告急，为挽救患者生命，支队领导高度重视，立即组织驻地区各队伍符合献血要求的消防救援人员积极参加献血”。
但无论是小陶彼时在阿里的医院见缝插针式的“求血”，还是阿里消防救援支队消防救援人员等当地热心人士无私无畏的献血，似乎都不足以回答以下问题：上海市卫健委是否对此次异地用血进行了协调？若有，这种协调在其中起到的作用究竟有多大？
2
其次，就假设小陶在聊天对话中对小余有“夸海口”“吹牛逼”的成分，接下来的说法都来自于新闻报道。小陶在面对媒体时说，他的小姑姑不是上海公职人员，只是在妻子车祸后，当地相关部门建议向上海市卫健委求助，他们家人、朋友，包括小姑姑才去想办法联系上海市卫健委。
小陶还说，“小姑姑是平时一有事就会出来帮我的人，所以当时发信息时第一时间想到了小姑姑。至于谁能接触到上海市卫健委，我们自己都不知道。”
对于“想办法联系”、“接触到”上海市卫健委后，又触发了哪些操作，小陶就显得语焉相当不详了。为求进一步释疑，11月30日也就是昨天，《新京报》记者曾多次致电小唐尝试再次沟通此事，“但对方未接听，或挂断”。
除小陶的说法外，据媒体获悉，事发时上海卫健部门接相关部门函件，请求正在西藏日喀则市的援藏医生前往涉事医院参与救治。相关报道特别强调，“此事不存在因私人关系等不正当因素导致的行动”。
但问题是，在《大河报》询得的普惠流程中，似乎看不出有上海市卫健委什么事呀？
3
至此我们就来对比一下，与《大河报》报道中上海市卫健委工作人员回复的普惠流程比，此次对小余的抢救多出了哪些关键要素。
第一，当然是能力非比寻常的小陶的“小姑姑”。尽管网友们迫切想一睹“小姑姑”的庐山真面目，但她至今千呼万唤不出来：小陶否认了她是公职人员身份，小余的父亲老余甚至在支支吾吾中称，自己并不清楚她的具体身份，只知道她“快退休了”。
这可真是小刀拉屁股——开了眼了，对如同自家独生女小余“再生父母”一般的“小姑姑”，亲爹老余竟“不清楚她的具体身份”，这着实更加证明了“小姑姑”的道行匪浅，深不可测。
第二，各位不知是否注意到两句话，一句是上文中小陶曾言“当地相关部门建议向上海市卫健委求助”，另一句是“事发时上海卫健部门接相关部门函件”。各位是否注意到这两句中的一个共同词语了？
没错，共同点是“相关部门”！
相比于第一句中不过给出个建议的“相关部门”，第二个“相关部门”的作用或极为关键，因为事发时其向上海卫健部门发函，“请求正在西藏日喀则市的援藏医生前往涉事医院参与救治”。试问，在《大河报》报道的普惠路径里，哪里有任何与“函”相关的任何字眼？
这个欲语还休的“相关部门”，究竟是何方神圣呢？
4
难怪整件事复盘下来，有网友会说，如今反而会觉得那多达120万元的包机花费，是其中最“容易”解决的事，毕竟它只涉及一个字，叫做“钱”。
对于这个“钱”，老余在面对媒体报道时，红口白牙地说自己“就是一个普普通通的老百姓，在单位里开车的”，以及为了凑齐包机转运的钱，他向“好心人、单位的领导”借，一笔笔钱通过手机转账过来，让人不禁感叹他身边究竟有一群怎样仗义的朋友与领导。
但更让人叹为观止的，是本该像热锅上的蚂蚁四处筹钱的过程中，老余一家还把流程或并不算的短包机航线申请，给快刀斩乱麻地弄妥了。根据小余在那段视频中的说法，她在阿里所撑的时间，不过3天。
这到底是怎样的处大变而不惊，泰山压顶而面不改色的超强心理素质，以及“时间管理大师”一般的一家人呢？
至于后续包机落地、前往医院过程中的“警车开路”，以及堪称整个西南地区最好的四川大学华西医院，几乎虚位以待、无缝对接地给小余做手术，似丝毫不存在知名大医院“看病难”的问题，老丁也正在尝试说服自己，即这些都是普通人遇上“好心人”时可以办到的。
不然，又能怎么办呢？毕竟不是每个人都拥有这么一个梦幻般的“小姑姑”，以及由此带来的急公好义的“相关部门”，您说不是吗？",2023-12-01 22:50:21,北京,2,wangyi
29,全网都在找“姑姑”，血槽姐事件发酵！上海陶姓女领导们瑟瑟发抖,"一桩10月份发生的医疗救助事件，一个月后因为一张聊天截图网络发酵！
“血槽女”事件（又称“阿里公务员献血”事件），已经闹得满城风雨！
12月1日，全网络忽然还是集中火力“寻人启事”，发动所有能发动的力量，开启寻找“小姑姑”的旅程……



小姑姑啊，那个神奇的女人！
远在千里之外的上海，也可以云淡风轻指点江山，影响力瞬间到达西藏阿里！
尽管，11月29日，血槽女的家人陆续回应了质疑，但是却是越解释越复杂，网友这下子成了福尔摩斯……
梳理一下，解释中的几处“逻辑硬伤”！
硬伤1：全家都没有公职人员，借了120万包飞机！
这是今年笔者听到的最不可思议的“辩解”之一，这逻辑思维得有多么的疏松，才能说出这样一番解释？
女孩父亲解释，自己只是个单位开车的，家里不是富豪，但是为了给女儿转院，毅然决然开始借钱！
总体来说，意思就是感谢那么多好心人，160万轻松借到了手！
莫说这几年经济不景气，就算是太平盛世之际，有几个人打几个电话就能借到120万？
能给你手机转账1万2的人或许还能找出来，可是也不多……
硬伤2：家属说不知道“小姑姑”具体做什么的，只知道快退休了。
根据媒体的报道，说这话的是女孩的父亲。
按照之前梳理的逻辑关系，“小姑姑”应该是女孩丈夫陶某的姑姑，要说和女孩父亲确实隔了一层……
但是，你要说“完全不知道小姑姑是干什么的”，这话就有点伤智商了！
看得出来，家属在解释这个问题时有些“支支吾吾”，但是一开口就是漏洞百出，简直就是一场“灾难级”的解释！
硬伤3：据说献血了7000cc，又说是几十个公务员、官兵献血！还说在朋友圈求助了，可是至今无截图证据。
家属一再强调，当时很慌张，阿里那边一个人也不认识，还网络发帖求助，
但是就有那么一大坨公职人员涌现了出来（甚至还包括军队官兵），献出了7000ccA型血。
网友们质疑的是“到底有没有网络求助”？
这个问题很好解释啊！发过朋友圈就有记录吧，截图就是证据，自然可以堵住悠悠之口。
可是，网络求助的截图在哪里呢？
硬伤4：上海卫健委回应是接到了函件，才联系阿里方医疗单位。“函件”是从哪里来的？
如果不是小姑姑一手通天，普通人打电话能要到“函件”吗？甚至还是直接发给上海卫健委的函件？
这一说法从的流出，无疑再次让人们对“权力”滥用产生了质疑。
硬伤5：丈夫多此一举的解释，“小姑姑身份”更惹人注目！
看到媒体报道的这段话，笔者直摇头。
这家人欲盖弥彰却又到处出现完全不合逻辑的解释。
丈夫居然说，之所以那样说是一个“善意的谎言”，为了让妻子燃起求生欲望，就虚构了小姑姑的权利吗？
全网寻找“小姑姑”，上海陶姓女领导瑟瑟发抖
事情发酵到这一步，已经有些失控。
笔者就已经在网上看到至少两篇关于揭露“小姑姑”身份的帖文，
但是居然是两个不同的女子。
（为了怕误伤，两人的具体身份职位就不透露了……）
她们只有两个共同点：
1、都姓陶（因为女子的丈夫姓陶）；
2、都在上海担任某个部门的公职领导。
这位小姑姑如今可能是如坐针毡了。
她可能真的已经快退休了，却在10月的某一天为了侄媳妇的车祸事件，办了件大事……
谁曾想，一个月后会突然风云突变！
眼看着就要平稳着陆，现在却成了全网寻人启事的主角！
网友们个个福尔摩斯，估计这一天时间已经将上海地区公示出来的“陶姓”女领导翻了个遍。
子弹还在继续飞，陶姓女领导们已经瑟瑟发抖！",2023-12-01 23:54:55,云南,2,wangyi
30,血槽姐事件：伤的那么重，为什么网友不肯放过她,"最近，关于“27岁女子在西藏遭遇车祸，阿里地区公务员集体献血”的消息引起热议。
先理一理整起事件的来龙去脉：
女主余小姐27岁，上海人，今年9月17日结婚，婚后小两口开着自己的比亚迪一路向西去往西藏自驾游度蜜月。
小余和丈夫陶先生
一路上余小姐拍了很多照片发在了社交媒体上，有自拍，有美食，也有风景，一对年轻人看起来幸福惬意。
进藏后，他们开车进入了阿里地区。10月14日，由于缺氧的原因，他们在驾驶的过程中，突然晕厥，就此发生了一场车祸。开车的丈夫没受伤，而坐在副驾的余小姐身受重伤，连夜被送进了阿里地区人民医院。
阿里人民医院是一家三级乙等医院，医疗条件不是很好。检查过程中，医生发现余小姐腹腔受损严重，医生当时建议患者转院。
10月18日，余小姐被辗转进入著名的华西医院进行治疗。在那里，余小姐做了肝脏修复手术，并在ICU住了很多天。最终，又转回上海的一家医院进行后期的康复治疗。
湾流G550公务飞机
如今，已基本康复。
余小姐的整个救治过程，对于普通人而言简直就是个奇迹，但偏偏余小姐这家“普通人”却完成了，是运气好吗？
10月28日，余小姐在网上发了一条视频，立即引起舆论高度关注。
而引发关注的点是视频里提到的两个信息：
第一，视频里她和丈夫的聊天记录截图
余小姐和丈夫聊天记录
第二点，余小姐当时从阿里地区到华西医院，是用的湾流G550公务飞机，全程有专业医护人员和医护设备，而且下了飞机，全程有警车开道。
这些信息，立刻让网友炸了。
有网友就表示：：你们享受这样的特权，那就不要发出来炫耀好吗？
这种医疗体系下的不平等，再叠加这种“特权”本身对医疗资源的占用，导致该事件迅速冲上了微博热搜。
当事人家属回应的速度也相当快。
第一个站出来回应的是小余的父亲，声称自己是一名在单位开车的司机，根本没什么钱，花费的160万元都是找人借的
小余的丈夫，陶某也回应称，只是为了鼓励妻子继续活下去才说的这段话，情况不属实。而且他的小姑并不是上海公职人员，献血是阿里当地医院和卫健委组织，并非他们个人行为。
所以，陶某小姑的身份变得尤为重要。
阿里地区的回应是：我们只是动员，就有人来了，没有私人关系。
上海卫健委的回应是：
本身事件并不复杂，但整个事件中，最让人感兴趣的是陶某的小姑。如果是普通人，这个说法很难不让人质疑，因为并没有公布小姑的真实身份，如果真的是普通人，大方公布出来，有据可查，一些言论自然也就不攻自破了。
但仅凭几句话，恐怕很难让人信服。谁会相信能联系到上海卫健委的是一名普通人？
现在所有的问题都指向了这位“小姑”，如果搞清楚她的身份，想必这场舆论也就该收场了。
其实，之所以受到这么多关注，归根结底也就是，
这事是不是真的存在“特权”的问题。
普通人如果遇到这么严重的车祸，即使想尽各种办法估计也难以挽救。
第一，借不到那么多的医药费；
第二，在医院血库不足时，很难匹配到血液；
第三，转院、包机申请等一系列的手续问题。
当然，该事件背后可能并没有什么猫腻，但很多人依然要问，小余在事件过程中享受到的服务，是不是所有普通人都能享受得到？
如果不是，那就是一种“特权”，不管这种“特权”是基于权利，还是金钱和人情。
最后，想说的是，做人还是低调一些，记录生命中命悬一线的经历并没有错，哪怕是炫富也没问题，但是不要带上有特权意味的内容。不然，不仅自己会被网暴，你找的那些关系，也会被你坑。
普通人不一定都会仇富，但一定看不惯那些破坏公平的行为。",2023-12-02 02:42:26,广东,2,wangyi
31,别扒了，血槽姐的小姑姑肯定是一位普通人,"中国四大名著中我最喜欢的不是《三国演义》的打打杀杀，不是《水浒传》的除暴安良，不是《红楼梦》的豪门恩怨，我最喜欢的是《西游记》。
之前网络上有一句话很火，初识不知曲中意，再听已是曲中人，这句话变通一下完全可以套用在《西游记》上！
小的时候看《西游记》是当作动画片看的，唐僧师徒，各路神仙，上天入地，好不热闹，等我们长大了才发现，《西游记》能够称为四大名著决不是因为这些，而是其中更深的含义！
《西游记》说白了就是一个关系社会，唐生师徒西天取经九九八十一难，各路妖魔为了吃唐僧肉长生不老，没关系的被一棒打死，有关系的关系户，最紧要关头就会有神仙下界求情，不是神仙的坐骑就是身边的徒弟，不仅能保命还能继续被收编！
唐僧是金蝉子转世，成为天选之子去西天取经，然后安排三个徒弟，这三个徒弟也是很牛的存在，到最后取得真经，你会发现这是更大的一个局，在这里人情社会形成闭环！真是牛！
讲关系讲人情这个传统就没有变过，一直到现在，以后还是，所以《西游记》值得深扒，而且永不过时！
回看上海血槽姐事件，大体经过大家应该有所了解了！
现在网友们都在追问她的小姑姑是谁，小姑姑是她老公的亲姑姑，也是余大小姐的小姑姑了！
余大小姐的父亲接受了采访，采访的内容还上了热搜，献血事件的家属否认小姑姑是公职人员，理由是余大小姐的父亲说两家的亲属中间不记得公职人员！

图片

余大小姐的父亲先是声明自己没有任何关系，至于女婿那边只说自己不记得有公职人员，既然是不记得有，那么为什么会出现家属否认是小姑姑是公职人员的热搜呢
说到女婿的这位小姑姑的身份，他开始支支吾吾称并不清楚具体身份，只知道她“快退休了”
既然不记得两家有公职人员的亲戚，现在又说女婿的小姑姑快要退休了，是什么位置上快退休了，却不愿意说了！
余大小姐的老公陶先生同样改口了，这件事刚火起来的时候，说自己也不知道谁能联系上海卫健委，就想到了小姑姑，因为有什么事情都是找小姑姑！
现在媒体采访他又成了我也不知道谁联系的上海卫健委，说明已经推翻了自己先前说的话！
现在两家都不愿意透露小姑姑到底是干什么的，那就给了网友想入非非的空间，他们是想给小姑姑打掩护却发现，漏洞越来越多！

大河报记者走了一遍余大小姐的流程，普通人的身份根本走不通，需要在当地医院申请！
也就是说余大小姐连续过了这么多关，普通人一关也过不了！
说了这么多大家是不是觉得这位小姑姑更加神秘或者应该是更牛的人物了？
其实不然，我只说一个理由就够了，现在铺天盖地的报道这件事就说明小姑姑牛不到哪里去！
刚开始我写第一篇的时候也是小心翼翼的，生怕舆论立马打住，现在看是沸沸扬扬就说明这件事容许讨论，这位小姑姑就不会牛到哪里去！
这件事为什么就办成了，我想说余大小姐的老公公也是很牛的存在！
自己就是一个司机，很短的时间能借到100多万，这就不是一般的司机能做到的！
为什么都愿意卖他面子，他是谁的司机？",2023-12-02 07:17:53,江苏,2,wangyi
32,小姑姑身份成谜？血槽姐家属回应漏洞百出，小说都不敢这么写,"文图丨予梦
近日，27岁余小姐在西藏遭遇车祸，自爆家属动用关系，使得阿里全体公务员为其献血，网友戏称为
“血槽姐”
，由于舆论影响较大，当事人及亲属后多次辟谣回应，但是
前后矛盾，漏洞百出。


献血事件的4个主要人物，当事人余女士，丈夫陶先生，父亲余先生和奇特人物小姑姑。
一、自己否认自己，为了勉励妻子求生
可是29日，陶先生告诉记者，
上述情况不属实
为了勉励妻子求生，他才说出这段话
，言外之意就是他之前撒了谎，夸大了事实。勉励妻子求生，这词用的真好，可是一个垂死求生的人怎么可能会回复“小姑姑牛皮”这样的话机，这两个字一般会用在什么场景下？再就是各个字眼我们看到了各种夸耀，正常一个丈夫跟妻子说话怎么会如此的夸大事实。再者，余女士听到了小姑姑的壮举反应很淡定说明了什么？假如有人给你讲在农村放牛的二大爷做到了上面的事情，你会是什么反应？会说二大爷你真厉害吗？至少要问问怎么做的吧！余女士的反应至少说明小姑姑绝对很有实力，做的这些，她一点都不惊讶。
二、小姑姑不是“上海”的公职人员
陶先生说小姑姑不是
的公职人员，这句话说的很奇特。即使不是上海的，也可能是北京的或者其他城市的，不是公务员，但并不意味着就是一般人。能联系到上海卫健委救人的，肯定不是一般人。
一个一般人想求助上海这个部门，可能连电话号码都不知道。
有网友开玩笑的说：
别说联系发红头文件了，就算进去借个厕所估量都被赶出来！
网友回复：
想多了，你根本就进不去！
虽然这是个玩笑，但也说明了一些问题。
三 、“几乎”没有公职人员
后陶先生又向记者解释：两边家庭亲戚中
几乎
没有公职人员，都是一层层的求人帮忙。中国文字真的是博大精深，几乎的意思是少，不是没有，这明显是在钻空子。
四、“不记得”两家中有亲戚是公职人员
记者采访女子父亲余先生，余先生表示：
不记得
两家中有亲戚是公职人员，女儿是上海某银行的职员，我只是个单位司机，普一般通的老百姓，能有多少钱，包机的100多万都是借的。“不记得”这里用的如此奇特，和“几乎”有异曲同工之妙，万一翻车是不是就可以说自己老了记性不好。
五、不清楚小姑姑的具体身份，只知道快退休了
谈到小姑姑身份时，余先生支支吾吾的称：自己并
不清楚她的具体身份，只知道她快退休了。
这个解释估量自己都知道圆不过去了，女婿的姑姑不知道干什么工作的？这符合常理吗？这结婚前没问问清楚吗？
六、只是个单位司机，去华西医院包机的钱都是借的
余先生表示，自己只是个
单位司机
，包机的
100多万都是借的
。我们暂且不讨论一般百姓能否在短时间内借到100多万，也不谈论申请航线一般需要多久，但是3小时内成功转运到成都华西医院，这个速度确实让人难以置信。
根据本地网友的反馈，当地人在华西医院排了两个月都没有床位，甚至有人反映家属有两种癌症，排了20多天也等不到床位。无论你出多少钱，都是没有办法的。然而，这个外地小姑娘却可以包机，而且3小时内直接入住，这估量没有几个人能做到。
七、租大商务车带女儿回上海2000多公里，只花了2000多
余先生提到他租了一辆商务车，将女儿从成都接到上海治疗，
全程2000多公里
，历经3天。在这段旅程中，开车时间达到了惊人的26小时，
花了2000多元
2000多公里，租车花了2000多元，这可信吗？油钱加过路费都不止2000元，那吃住呢？漏洞百出，难以让人信服。
其他回应
记者采访上海相关部门，回应称卫健部门
接到相关部门函件
，才请求远在千里的援藏医生前往救治，和个人关系无关。这是接到那个部门的函件如此迅速，平时盖个章都得好几天。
记者采访阿里地区中心血站，工作人员回应称：血站仅负责采血、检测、供血等主要环节，其他事情
不便回应
。不便两字奇特地表达了工作人员的态度。
后面的话
在每个人的描述中，“小姑姑”这个奇特的角色都奇特地被幸免了。然而，我们应该理性地看待他们所说的话的真伪，辟谣的话也不一定是真的，当时的北极鲶鱼也是为了夸耀，结果一不小心成了“反腐英雄”，爷爷钟某当时也是公开发谣：老老实实这样干到退休，我也写了材料给领导，一定要调查清楚。结果，他真的被查出了问题，一点都不老实。
陶先生向记者表示，他的妻子将死里逃生的经历制作成视频公布到网上以示纪念，然而由于遭到指责，心情极度低落，
已经哭过一次了
。真的是为了纪念吗？为何视频中的一切都像是在各种夸耀？甚至有网友神评论：
“可别再让余姑娘哭了，全上海的公务员都瑟瑟发抖。”
结语
遭遇车祸之后，一名一般家庭，能致函上海卫健委调动远在千里之外的援藏医生前来为其治疗，还能让全体公务员、警察、官兵为他献血。治疗期间两位警察一直在医院守候，后又花费百万包医疗专机下高原、警车开路3小时入住花钱都没位置的华西医院，30个医疗诊断条条要命却成功脱险。这一情节，
估量小说都不敢这么写，文成公主出车祸也不过如此吧！
如果此次事件无特别情况，希望上海相关单位能公布下求助渠道，让更多的平民百姓遇到危险时及时救治。有一点就是想不通，既然都是一般家庭，为什么小姑姑不出来回应一下？立刻真相大白呀！费解
对于这件事，您有什么看法？",2023-12-02 08:05:53,广东,2,wangyi
33,变相证实特权：救血槽姐是相关部门发函，单位对单位，个人无权利,"上海卫健委是否协调阿里公务员为“血槽姐”紧急献血？最新回应来了。
上海卫健委表示，他们收到的是请求援藏医生参与救治余女士的函，是相关部门发来的，而不是私人关系找来的。



看来是很多人不知道发函的意思，不了解行政公文的流程。
发函是单位对单位，个人是没有权利发函的，不管你是领导，你要发函就要走标准行政流程。
发函不具备强制性，这不是通知和命令，这是一个单位对另外一个单位的协助请求。
接收到公函的单位，必须要回执，这个回执可以是拒绝也可以是配合，但是大多情况下都会配合工作，很少有拒绝的。
发函为什么很难出现滥用职权，因为公函是单位对单位，所有事情发函方和接受方，都已经成为了部门事件，需要写回执、做登记、拟方案、做执行、成报告、归档案、季度年度都要进入部门工作总结中去，其中涉及到的部门和人员是非常广的，滥用职权这么见不得光的事，怎么他妈的能公开呢，还发公函，不要命啦。
其次，发函的流程和需要协助的部门，甭说老百姓了，就是体制内的，一般人都不知道该发到哪个单位，他们的传真号和接收联系方式，甚至这件事应该找哪个部门协助，发函每个单位有专门的负责人来去做这个工作，所以想要发函最起码你要惊动行政口的人。
发函因为是单位对单位，可以说就是每个单位的所有部门领导几乎都会知道这件事，普通人需要某单位，这个单位需要其他单位来配合，所以这个单位才会发函，而不是你自己想办法联系，然后发函，因为这事不是个人对单位，是单位对单位，是组织协调。
就这么简单的一个常识，就是抓了的那些贪官，他们做的那些脏事，都能不发函就不发函，发函的部分一定是非常正规的，现在单位也是工作能不发函就不发函，想要发函写申请，大多数情况下会被领导否掉，因为后续要写一大堆公文，还要进工作报告，要是没个结果，还可能挨批。
这样可不可以理解为，余女士家的这位“小姑姑”能量不小，不去直面卫健部门，而是“迂回”找相关部门，由相关部门给卫健委发函促成了此事？
关于上海卫健委能否帮助协调异地紧急献血？工作人员表示，异地用血需要走正常渠道，求助当地的医院，在当地申请。也就是说，公务员为“血槽姐”紧急献血，是阿里地区的自发行为。
“血槽姐”事件之所以持续引发关注和质疑，主要是余女士在社交平台称，其丈夫通过“小姑姑”联系到上海卫健委，再由上海卫健委联系阿里，从而动用了阿里所有公务人员为其献血。
在这起事件中，这位“小姑姑”到底是谁？她是否动用了“特权”，是否调用了公共资源？让我们静观其变。",2023-12-02 09:54:55,辽宁,2,wangyi
34,最新！血槽姐后续来了：父亲回应姑姑身份，网友瞬间不淡定了,"真的吗？血沟姐姐后续：父亲回应姨妈身份，网友立马坐立不安
11月30日，“公务员献血案”再次引发关注。事件发生在今年9月份。一名妇女在一场车祸中受重伤。在治疗期间，她的丈夫声称，他利用自己的关系，让上海所有的公务员人都给他献血，引起怀疑。正当全网都在寻找她阿姨，思考她的身份和背景时，女子的父亲前来解答。听到这个答案后，网友顿时坐立不安。


此次活动可谓精彩纷呈。今年9月5日，一名涉事女子在川藏线上发生车祸。他多处骨折，生命垂危。她的丈夫发微信鼓励她活下去，甚至说，在联系她时，“我姑姑利用她的关系，让上海公务员去献血”。此事引起轩然大波，上海市卫健委回应称，并未安排公务员献血。她的丈夫后来声称她对他撒了谎。
正当风波平息之际，11月30日对女子父亲的采访让“小姨妈”重新回到人们的视野，这位神秘小姨妈的身份再次受到质疑。父亲说他不太了解小姨，只知道她“退休了”。犹豫的态度不仅仅是隐瞒。
一时间，公众的注意力都集中在了这位小姑妈是谁上。他有什么样的背景和人脉，可以帮助客户与这么多机构打交道？为什么他试图避免谈论他的身份？一系列问题正在浮现。
参与事件开始的女子需要抢救治疗。她的丈夫在微信上说，她的姑姑可以联系上海市卫生健康委员会，动员该市公务员为她献血。
此番言论立即在网络上引起轩然大波。公众质疑这项“特权”是否真实，小姑妈的身份也成了一个谜。上海市卫健委回应称，未安排公务员献血，平息了第一波舆论风暴。
但有关这场争端的更多细节很快浮出水面。不少网友质疑该女子对生死的“呈现”，但她其实是想通过发表护理经历来表明自己有显赫的背景。
更有批评称，当事人屡次撒谎。女子先是夸大了视频中的事实，丈夫随后承认微信声明是引诱妻子的谎言。这无疑雪上加霜，增加了公众的不信任。
在此背景下，11月30日对女子父亲的采访无疑是火上浇油，小姨的身份也再次引发猜测。父亲声称自己对嫂子一无所知，这足以证明这些信息是被刻意隐瞒的。
他说，包机费为120万，他通过朋友和家人在短时间内筹集了这笔巨款。
考虑到普通家庭很难轻易拿出这样的数额，这无疑引发了对该女子家庭背景和背景的各种猜测。
可以说，女人是否有强大的家庭背景已经成为公众争论的中心。毕竟，这个案件可能涉及上海、西藏、四川的资源，以及航空公司、医院、应急部门、交警等相关部门的配合。这绝对不是一般人能够做到的。因此，有人猜测，这位姑姑的身份没那么简单，女方可能有资源可以利用。
此外，父亲还声称知道小姨“即将退休”。他并不了解女婿姑姑的情况，这更加剧了外界的猜疑和怀疑。对于即将退休的长老，没有必要如此遮遮掩掩。这种漫不经心的态度就暴露了端倪。再次，公众猜测嫂子是公务员，有一定影响力，因此当事人不愿透露身份，以免惹麻烦。
目前，小姑妈的身份已成为此案最大的谜团。他看似与资源调动有着密切的联系，但他却刻意不想暴露自己的身份。种种迹象让公众猜测他与统治体系有某种联系。正因为如此，有关人士都极力避免谈论此事。
距离事件发生已经快三个月了。但由于当事人及其家人的种种秘密，真相被歪曲，公众无法相信。一时间，小姨的身份几乎成了“公开通缉名单”的常客。
这件突发事件被无限放大，小姑妈的身份几乎成了不可避免的话题​​中心。公众希望得到一个解释，但涉案人员却神秘莫测。这肯定会引起更多质疑。
在这一点上，姑姑是否真的懂得如何“利用关系”，或者她是否与权力体系有着千丝万缕的联系，这并不重要。公众只是希望这起案件不要成为隐瞒真相、增加不信任的导火索。
我们不需要猜测强者的极限，而是需要基本信息的透明和话语权。这不仅关系到公信力，也关系到法治进程中追求平等和正义。
如今，小姑妈的身份不断受到质疑，也成为这起事件不可磨灭的印记。我们无法预测真相何时会水落石出，但此事所反映出来的种种问题却值得深思。我们期望公平、透明和法治。",2023-12-02 10:50:01,河南,2,wangyi
35,血槽姐最新后续：河南的记者们太不懂事了！,"阿里血槽姐的故事大家都看到了，前因后果我就不再赘述了，说说我看法吧。
首先，血槽姐的丈夫绝对是好样的，他妻子出车祸之后，当地的医院让他签了病危通知书，到后面他就一直签一直签，都不看内容了。
在阿里地区转了两家医院，医生都说救不了了，肝的大动脉撕裂，肝复合性撕裂，盆腔里面3000毫升的血。
而阿里地区的情况呢，人口密度低，血库里面没有多少血，医疗水平也不高，所以相当于是死神已经给他妻子下了通知书了。
但是这丈夫还是不肯放弃，动用一切关系想办法。
还有血槽姐她爹，据说是借钱，借了120万包机，从西藏包机到成都救命。
咱们先不管这钱到底是不是借的，毕竟借的钱也是要还的，最后这笔钱还是得他们家出。
就说他们家人对待血槽姐的这个反应，确实是情深义重啊。
其次，阿里当地的所有公务员，派出所民警，消防官兵还有部队战士，全都来给血槽姐献血，最终和死神赛跑，救下了她这条命。
这也是非常值得赞扬的，非常令人感动，都能拍出电视剧《高原鱼水情》了。
本来这是一件非常正能量的事情，毕竟咱们也经常看到新闻。
某某地方有孩子突发疾病，然后交警铁骑风驰电掣送到医院，或者是为了救助心脏病患儿，救护车跨省转运心脏。
6岁幼童遭遇车祸，一群交警来献血。



看完之后都非常令人感动。
毕竟在拯救生命面前，其他一切都可以放一放了。
可坏在坏在，血槽姐和他丈夫聊天记录中的那一句：“小姑姑牛逼”。
丈夫说了：“小姑姑联系上海卫健委，上海卫健委联系阿里部门，动用了阿里所有公务员献血，民警、消防官兵、部队官兵都积极参与献血”。
血槽姐听到此事之后，第一反应居然就是：“小姑姑牛逼。”
而不是：“哇，好感动呀，原来这么多人都在救我。”
并且，她在醒后之后第一时间并不是感谢医护人员、感谢家人、感谢那些好心人给自己献血，而是忙着在网上发视频高调装B炫耀：
“看吧，我老公牛吧，我爹牛吧，我老公的小姑姑厉害吧，可以发动阿里地区全体公务员都来献血救我！”
咱们看那些孩子突发疾病，交警铁骑风驰电掣送到医院，成功拯救了生病。
然后孩子醒了，他爹妈就告诉他：儿子啊，你当时都快不行了，救不回了，结果我打电话给了警察叔叔，是警察叔叔一路风驰电掣给你救回来的，而且你还是特殊血型，那位警察叔叔还发动了身边的同事最后找到一个血型和你相同的，给你输了血呢！
你猜这儿子听到这话之后第一反应是什么？
咱们换位思考一下，假如你是这个孩子，假如你突发疾病，你父母打电话，警察叔叔给你救了。
你听到上面这段话，你第一反应是什么？
你会说“爸妈牛逼”吗？
“哎呀，爸爸妈妈你们真厉害，一个电话连交警都可以调动呢！”
你肯定不会这么说，你只会感动的呜呜呜流眼泪，你只会感谢那些救你的警察叔叔，然后想着病好了去他们中队送锦旗。
这才是正常人的反应。
其实这两件事情都是非常正能量的事情，毕竟救人一命胜造七级浮屠呢，可是这里面只要掺杂进去一些其他的东西，那可就没那么简单了。
我刚才举了交警铁骑这么一个例子，大家做个对比，应该就能看出区别了吧。
为什么血槽姐第一反应是小姑姑牛逼，而你的第一反应却是呜呜呜好感动，谢谢警察叔叔呢？
原因很简单那，因为在血槽姐的认知里面，她觉得别人救她是应该的，因为有她老公在，因为有她爹在，因为有她小姑姑在，所以这一切理所当然。
她这种自然而然的第一反应，理所当然，又是如何形成的呢？
而你呢？
你只会觉得交警叔叔救你那是他们自愿的，是额外的，是馈赠，是他们的好人好事，发扬雷锋精神。
比如交警叔叔知道你是熊猫血之后，发动身边的同事帮你找血源，这些是你本身条件并不能拥有的资源。
因为你无法命令他们必须要给你找血，这完全都是出于别人对你的爱心和善良。
所以你现在拥有了这些额外的馈赠之后，你才会心怀感激，感动到哭。

这就是二者之间最本质的区别了。
当然后来呢，涉事女子的丈夫陶先生回应，该聊天发生在妻子抢救结束苏醒之后，因妻子伤势太重，为了鼓励她求生，他才说出这段话。
丈夫为了鼓励妻子求生，不得已编造出这么一段善意的谎言，甚至不惜夸大其词。
而这妻子呢，傻乎乎，他敢吹她敢信，居然还真就相信了。
而且还转手将此事，将这些聊天记录发到了网上。
这可太有意思了。
对于这份回应，咱们还是换位思考一下，假如你突发疾病被送到医院去了，父母为了鼓励你求生，也对你说了一个善意的谎言。
“儿子，本来你都没救了，医生都摇头了，但是我联系了你二叔，他发动了全市所有公务员来给你献血，才给你从鬼门关拉回来。”
请问你会是什么反应？

你会瞪大了眼珠子，一脸不可思议的看着他们：“爸妈，是我烧糊涂了，还是你们也病了，我二叔不是老家种地的吗？他咋调动啊？”
然后，咱们接着看他们的回应。

丈夫说：“小姑姑”并不是上海公职人员，只是妻子车祸后，当地相关部门建议他们向上海市卫健委求助。
而“所有公务员献血”是医院的工作人员帮忙发朋友圈，自己也联系了当地派出所、消防等部门求助，并非强制，
最后，医疗专机是自家出钱包的，媳妇他爹花了120万，找身边领导同事们都借了个遍。
上面是新京报的报道。
上海卫健委回应：此事不存在因私人关系等不正当因素导致的行动。
于是，网友们就都质疑了：这样的协调是不是普惠性呢？如果我也碰到了这样的情况，自己是否也可以得到同等待遇？
如果是一条正常的救助渠道，有没有公开透明的求助和申请程序？
当然咱们在这讨论讨论就行了。
结果没想到，还真就有那么个不懂事的，跑去打破砂锅问到底了。
河南日报旗下的豫视频，隶属于河南日报社，是河南日报社视频客户端。
这可是正儿八经河南官媒问的，人家是有牌照，有新闻采编权的媒体机构，可不是那些无良自媒体在造谣。
记者求助：一位普通上海人民，在外省市需要紧急医疗救助，上海市卫健委能否帮助协调当地紧急献血？
工作人员告诉记者，异地用血需要走正常渠道，求助当地的医院，在当地申请。
记者又问，被上海市卫健委协调救助的西藏车祸余女士，之前是否有这样的救助通道？
工作人员表示，自己不清楚，会将需求记录下来，会有专人在1至15个工作日内联系记者。
截至发稿无人与记者联系。
您瞧瞧这。

河南的记者真是太不懂事了。
哎。
来源：每日怡见",2023-12-02 11:44:28,广东,2,wangyi
36,上海血槽姐和深圳北极鲶鱼，总在劝退我们的热血沸腾,"九方鱼论原创观点，谢绝抄袭
作为一个纯有热血沸腾定期献血的人，最近这些天有些膈应。一想到自己忍着对扎针的不适，对血袋的恐惧，一次次主动去献血，就有点寒心。热血应该是沸腾的，是公平给予的，不是选择，不是给“权”。



献血后的於伤
整个西藏阿里献血和随后的救治行动，倒不觉得有什么不对。女主角小余确实受伤严重，她的家人想要她尽快得到救治得到新鲜血液，想要包机去获得最好的救治，都可以理解，那是他们家对她的爱。不能理解的是，通常急缺的是O型血。其他血不足时，有可能用O型。当小余需要的时候，竟然没有一点O型储备？
A型
就是在紧急时刻，他们还是想优先选择最适配的A型，还是大量用血时不能A和O混用？
想到经常看到有献 血者自家人需要的时候，总是各种限制，对女主角小余能在短时间内得到大量甚至超过需求的A，对比强烈。
小姑姑牛逼
小夫妻的聊天中，就算有吹牛成分，“小姑姑牛 逼”这事是肯定存在的。能远在上海发动阿里的紧急行动，远隔5000公里横跨最东和最西。有没有“权”字在闪耀？
5000公里
深圳的北极鲶鱼，如果她不主动说自己爷爷“感觉贪了”，家有9位数存款，谁能知道退 休16年后还能因为孙女的大意灭亲而被查出真有问 题？ 北极鲶鱼曾试图为他开脱，说他1000元的购物卡都会退回去，还会为豆腐渣而正义。就像血槽姐的爸爸和丈夫一样，想为小姑姑开脱，说不知道她做什么的，就是快退休了。
北极鲶鱼
北极鲶鱼的爷爷，终究是不老实，不忠诚。血槽姐的婆家小姑姑呢？
我们的热血沸腾，不想成为她人炫耀的工具。当这血槽姐和北极鲶鱼这样的人一个个冒出，真的会劝退热心人。",2023-12-03 08:23:45,广东,2,wangyi
37,疑点：血槽姐为何先去成都不直飞上海？华西医院肝移植全国领先…,"上海车祸余女士确实从华西医院肝移植中心出院的，累计治疗16天，眼下，上海车祸余女士的舆情还在持续发酵，重点依然是围绕着她的那个能量巨大的小姑姑。那么，这个小姑姑到底是谁呢？虽然说往常的信息有了一些眉目，但是还不能确认。



不过，此事又有新的疑点被大家所关注。比如成都的网友就说，华西医院向来一床难求，就是我们本地人住院，都要排队十天八天，那么余女士的小飞机落到成都怎么就能顺利住院并立刻治疗呢？
当然，这还不是重点，重点是飞机都搞到了，为什么要飞成都，而不是直接回上海？
关于这个问题，因为我对飞机航线审批等事情不了解，不敢妄议。但是有一条说法引起了我的强烈注意，那就是华西医院在肝移植方面是全国领先的。
而余女士车祸之中的伤情鉴定里，就有肝、脾破裂一说。如果是因为肝移植的需要去了华西医院，这个说法还是很有道理的。
但是新的问题又来了，那就是余女士怎么那么快就找到供体了呢？有人惊呼：细思极恐。
我不是阴谋论的支持者，但是也确实觉得此事很蹊跷，值得推敲。就在刚刚，有人贴出了一份疑似余女士的出院单。
我仔细看了这个图片，个人认为这个出院单就是上海车祸余女士的可能性应该在99%左右。
其一，这个单子的患者确实姓余，叫余艳雯，女性；
第二，年龄。余女士自述26岁，这个单子上写的是27岁，个人估计这应该是周岁与毛岁的关系吧。
第三，入院时间10月18日，与之前陶先生的自述吻合。
第四，患者肝破裂、脾破裂一致。
这些信息别的不说，就说姓氏，如果患者姓王、姓李，那么可能存在误会，但是余姓确实生活中并不多。
综合以上想法，我认为这个于艳雯就是上海车祸余女士的可能性极大。
那么是否可以由此说明余女士在成都做了肝移植呢？从这个单子呈现的信息看，我认为不能。具体说，余女士确实在四川华西医院肝移植中心住院治疗，但是她应该没有做肝移植手术。我的理由主要有两条：
一，不可能那么快找到供体
我们知道，余女士是突然受伤的，转院到华西医院立刻找到合适的供体，这种可能性微乎其微。
据我所知，肝移植手术有的患者需要等待几个月，有的需要等待一两年，而更多的人则是去世前根本就等不到供体。所以余女士到了成都之后立刻有供体，这种可能性极小。
二、假设做了肝移植手术，不可能16天就出院
如果余女士确实做了肝移植，从医学的专业角度讲，最快也应该在住院的第三天或者第四天进行手术，而她只在这里住院16天就出院了。
关于这一点，我就不具体解释了，大家可以自行咨询或检索。
最后说说我的观点：我认为余女士做了肝移植的可能性基本不存在，但是她能够转机到成都后迅速入住华西医院治疗，这确实有点匪夷所思。
不过在整个过程中，匪夷所思的事情多了，我们也没有必要纠结于这一件。
最后祝余女士早日康复，小姑姑早日现身。",2023-12-03 23:42:04,辽宁,2,wangyi
38,惊呆全网！女子车祸，让阿里全体公务员输血；儿子病危，父亲拔管,"一位“血槽姐”自拍视频炫耀：在西藏阿里旅游途中遭遇车祸，丈夫的姑姑用关系联系到上海卫健委，动用了阿里自治区全体公务员、民警、消防、部队官兵为她集体鲜血，并骄傲宣称，“整个阿里自治区的a型血都给你输上了”。有网友发上父亲因没钱医治，痛哭着拔掉儿子氧气管的视频，两相比较，全网惊呆。



“血槽姐”是各方神圣？她的亲戚有多大能量？
1、缺血，小姑姑托上海卫健委的关系动员阿里所有公务员、民警、官兵为她献血。
2、包机湾流G550直飞阿里接人转入华西医院。
3、到达成都，各种特种车辆开道，直奔华西。
4、经历了两次手术与10多天的icu观察，返回生天。
整个救援过程，甚至以正能量新闻上了医院的“党建园地”。“血槽姐”的视频在网上疯传，引发一位备考公务员的年轻人吐槽:“难道我们辛辛苦苦考上公务员，就是做有钱人的移动血包吗？我们的命也是命啊！”
事件在网上引起轰动后，女子的丈夫陶先生表示，妻子伤情稍有好转，昨晚，她将这次死里逃生经历制作成视频，发布在社交平台，希望能纪念一下，但遭到不少网友指责，视频已经删除。目前，妻子仍在住院治疗，因遭受指责心情低落，希望网友能理性看待此事。
有网友翻出此前发生的一段视频，正好与“血槽姐”的骄傲形成鲜明对比。
四川某医院，中年男子因无力支付高额医药费，被迫亲手拔掉儿子的氧气管，就在拔管过程中，病危中的儿子突然呼喊：“爸爸，请救救我！”
本来满怀愧疚的父亲再也无法承受，咧开大路失声痛哭起来，任由大颗大颗的泪珠打湿了儿子苍白的脸。
这是中年男子夫妇的独生子，一场突如其来的重病，让孩子患上了罕见的呼吸系统疾病，需要长期依赖氧气维持生命。可是，治疗所需的高昂医药费让男子一家陷入了巨大的困境。
面对无法承担的医药费用，男子深感无助和绝望。他能做的，只能是拔掉儿子的氧气管，这一举动与亲手杀死儿子有何区别？整个病房弥漫着父亲悲痛的哭喊声，场面令人震惊。
两段故事放在一起，更能让引发人们的伦理反思，社会对于医疗资源的分配是否公平？
在当今社会，高额的医药费用成为了许多家庭无法跨越的鸿沟，让很多人在生死之间左右为难。而对于震动全网的“血槽姐”来说，吸氧的费用能跟动用大批人员献血，专机转场、特种车辆护送比吗？不过是九牛一毛而已。
我们应该传递正能量的观念，呼吁社会关注和改革医疗体系，使得每个人都能够享受到公平合理的医疗服务。没有谁应该因为经济负担而失去生存的权利，更没有谁有特权因为有“关系”就能搞如此震动全国的特殊
这两个故事给人们带来了震撼和痛苦，是冰火两重天的感受。大风认为，人的生命对于家庭来说，是最宝贵的财富，希望每个生命都得到善待，但是在平等的基础上。",2023-11-29 16:07:06,广东,2,wangyi
39,阿里献血事件最新进展！车祸现场曝光，女方正面照流出,"真是没想到，越离谱的新闻原来越是真的啊。
上海籍女子余某在西藏阿里地区旅游时，不幸发生了车祸，危在旦夕，急需输血，但阿里地区条件有限，其丈夫通过女方的姑姑联系到上海市卫健委，再由上海市卫健委联系到阿里地区相关部门，动用当地的公务人员为其献血。



网传聊天截图，女子丈夫通过女方的姑姑多方联系，动员当地的公务人员为其献血
不得不说，这是真牛啊。
最有意思的是，人家还弄了专机把她转至四川华西医院进行后续治疗，一路都是绿灯，很多网友也是好奇，这女的谁啊，光是一个专机就了不得了
女子乘包机转移至华西医院治疗
虽然说，余某的丈夫否认了，但是照片可骗不了人啊，虽然可能和报道的有些出入，但估计也八九不离十了。
女子到四川后乘救护车前往医院抢救
看女子的照片，应该也是挺年轻的，这样的人，自己肯定没有这么强大的关系和资源。
女子正面照曝光，年纪很轻
不用想也知道，这些资源肯定是亲戚朋友的，而且还得比较年长，有实权，通过上海卫健委联系西藏地区，这也说明，该女子的关系，都是在上海的。
车祸现场照片，车辆已被撞烂
当然了，即便没有打招呼，当地医院肯定还是会全力以赴的，只不过有了这样的打招呼事情的发生，貌似就不那么对味了吧。
相关新闻
“血槽姐”哪家千金！自称在阿里病危后让当地所有公务员献血，再包机转华西！
“血槽姐”怕是要火了！
事情大概就是：网传一个名叫小余的女孩去西藏旅游，途中发生了意外出了车祸，伤势非常严重，在阿里地区人民医院治疗时甚至已经被下了病危通知书，危急时刻，她的小姑动用各种关系，先联系上海卫健委，再由上海卫健委联系阿里地区的有关部门，再让当地的公务员、部队官兵为其献血，之后还包机从西藏飞到四川华西医院进行抢救，最终活了下来。
先来看一个视频，是这个姑娘从去西藏玩，再到出车祸被送到医院抢救的大概过程。
女生被指把阿里公务员当移动血包


阿里的医院给的病危通知书
姑姑联系上海卫健委，卫健委联系阿里，动用阿里地区所有公务员献血，随后由包机送姑娘去华西医院就诊。
坐飞机到四川后，姑娘坐着车，路上还各种开道。
看看华西医院出具的出院诊断书，只能说一句“华西牛逼！”，这竟然都能救下来！
华西医院出具的出院诊断书
救人一命，胜造七级浮屠，不管是救谁，都是值得大力推广的：
女子被指乘湾流G550包机抵达四川
根据最新消息，有媒体采访到了涉事女子的丈夫陶先生，根据其描述，“我小姑姑联系了上海市卫健委，卫健委联系了阿里部门，动用了阿里的所有公务人员献血。”该聊天发生在妻子抢救结束苏醒之后，因妻子伤势太重，为了鼓励妻子求生，他才说出这段话。在妻子车祸后，当地相关部门建议向上海市卫健委求助，他们家人、朋友，包括小姑姑才去想办法联系上海市卫健委。献血则由阿里当地医院和卫健委组织，并非他们的个人行为。
对于争议较大的“全地区公务员献血”，陶先生回应，是医院的工作人员在朋友圈和群里发消息，希望有好心人去献血。自己也联系到当地派出所、消防等部门，希望得到他们的帮助，之后陆陆续续有人去血站献血。
不过，此事仍然有诸多细节值得推敲，我们也会持续跟进此事件的最新进展。",2023-11-29 16:56:23,山东,2,wangyi
40,27岁女子在西藏阿里遇车祸“所有公务员献血”救治？航空公司回应：包机到成都属实,"11月29日，一则""27岁女子在西藏遇车祸，阿里地区公务员集体献血""的消息引发舆论关注。网传消息称，该女子在西藏阿里地区车祸重伤，其丈夫通过亲戚联系到上海卫健委，再由上海卫健委协调阿里地区，安排阿里地区所有公务人员为其献血，后包机前往成都华西医院治疗，转运时间不到3小时……上游新闻（报料邮箱：cnshangyou@163.com）记者从海南经纬航空医疗急救站了解到，该司承担的包机转运情况属实。
网传内容中提到，女子姓余，其丈夫的小姑姑是上海市卫健委工作人员，女子在阿里出车祸后，上海市卫健委联系了阿里部门，动用了阿里的所有公务人员献血。在余姓女子发布的视频中，还附上了航空公司为其包机成功转运成都后发布的官方信息图片。


航空公司官方发布转运情况 图片来源/视频截图
上游新闻记者注意到，在海南经纬航空医疗急救站发布的官方信息中，运输时间与余女士发布的入院时间吻合，而其诊断报告中提到的病情，也与航空公司发布的""肝脾破裂、胰腺损伤、多发肋骨骨折、失血性休克""情形相似。余女士还在视频中特别标注，航空公司的信息将""余""写成了""徐""，""我不叫小徐，叫小余""。
这段1分多钟的视频在网上扩散后引发舆论关注。
余女士丈夫陶先生在回应媒体时表示，他的小姑姑不是上海公职人员。只是在妻子车祸后，当地相关部门建议向上海市卫健委求助，他们家人、朋友，包括小姑姑才去想办法联系上海市卫健委。献血则由阿里当地医院和卫健委组织，并非他们的个人行为。
网传聊天内容称，阿里全体公务员参与献血 图片来源/视频截图
有媒体报道，上海官方表示，经调查，事发时卫健部门接相关部门函件，请求正在西藏日喀则市的援藏医生前往涉事医院参与救治。此事不存在因私人关系等不正当因素导致的行动。
对于包机转运情况，上游新闻记者以有病人需要转运为由联系到海南经纬航空，问及该司公众号发布的转运情况是否属实时，客服人员表示所发布内容均是实际转运的案例，但具体情况不便透露。
根据海南经纬航空发布的信息显示，新婚不久，小余把蜜月旅行的目的地选在了阿里，不成想遭遇严重车祸，肝脾破裂、胰腺损伤、多发肋骨骨折、失血性休克……救女心切的余爸爸当即定下了湾流G550公务机包机送人。10月18日清晨， 机组与医疗团队自杭州萧山国际机场出发，从西藏阿里地区人民医院接到小余后，经过不到3小时飞行降落在成都双流机场，当晚小余即在华西医院完成各项检查。
网传执行转运的飞机 图片来源/网络
对于转运流程，海南经纬航空客服人员称，需提供病人诊疗情况，航空公司会根据病人的病情协调医生和飞机前往当地，当地医院和目的地城市的医院都需要安排车辆对接。具体费用要根据机型、病人情况和所需要的医疗设施确定。
上游新闻记者 时婷婷
媒体评论
“动用所有公务人员献血”，如此炫耀让人如何“理性看待”
“动用所有公务人员献血”，日前，一名女子在短视频平台自述在外地旅行期间车祸重伤，为救治她，丈夫及家庭几经辗转救治，甚至动用事发地“所有公务人员献血”。相关说法引发网友热议后，当事女子丈夫出面否认相关说法，并“希望网友能理性看待”。
大难不死，当然值得庆幸，但也有一句老话，叫“祸从口出”。
先不管当事女子编辑、发布短视频的初衷究竟为何，自我鼓励“好好活”也好，犹抱琵琶炫耀也罢，客观上确实引发了舆论的围观。按照当事女子家人说法，彼时对其编造所谓“咱家有人”的各种说法，旨在鼓励其求生，可问题在于，在当事人病情已有明显好转，可以亲自动手拣选、编辑美图，配音乐发到网上的时候，家人亦未对前期“善意的谎言”做及时澄清，这恐怕是涉事家庭相关情况被众人围观、热议的主要原因。
说起来，此番看似新闻后续“辟谣”的各种说辞，事实上并不符合具体这一个案的因果逻辑。“动用所有公务员献血”等说法被传得沸沸扬扬，从始至终都并非什么“网传”，而是当事人亲手制作的图文“自述”，作为当事一方的亲属当然可以出面否认相关说法，甚至不排除为此出示证据，但这却不是一句“不实”就可以让众人散去的。
不管涉事一方最开始的“善意谎言”究竟是出于什么目的，都因为其不恰当的说法和做法，给事发地各方机构带来巨大伤害，给公众造成相当程度的误导，这需要在澄清基础上，为浪费舆论资源、撩拨网友情绪的行为公开郑重致歉，而不是貌似事不关己一样呼吁网友“理性看待”。
网友为什么会格外反感那种疑似炫耀的社交平台内容？因为在这种完全自爆的焦点事件中，无时无刻不透露出炫耀背后的权力阴影。包括此番家属为鼓励病人求生而创作的这一段“咱家有人”爽文，其精神内核也透露出鲜明的权力崇拜与对特权的意淫。起码在涉事家庭的某种潜意识里，“咱家有人”、可以“动用所有公务人员献血”等标签化意象，也是属于能给病人鼓劲加油、带来精神愉悦的内容。
更何况，不是什么引发网络热议的话题都一定是普通网友在那里看图说话、牵强附会，也存在一些为各种目的而进行的无脑炫耀。不能所有新闻的后续澄清，都推给“网传”，再用一句“不实”来善后，是非对错既然这么清楚，做错事一方也就必然需要一句真诚的道歉。
当然，目前呈现出来的相关说法、解释，还需要进一步查证。比如被作为“家里有人”噱头来安慰病人的那位神秘小姑姑，虽然当事人亲属否认其为公职人员，但彼时能作为噱头说出来的这位亲属，为何可以在这一套精心编纂的说法里逻辑自洽、不让人觉得突兀？因为事关社会公共资源的公平使用，一个普通患者家庭在短时间里高效率调动多地卫健委、医院等部门，有必要在已经被网络聚焦的情况下做必要说明，比如拉出一份多地多部门协同、衔接的具体时间轴，作为对社会公共事件的一种正面回应。",2023-11-29 17:04:18,重庆,2,wangyi
41,上海女子在西藏阿里严重车祸，全阿里地区公职人员为其献血？,"最近有一个事儿很火，在短视频平台上有一个女子发了个视频，然后被网友骂了。
大意是：一上海籍女子在短视频平台上自称在西藏阿里地区因车祸重伤，其丈夫通过小姑姑联系到上海市卫健委，再由上海市卫健委联系到阿里地区相关部门，动用阿里地区所有公务人员为其献血。



该女子丈夫回应如下：
1、他小姑姑不是上海公职人员。
2、妻子车祸后，当地相关部门建议向上海市卫健委求助，他们家人、朋友，包括小姑姑才去想办法联系上海市卫健委，献血则由阿里当地医院和卫健委组织，并非他们的个人行为。
3、“全地区公务员献血”，是医院的工作人员在朋友圈和群里发消息。
4、献血不是强制的，都打过电话、征求过意见。剩下的血也会被存在医院血库。
5、妻子的父亲联系了医疗专机，自家出钱将妻子运下高原，目前妻子还在上海住院。
6、妻子仍在住院治疗，因遭到指责心情低落，已经哭过一次。
目前该女子的账号已找不到，图片为网友截屏。
小编觉得，他们家是不是特QUAN不知道，但是这位女士真的很爱炫耀，视频截图特意放了小姑姑动用卫健委权利为她献血的，还有回复：“小姑姑牛”，很难不说是那视频是为了炫耀自己的特quan，而观看视频的网友大都是普通人，自然代入为那些“被迫”献血的春生（《活着》里给县长老婆献血死掉的福贵孙子）们。
假如视频一开始是为了感谢为自己献血的阿里地区人民群众，那就不会被骂血包姐了。
©1997-2023 网易公司版权所有About NetEase",2023-11-29 21:22:45,陕西,2,wangyi
42,西藏阿里“全体公务员”为车祸女子献血？多方回应,"近日，网传一上海籍女子在西藏阿里地区因车祸重伤，为救治她，其丈夫通过亲戚联系到上海市卫生健康委员会（下称“上海市卫健委”），再由上海市卫健委联系到阿里地区相关部门，动用阿里地区所有公务人员为其献血。11月29日，涉事女子的丈夫陶先生告诉记者，上述情况不属实。
丈夫回应：为鼓励妻子求生，才说出这段话
聊天记录截图显示，陶先生告诉妻子，“我小姑姑联系了上海市卫健委，卫健委联系了阿里部门，动用了阿里的所有公务人员献血。”陶先生告诉记者，该聊天发生在妻子抢救结束苏醒之后，因妻子伤势太重，为了鼓励妻子求生，他才说出这段话。


陶先生称，事实上，他的小姑姑不是上海公职人员。只是在妻子车祸后，当地相关部门建议向上海市卫健委求助，他们家人、朋友，包括小姑姑才去想办法联系上海市卫健委。献血则由阿里当地医院和卫健委组织，并非他们的个人行为。
对于争议较大的“全地区公务员献血”，陶先生回应，是医院的工作人员在朋友圈和群里发消息，希望有好心人去献血。自己也联系到当地派出所、消防等部门，希望得到他们的帮助，15日至17日，陆陆续续有人去血站献血。
“献血不是强制的，都打过电话、征求过意见。剩下的血也会被存在医院血库，不是只给我们用。”陶先生说，在援藏医生的建议下，10月18日，妻子的父亲联系了医疗专机，自家出钱将妻子运下高原，目前妻子还在上海住院。
陶先生回忆，10月14日，他与妻子驾车旅行，在海拔5000多米的地方出现高原反应，缺氧后晕厥，出了车祸，妻子被安全带勒到腹部，导致肝脏破裂、腹腔出血，情况危急，被送往阿里地区人民医院。
“阿里人口密度低，血库没有多少血，医院就为我们开通了绿色通道筹血——只要是生命垂危的老百姓，医院都会开通。”陶先生说，自己与妻子的户籍地都在上海，阿里地区医院和卫健委工作人员告诉他，当地医疗手段不高，医院在想办法，“你们也要自己想办法。”工作人员建议他们联系上海市卫健委，请援藏医生来支援。
“我们通过朋友、亲戚，辗转联系到上海市卫健委。10月16日，上海援藏的医生来到医院为我妻子会诊。”陶先生说。
血站：不仅有公职人员自发献血，也有民众
阿里地区人民医院工作人员告诉记者，14日晚，涉事女子入院接受救治。该女子肝脏破裂严重，亟须手术。术中，女子出血大约2000毫升，输入了8个单位红细胞悬液、800毫升新鲜冰冻血浆。此后至18日，该女子又输入了13.5个单位红细胞悬液、1950毫升新鲜冰冻血浆和1000毫升全血。
阿里地区中心血站工作人员回忆，当地人口稀少，血站库存不足，在接到医院通知该女子因手术需要大量储蓄血液后，多方动员组织献血，自发献血者不仅有当地公职人员，也有民众。该工作人员同时表示，此前也遇到过为救人组织献血的情况 ，但该女子受伤严重程度较为罕见。
11月29日，阿里地区行署办公室一名工作人员表示，网传信息夸大，确实有干部职工为受伤女子献血，但没有组织全体干部职工给其献血。
阿里地区相关部门工作人员告诉记者，这次献血是当地干部群众的自愿行为。“我们当地人口不多，平时看到朋友圈里有需要献血的消息，干部群众都会出于好心主动去献血，不论是谁需要，这次也一样，并不是像网络传言那样强制去献血。”
记者从上海相关部门获悉，经调查，事发时，卫健部门接相关部门函件，请求正在西藏日喀则市的援藏医生前往涉事医院参与救治。此事不存在因私人关系等不正当因素导致的行动。
陶先生告诉记者，近日，妻子伤情稍有好转，昨晚，她将这次死里逃生经历制作成视频，发布在社交平台，希望能纪念一下，但遭到不少网友指责，目前，视频已经删除。现在妻子仍在住院治疗，因遭到指责心情低落，已经哭过一次。他希望网友能理性看待此事。
海南经纬航空：女子父亲定下公务机包机转运
对于包机转运情况，记者以有病人需要转运为由联系到海南经纬航空，问及该司公众号发布的转运情况是否属实时，客服人员表示所发布内容均是实际转运的案例，但具体情况不便透露。
根据海南经纬航空发布的信息显示，新婚不久，小余把蜜月旅行的目的地选在了阿里，不成想遭遇严重车祸，肝脾破裂、胰腺损伤、多发肋骨骨折、失血性休克……救女心切的余爸爸当即定下了湾流G550公务机包机送人。
10月18日清晨， 机组与医疗团队自杭州萧山国际机场出发，从西藏阿里地区人民医院接到小余后，经过不到3小时飞行降落在成都双流机场，当晚小余即在华西医院完成各项检查。
对于转运流程，海南经纬航空客服人员称，需提供病人诊疗情况，航空公司会根据病人的病情协调医生和飞机前往当地，当地医院和目的地城市的医院都需要安排车辆对接。具体费用要根据机型、病人情况和所需要的医疗设施确定。
来源 | 羊城晚报•羊城派综合新京报、上游新闻、大河报
责编 | 陈婉允
编辑：陈婉允
来源：羊城晚报•羊城派",2023-11-29 22:14:10,广东,2,wangyi
43,27岁女子西藏旅游时车祸重伤，阿里地区动员全体公务人员献血？多方回应,"11月29日，一则“27岁女子在西藏遇车祸，阿里地区公务人员集体献血”的消息引发舆论关注。
网传阿里全体公务人员为一女子献血
当事人家属否认

记者了解到，10月中旬，余姓女子在西藏阿里地区旅游时遭遇车祸，需大量输血。在治疗一个多月后，余女士的伤情稍有好转，11月28日，她在社交平台发布视频，讲述了自己的这段经历。
视频中提到，其丈夫的小姑姑是上海市卫健委工作人员，余女士出车祸之后，上海市卫健委联系了阿里地区的相关部门，动员了该地区所有公务人员献血。


网传聊天内容提到，阿里全体公务人员参与献血（视频截图）
对此，余女士的丈夫陶先生表示，他的小姑姑不是上海公职人员。妻子出了车祸后，当地相关部门建议向上海市卫健委求助，因此，家人、朋友还有他小姑姑，才去想办法联系卫健委。献血则是由阿里当地医院和上海市卫健委组织，并非他们的个人行为。
阿里地区行署办公室：部分干部职工自愿献血，网传信息有夸大
11月29日，阿里地区行署办公室一名工作人员告诉大河报·豫视频《看见》记者，网传信息有些夸大，确实有干部职工为受伤女子献血，但没有组织全体干部职工为其献血。
随后，一名刘姓主任向记者解释，据他了解，是该女子的家人在朋友圈发布了需要献血的信息，有人据此做了条新闻出来，当地有干部职工看到后自愿为其献血。
刘主任介绍，阿里地区医疗条件相对落后，血液库存本来就很紧张，如果有人求助，很多干部职工都会自愿献血。
对于是否会对余姓女子发布到网上的信息进行回应，刘姓主任表示，当地网信部门正在关注这个事情。
当日，记者也联系了阿里地区中心血站，一名工作人员表示，血站只负责采血、检测、供血，其他的事情不便回应。
航空公司：包机转运情况属实
此外，余女士发布的视频中还提到，家人包机将其送往成都华西医院治疗。视频中，还附有航空公司将其转运成都后发布的文章截图。
记者注意到，在海南经纬航空医疗急救站发布的官方信息中，提到的运输时间与余女士发布的入院时间相吻合，而余女士诊断报告中提到的病情，也与航空公司发布的“肝脾破裂、胰腺损伤、多发肋骨骨折、失血性休克”情形相似。视频中还特别标注，航空公司误将“余”写成了“徐”，“我不叫小徐，叫小余”。
11月29日，上游新闻记者从海南经纬航空医疗急救站了解到，该司承担的包机转运情况属实。
海南经纬航空发布的文章写道，新婚不久的小徐，把蜜月旅行目的地选在了阿里，没想到遭遇严重车祸，肝脾破裂、胰腺损伤、多发肋骨骨折、失血性休克……救女心切的徐爸爸当即定下了湾流G550公务机包机送人。10月18日清晨，机组与医疗团队自杭州萧山国际机场出发，从西藏阿里地区人民医院接到小徐后，不到3小时，飞机就降落在成都双流机场。当晚，小徐即在华西医院完成各项检查。
来源：综合上游新闻 大河报·豫视频 新京报
编辑：张扬扬
审核：郑伟、孙殿洋
监制：孙帅
《直播海南》视频号推荐",2023-11-29 23:19:38,海南,2,wangyi
44,网传西藏阿里全体公务员为车祸女子献血，更多猛料相继曝光,"大致过程

10月17日，一名来自江苏的女子在阿里地区遭遇车祸，被包机送往当地医院，因为缺血而危及生命。


10月18日，有网友发动态称，阿里全体公务员为该女子献血，感动无数网友，引发热议。
10月29日，据新京报报道，涉事女子的丈夫陶先生称，上述情况不属实，他们并没有得到阿里公务员的献血帮助，而是自费租用医疗专机将妻子转移到上海治疗。
“各种开道”是什么意思？有特权？
有相关媒体也介入调查。
有网友爆出转运报价单。
事件细节
陶先生和妻子是一对爱好旅游的夫妻，他们计划在国庆节期间环游阿里，10月17日从拉萨出发，前往阿里地区。
在前往阿里的途中，他们的车辆与一辆货车发生了追尾，妻子受到了重创，头部和胸部均有严重的损伤，失血过多，陶先生也受了轻伤。
他们被送往阿里地区人民医院，医生诊断妻子为颅脑损伤、肺挫伤、多发性骨折等，需要快速进行手术，但是由于当地血库缺乏A型血，无法为妻子输血。
陶先生在群里求助，希望有A型血的人能够前来献血，同时联系了妻子的父亲，寻求其他的救助方式。
有位网友在网上发了一条动态，称“阿里全体公务员为一遇车祸女子献血”，并配上了几张献血的照片，这条动态很快被转发和点赞，引发了网友的关注和赞扬。
陶先生在得知这条动态后，感到不解，他说他并没有见到阿里全体公务员来献血，也没有收到他们的任何帮助，他认为这是一种夸大其词的说法，不符合事实。
陶先生的妻子在当天晚上进行了手术，手术成功，但是由于高原缺氧的影响，妻子的病情并没有好转，医生建议将她转移到内地的医院进行治疗。
陶先生的岳父联系了一家医疗专机公司，自费租用了一架医疗专机，将妻子从阿里转移到上海的医院，目前妻子还在上海住院，病情有所好转。
有网传消息称，该医疗专机是由“经纬航空医疗”提供的，该公司是一家专业从事高原地区医疗救援的公司，曾经为阿里的许多患者提供过救助。
事件发生的原因存在多方面因素
事实上，阿里公务员的动态并没有恶意的夸大其词，他只是想表达自己和同事的善意同情，也没有想过要得到任何的回报和赞扬。
陶先生后来也在动态上澄清了自己的说法，表示并不是所有的公务员都来献血，只是当地所在的部门的一部分人员，陶先生也向公众表示了歉意。
对此，你对阿里献血事件有何看法。",2023-11-29 23:20:36,广西,2,wangyi
45,救人为要!新婚夫妇在阿里遭遇车祸急需用血!沪卫健委:无因私行动,"↑↑↑觉得还不错，随手订阅我们吧↓↓↓



民声天下11月30日上海快讯 血液，是生命的源泉，健康的血液是送给亟待挽救生命患者最温暖的礼物。当市民献出承载着爱心的一袋血液时，不仅挽救了一个濒危的生命，也可能挽回了一个因病即将破碎的家庭。然而，日前在网络上曝出的一则上海新婚夫妇在西藏阿里地区蜜月时，不幸发生车祸。当地在家属通过上海卫健部门协调下，事发地组织公职人员献血，最终得以生还的消息，一时间引发社会广泛关注。对此，相关部门及时回应外界关切。
“民声君”从上海相关部门了解到，经调查，事发时，卫健部门接相关部门函件，请求正在西藏日喀则市的援藏医生前往涉事医院参与救治。此事不存在因私人关系等不正当因素导致的行动。
值得一提的是，对于网络上流出的病患家属相关言论，包括医务人员在内，很多公众提出了相关的质疑。当前，各类库存血液在部分区域难以满足辖区医疗机构临床用血需求，这已是不争地事实。
在该事件中，躺在病床上等待用血的女患者生命一度岌岌可危，其家属心急如焚的情况，并未被外界不能理解。只是，后续所衍生出的各种“操作”“环节”，成为公众“吐槽”的焦点。（责编/翔宇）
*编者注：
以上文字，旨在传递更多最新资讯。
（您可将相关线索私信我们，也可在文章末尾评论留言即可将您手中的相关线索第一时间反馈。）
万众一心！科学防控！守望相助！共克时艰！
【互动话题：你对此怎么看？】
↓↓↓欢迎在底部留言，发表您的见解。↓↓↓",2023-11-30 12:04:17,北京,2,wangyi
46,27岁女子遇车祸，西藏阿里“所有公务员献血”救治？回应来了,"据网传消息，小余在阿里地区遭遇车祸后，由于伤势严重，当地的医疗条件无法满足她的救治需求。于是，她的家人和朋友们决定向远在上海的亲戚朋友们求助。他们联系上了上海市卫健委，请求他们协助安排救援。



在这个关键时刻，上海市卫健委没有犹豫，立即与阿里地区相关部门进行了协调。一场跨越千里的生命救援行动就此展开。
阿里地区的公务员们得知消息后，纷纷挺身而出，愿意为小余献血。他们组织起了一个大规模的集体献血活动，用自己的热血为小余的生命加油。
海南经纬航空也接到了求助信息。他们立刻行动起来，安排了一架包机，准备将小余从阿里地区转运到成都华西医院。这个包机任务并不简单，因为它需要克服重重困难，包括高海拔、复杂的气候条件以及长时间的飞行等。
海南经纬航空的机组人员和医疗团队从杭州萧山国际机场出发，朝着西藏阿里进发。他们顺利地接到了小余，然后开始了漫长的飞行之旅。经过不到3小时的飞行，飞机降落在成都双流机场。此时的小余已经虚弱不堪，但她仍然坚强地挺过了这一关。
华西医院早已为小余做好了充分的准备。医生们迅速展开救治，为她进行了全面的检查。检查结果显示，小余的伤势比想象中的还要严重。她的肝脾破裂、胰腺损伤、多发肋骨骨折、失血性休克等问题需要立即手术治疗。
在接下来的日子里，海南经纬航空的医疗团队一直陪伴在小余身边，为她提供了全方位的照顾。他们还与华西医院的医生们紧密合作，共同为小余制定了一套科学的治疗方案。
经过一段时间的治疗和休养，小余的身体逐渐恢复了健康。她感激涕零地向所有参与救援的人员致谢，并表示自己将永远不会忘记这段经历。
这场生命救援行动中，上海市卫健委、阿里地区公务员、海南经纬航空以及华西医院等各方人员都付出了巨大的努力和牺牲。他们用自己的行动诠释了什么是人间大爱，什么是生命的价值。
这场救援行动的成功也让我们看到了人间的温暖和力量。在面对生命危机时，各方人员都能够放下个人利益，齐心协力地为小余提供帮助和支持。这种团结一心、无私奉献的精神值得我们学习和传承。
这次事件也提醒我们要珍惜生命，关爱身边的人。无论身处何地，我们都应该关注身边的人和事，尤其是那些需要帮助的人。让我们用爱心和行动去温暖这个世界，让更多的人感受到人间的温暖和关爱。
我们要向小余及其家人表示最诚挚的祝福和问候。愿他们能够早日走出阴影，重新开始新的生活。也要向所有参与救援的人员表示最崇高的敬意和感谢。他们用实际行动诠释了什么是真正的英雄和勇士。",2023-11-30 16:36:41,山西,2,wangyi
47,阿里献血事件后续：车祸现场曝光，多图还原事件经过！,"“信她还是信我是秦始皇”
上次看见这个句话的时候还是早期一些诈骗信息编出来的话术，没想到如今成为了网络热梗，不过这句话是真的很贴合这件事啊！
近日，一女子声称“动用所有公务人员献血”的事情大家应该都看见了吧！不得不说这位上海公主是真的厉害。



事件经过
11月29日，一名女子的聊天记录火遍网络，大概内容就是这位上海公主在西藏阿里进行蜜月旅行期间，遭遇车祸重伤，身体多个器官破裂出血。
为救治她，男朋友和她小姑姑动用关系。先是联系上海卫健委，再由上海市卫健委联系到阿里地区相关部门，动用阿里地区所有公务人员为其献血。
据悉一共献血7000ML，全身换了两次血，续命成功。但看聊天记录就是一整个震惊住了，能动用这么多关系，可不是一般人。
此事一出，引发舆论哗然！众多人开始猜测这位小姑姑的身份和其丈夫的身份，眼见舆论发展控制不住，当事人站出来辟谣了。
不辟谣还好，一辟谣更说不清了，甚至可以说整件事情就是真的。
现场画面
女子老公解释
首先是女子老公解释这件事：原话是：“截图聊天内容是发生在妻子抢救苏醒之后才说的，当时妻子伤的很严重，也为了鼓励妻子求生，他才说了这么一段话”。
好吧，姑且信了。
接下来，又说女子的小姑子并不是公职人员，就是一名普通亲属，发生车祸后，陶先生联系家人和朋友帮忙，而小姑子则是想办法联系了上海卫健委，得到了卫健委的帮助。
上海卫健委接到求助后，给在西藏的援藏医生打电话，让对余女士提供帮助。
这一说，上面的解释无效，毕竟谁这么有能耐请得到卫健委啊！
现场
官方回应
看着解释不通，官方发文回应了虽然是辟谣，但文章怎么看怎么像是承认。阿里首先地区相关部门工作人员接受记者采访时表示：
献血是当地干部群众的自愿行为，是按流程来的，没有特殊情况。‘’
上海相关部门表示事发时卫健部门接相关部门函件，请求正在西藏日喀则市的援藏医生前往涉事医院参与救治。此事不存在因私人关系等不正当因素导致的行动。
面对如此解释，还是有人不买账，女子父亲也做出回应了
女子爸爸解释百万包机一事
有网友提到所谓的“高价包机转院”一事，这时，女子爸爸站出来了，说自己只是个单位司机，家里并非富贵家庭。
但看着女儿情况紧急，于是借的钱包机治病，阿里地区花了7万，包机花了120万，四川华西花了将近10万。
其实医疗花费并不高，主要花费在包机上，3小时直接从西藏阿里到四川华西。
网友热议：
评论区还挺有意思，经典热梗出现了，有网友说：
“春生啊，我只有一个儿子”
还有网友说：“如果告诉我献血为了救一个人我应该会去，可是她拿来炫耀，这样真的很生气”
结语
其实，事情的前因后果已经很明了了。至于是不是女子用词不当、描述不轻，从而造成了网友的误会，大家仁者见仁，智者见智。
当然“公务员献血”在阿里当地并不罕见，为了救危重病人，他们纷纷自愿献血，这种善良的做法应该表扬，这也看出我国基层组织有责任有担当。
最后不管怎么样，还是希望伤者身体健康！
对此，你怎么看？",2023-11-30 17:31:20,陕西,2,wangyi
48,上海女子自驾游西藏阿里发生车祸，发视频炫耀公务员集体为她献血,"


上海女子到西藏阿里地区旅行出车祸，当事人发视频晒图，家里小姑子动用关系，让西藏阿里地区全体公务员给献血，事情冲上热搜，引发网友讨论，当事人丈夫辟谣说（情况不属实），事情到底怎么回事呢？
1、上海一位女子喜欢旅行，追求诗和远方，向往各地美食美景，近日改女子在（某音）平台发布啦一条视频，视频用照片制作成，分享啦与丈夫新婚度蜜月旅行一路上的美好记忆，沿途都是以各地美食为主：吃过西安的油泼面，新疆的抓饭，喝过克拉玛依的咖啡，路上好吃的美食根本停不下来，女子自称一天吃八百顿。
﻿风景一路上有骑马、风景大好河山、各种游玩项目，看过喀纳斯秋色，高原上满天的繁星，西藏阿里绝世美景，这趟蜜月旅行着实让人羡慕，美景美食配美人，那就是一场人生完美的旅行。
2、“天有不测风云 ，人有旦夕祸福”当女子和丈夫蜜月旅行告别美丽的新疆，自驾游新藏线进入西藏阿里，结果发生了旅途车祸，（车祸事发时间根据媒体采访当事人表述是2023年10月14日）女子在视频里图片上著名撞车之后，人一直迷迷糊糊，一路上得到好心人帮助，第一时间有人送氧气撑着上救护车，到了阿里地区医院，人已经昏迷没意识，签了病危通知书，生死攸关，好在有一个好丈夫，好父亲，丈夫小姑子救了她一条命。
3、根据女子发视频聊天截图显示，当时女子严重缺血，打开肚子肝脾破裂，血液不够、阿里人民医院说和他丈夫说救不了，丈夫联系小姑子帮忙，小姑子联系了上海卫健委，上海卫健委再联系了在阿里援藏医生帮忙到现场抢救，视频聊天截图显示，动用了阿里地区全体公务员献血，说阿里地区献血志愿者A型血都给她输上了，换了两次血，（共7000毫升左右），就是这样一组聊天记录，然后被网友截图，质疑女子背后家庭富贵，千金小姐。

4、根据《长江日报》报道：女子出车祸之后，女子父亲第一时间得知消息，几乎崩溃，立马从上海乘坐飞机到达西藏拉萨，16日在阿里人民医院见到了自己女儿，女儿伤情依然严重，在阿里人民医院治疗大约花费7万元人民币，当地医院工作人员建议他包机转院治疗。
后面车祸女子父亲想尽一切办法，媒体报道筹措花了120万元包了一辆名为（湾流G550公务机由海南某航空医疗急救服务公司提供），目前航空公司证明了包机转院重伤女子情况属实，从西藏阿里转院到成都（华西医院治疗，当事女子父亲2023年11月29日回应，在成都治疗费用大约花费10万元左右），女儿在成都伤情稳定之后，父亲租下一辆空间很大的商务车，费用2000多元，全程2000多公里，大约行驶26个小时到达上海，目前女子在上海交通大学医学院附属新华医院接受治疗，目前全部治疗费用、各种转机费用、包车费用共花费在160万元以内。
女子父亲还特意说明了自己家庭情况：他们家包含女婿家，都没有公职人员，受伤女儿只是上海某镇上一名银行工作人员，她只是一个在单位开车的司机，临时找亲戚朋友筹借钱给女儿包机转院，救人要紧，不存在贵族家庭，有钱人家，让网友消除疑虑。
包机转院问题，根据《上游新闻》发布消息：受伤女子蜜月旅行遇车祸，父亲爱女心切，想尽一切办法，包了这架飞机，2023年10月18日，（湾流G55）公务机组人员从和医疗团队从萧山国际机场起飞前往西藏阿里，把女子从阿里接到成都的某家医院检查，西藏阿里到成都大约同时3小时，据媒体报道，这家商务机从事这个包机服务病人都根据伤员情况和路线决定的，不同情况收费不一样。
5、面对突如其来的网友质疑声音，动用关系让阿里地区全体公务员献血事件，女子炫家庭关系，小姑子后台工作关系，当事女子丈夫作出啦回应：称当时他老婆发生车祸伤情严重，一直陪伴照顾，为了让女子快速好起来，振作精神，就自编自演啦这么一则故事，说者无意听者有心，女子就把这事当真了，受伤女子2023年11月29日就将这则与丈夫聊天记录发在网上，引起网友质疑，所以麻烦都是自己找的，如果不发这则聊天记录，安心治疗养伤，多么好的事情，目前当事女子丈夫称，遭遇网友曝光吐槽，引发女子心情低落，还哭过一次，原视频已经删除。
这个事情遭遇网爆，一切都是自己找麻烦，这不是别人无中生有，也不是造谣，目前虽然全体官方媒体，女子丈夫都回应了这是一个玩笑，辟谣证实已经无法说服网友，有网友建议阿里地区把献血者名单公布出出来，让谣言和质疑声音不攻自破。
然而女子动用阿里地区全体公务员献血事情，是大众网友最关心的事情，到底真假如何，根据《大河报》报道：西藏阿里人民医院有工作人员回应：当时女子需要输血，就像医院职工和社会求助，10月15人就有人来献血，参加献血的大约10来名公职人员，不存在全体公务员献血，最终凑够了女子所需要血量，并且献血也是自愿没有强求。
这个事情首先女子受伤女子如今身体恢复向好，但是事情导火索就是自己点燃的，按照女子丈夫，父亲回复，以及阿里人民医院证实，目前看来不存在说动用关系，都是在生死边缘好心人主动献血贡献一份爱心，只是女子把这段话发出来当炫耀的资本，导致让一些网友看了让献血让人寒心、就算是开玩笑，作为一个成年人不应该这么开玩笑炫耀的，是应该感谢在死神面前让那些好心人为你献血出手相助，只能说吹牛吹大了，网络就是一个全民监督地方，不要随意发挥，一切网络质疑之声得自己买单。
尽管现在全网官媒都采访了当事人，都给辟谣了，网友们依然很难消除质疑，来看看网友们看法：
1、如果各方都换种说法呢？“上海女子于阿里突遇车祸，生命危急，血库告急！在伤者家属的求助下，上海卫健委紧急联系阿里地区卫健委号召义务献血，地区干部得知后积极响应号召，纷纷前往医院献血。据了解，在得知自己全身几乎更换3次血液后，伤者躺在病床上感动涕零。这次紧急输血抢救伤者的案例，不但验证了我国各级卫生部门之间强有力的联动机制，更凸显了地方干部无私奉献，全力保障人民群众生命安全的伟大精神。”
2、尊重生命，不管是用的什么方式，都是为了挽救女孩子的生命，别人能花120万救自己的女儿也是别人的事，救人一命，胜造七级浮屠。所有鲜血的不管是公务员还是群众都是最棒的。
3、小姑姑太热心了，上海卫健委太热心了，当地政府太热心了，警察蜀黍太热心了，希望每一个不幸的人都有热心的人施以援手。
4、对于这件事挺好的，未来可能还有这样的病人需要救治，麻烦卫健部门和家属把这种及时救援联系方式和方法公布一下，帮助更多的人。

5、同样作为一名父亲，我为你的行为跟能力点赞。你应该受到尊重的。
6、 作为一个中华传承民族.你们应该感受到的应该是一个父亲的大爱.如果这一切合法，咱们应该多感受这父爱的伟大。
你对女子旅行遇车祸，献血救命，本身旅行就是一个开心事情，没想到突发事件，最终本是出于一个正常发视频记录一下这次旅行事情，没想到最终造成网爆。你对此有什么看法？欢迎留言，讨论，关注我，每天分享不同的旅行世界。  #网传西藏阿里公务员为一女子献血#
备注：（本文图片来自网络）",2023-11-30 18:32:48,云南,2,wangyi
49,阿里地区全部公务员为车祸女子献血，是善意的谎言：内容简化所致,"


11月29日，一则关于西藏阿里地区全部公务员为车祸女子献血的消息在网络上引发热议，很多人都在质疑这家人背后的背景。随着舆论的不断发酵，网友们争论不休。有记者对此进行了调查，揭开了真相的面纱。
事情经过是这样的：一名女子在阿里地区遭遇车祸，伤势严重，需要大量血液救治。女子的丈夫表示，全阿里地区的A型血都被用上了，共计7000多毫升，全身换了两次血。然而，这一说法被质疑，网友们争论不休。
随着舆论的发酵，女子的父亲出来解释，表示自己并非富裕家庭，只是一个普通老百姓。截止目前，女儿治疗费用共计花费了160万，其中，在阿里地区花费了7万，转院至成都华西医院后又花费了10万。女子父亲还表示，为了救治女儿，他联系了航空公司，包机转院至更好的医院。此外，他还向亲戚朋友借钱，包括自己的单位领导。
女子父亲透露，无论是自家人还是女婿家的亲属，都没有公职人员，而女儿也不过是镇上银行的职员。当时为了救女儿，亲友都想尽了办法。他还回忆说，当时到拉萨后下起大雪，飞机延误，机场警方建议开车去阿里，但由于要20个小时的车程，他还是选择了坐飞机。
最后，女子的丈夫公开向大家致歉，称是妻子发布的内容简化了事情的经过，导致了误会。女子的丈夫陶先生表示，这些话是妻子被抢救后，为了让她振作起来，谎称小姑姑联系了上海市卫健委，让卫建委联系阿里地区，动用所有公务员献血。实际上，陶先生的小姑姑并非上海公职人员，只是在妻子车祸后，联系了当地相关部门，被告知可以向卫建委求助，于是家人才想办法联系。此外，阿里地区的工作人员也表示，网上信息夸大了，根本没有组织全体干部献血，只是当时血液库存紧张，他们看到了女子的家人发布的求救信息，所以有部分员工自愿去献了血。
另一方面，其父亲定下湾流G550公务机包机转院。对此，航空公司回应表示属实。这消息一经曝光，再次引发了网友们的热议。记者采访涉事女子的父亲，他表示，家里确实有包机转院，而且花费了120万，但这些钱都是借来的。
在这起事件中，我们可以看到，善意的谎言在关键时刻起到了积极作用。陶先生在妻子抢救时刻，用这样的善意谎言让她振作起来；女子的家人为了筹集治疗费用，借用了谎言来引起关注。这些善意的谎言，虽然在网上引发了争议，但背后凸显出家人在面对困境时的无奈和渴望生存的坚强意志。
然而，网络舆论的发酵往往会让事情变得复杂。网友们在不了解真相的情况下，纷纷质疑女子的家庭背景，甚至对其家人进行攻击。这种现象值得我们深思。在网络时代，信息传播速度极快，如何在短时间内分辨出真相与谎言，避免盲目跟风、恶意攻击，是每个人都需要思考的问题。
原本这是一件救人的好事，但因为涉事女子晒出的一份聊天记录，引起了不必要的麻烦。女子在聊天中夸赞丈夫的小姑姑厉害，并表示整个阿里地区的A型血都给用上了，共计7000多毫升，全身换了两次血。这话让人感觉她是在炫耀家人实力，引发网友质疑。
女子家人为了救治女儿，不惜一切代价，用善意的谎言来表达对亲人的关爱。然而，在网络时代，善意的谎言可能会引起不必要的误会和争议。因此，我们在表达情感时，应尽量保持客观真实，避免夸大事实，以免误导他人。
同时，这起事件也反映出网络舆论的复杂性。在网络时代，信息传播迅速，如何在短时间内分辨出真相与谎言，避免盲目跟风、恶意攻击，是每个人都需要思考的问题。我们应保持理智，对待舆论要有自己的判断，避免被谣言所左右。
这起事件给我们带来了很多启示。善意的谎言在某种程度上具有正能量，可以给人带来信心和希望。但在网络时代，我们要保持理智，对待舆论要有自己的判断，避免被谣言所左右。同时，我们也应该学会理解和尊重他人，给予处于困境中的人更多的关爱和支持。
文/家奴",2023-11-30 19:34:30,山西,2,wangyi
50,“西藏阿里献血”事件：车祸侥幸捡回一条命的她，为何让人讨厌？,"执笔为剑，写天写地写华年；落棋为子，点兵点将点江山。



01
最近，“西藏阿里献血”事件疯狂刷屏，在网上掀起千层浪。
整个事件的来龙去脉非常简单：
一位上海籍的27岁女子在西藏阿里地区旅游时，因车祸受了重伤急需输血，在性命垂危之际，当地很多热情的好心人纷纷为她献血，又经过层层接力，通过医疗包机将女子在最短的时间里从阿里转院至成都救治。
无数的人力和雄厚的财力，合力演绎出一场生命的奇迹，使得命悬一线的女子转危为安。
这本是件值得同情并且值得歌颂称赞的事情，但从这位27岁年轻女子的口中表述出来却彻底变了味，直接在网上掀起惊涛骇浪，使得无数的质疑声和谩骂声如潮般涌来。
侥幸捡回一条命的她，苏醒后做的第一件事不是庆幸劫后余生，也不是感恩为她献血的众多好心人，而是发了个视频炫耀说：
她的丈夫为了救治她，先通过亲戚小姑姑联系到了上海卫建委，再由上海卫健委联系到阿里地区相关部门，最后，“动用了阿里地区所有公务人员献血”。
靠着如此大的牌面，她在阿里撑了三天，为了得到更好的救助，她的家人又包来一架飞机，将她运到医疗条件更好的成都救治，花费约120万元。
到了成都后，为了保证她能够顺利在第一时间到达医院，又是各种开道，终于成功做上了第二次手术，病情得以彻底稳定下来。
话里话外给人的直观感觉是，她不是在庆幸感慨自己能够死里逃生捡回一条命，更多的是想要炫耀自己很有面子，不仅能让那么多人来给自己献血，还能一路开绿灯。
仿佛她的命，要比普通人的金贵似的。
02
最有意思的是这名女子丈夫的回应。
他出来辟谣说：
聊天记录里的小姑姑不是公职人员，在妻子出车祸后，他们一家人、朋友以及小姑姑才想办法去联系上海卫建委，献血行为是由阿里医院和当地卫健委组织的，不是他们的个人行为。
超过百万的转院费用是真的，只是转运公司照价提供的服务，只要付钱，人人都可以。
之所以在聊天记录里向妻子那般吹嘘，只是为了安慰重伤苏醒的妻子，鼓励她燃起求生的欲望，妻子将这次经历制成视频发到网上也只是想纪念一下，“希望网友们能理性看待”。
从这番话来看，不得不感慨丈夫脑回路的清奇。
既然献血行为和他们一家人没有关系，为什么在聊天记录里吹嘘的既不是热情的好心人，也不是救妻子性命的医护人员，偏偏是没发挥什么作用的小姑姑？吹嘘小姑姑的意义是什么？
为了鼓励妻子燃起求生欲望，所以围着小姑姑吹嘘了大半天，话里话外只为强调小姑姑有多么厉害，自家人有多么大的面子和能力，莫非这种虚荣心和优越感也能治病救人？
再者就是，明明是他炫耀吹嘘自家小姑姑在前，妻子上网炫耀吹嘘在后，字字句句都在炫耀着自己无与伦比的优越感，怎么到头来还成了网友们不理性看待呢？
吹嘘小姑姑厉害的时候自己没考虑理性，在网上炫耀优越感的时候也没考虑理性，有了热度以后开始反过来指责网友们不够理性了，这算什么事儿？这是什么逻辑？
明明是阿里地区的人以及医护人员救了她的命，但这夫妻俩在记录整件事时突出的不是献血者无私奉献的大爱，也不是医护人员妙手回春的医术，而是小姑姑的厉害之处、自家关系人脉的强大、说包机就包机的雄厚财力。
真不愧是夫妻俩，典型的不是一家人不进一家门，眼里看见的、心里想到的、嘴上表达的内容全都不谋而合，说好听点是虚荣心旺盛，优越感强，说难听点就是忘恩负义，不懂感恩。
真正惹恼网友们的，也正是这种显摆优越感，毫无感激之意的嘴脸。
所以，她被众人所讨厌，甚至被骂，咎由自取，一点不冤。
03
阿里地区的工作人员对此事回应称，因为阿里地区人口密度低，平时看到朋友圈里有需要献血的消息，公职人员和群众都会出于好心主动去献血，不论是谁需要，这一次也一样。
同时有阿里当地的网友表示，当地牧民群众或是游客出现意外，如果有需要的话，医院都是直接呼吁大家献血，救命救人才是关键。
只是不知道那些因为善良而选择主动献血的好心人，在看到夫妻俩以炫耀的豪门口气来讲述此次死里逃生的经历时会是何种的心情？恐怕除了后悔，就是厌恶了吧。
本是一曲死神面前众生平等的动人赞歌，到了夫妻俩嘴里就成了自己的命比别人贵。
但凡她能把那句“家里人不放弃，托关系把血续上”改成“感激阿里地区的好心人愿意献血救我一命”，怎会惹人反感？
生活里有着太多这样的人，就如同动物园里的孔雀一般，瞧见一个能显现自己优越感的机会，就虚荣心爆棚迫不及待展开翅膀，却一不小心露出了自己的屁股。
多家媒体纷纷对夫妻俩进行采访，想要知晓备受吹嘘的小姑姑到底是何方神圣，但丈夫却含糊不清、支支吾吾回答说，不清楚她的具体身份，只知道她快退休了。
“小姑姑平时一有事就会出来帮我，所以当时发消息第一时间就想到了小姑姑。”
模棱两可，必有蹊跷，支支吾吾，必有玄机。
其中奥妙，暂且不得而知。
不过，人们确实需要知道此事的真相，看一看夫妻俩如此凡尔赛式炫耀的底气到底是什么？撑起她们爆棚虚荣心的存在到底是何方人物？
目前，阿里地区的工作人员表示，已经对此次献血情况进行复查。
结果，让我们拭目以待。",2023-12-01 03:00:53,河南,2,wangyi
51,从“为了61个阶级兄弟”到“西藏阿里公务员为车祸女子献血”,"昨天晚上，当我在平台上看到那则关于西藏阿里公务员为车祸女子献血事件的各种网传消息时，作为一名70后，我的第一反应是想到读书时代的一篇文章“为了61位阶级兄弟”。


“长江网”文章截图
文章所讲内容大概如下:1960年，山西平陆张家沟村61名民工在“风南公路”工地现场发生集体中毒，生命垂危。在当时当地缺少特效药的紧要关头，一方有难八方支援，各部门经过多方努力和接力，最终通过空运的方式将“救命药”提前送达，挽救了61条生命。
而如今，上海某女士在西藏阿里不幸出了事故，急需输血，她远在上海的亲人，通过某种努力，西藏相关部门发动公职人员献血，各方努力之下挽救了她，然后家人包机送往成都治疗。
这些本是充满正能量的故事，但人们为什么要用双标看待这两件事？
这难道不也说明各族人民的爱心满满？相关部门富有担当？
这难道不正说明献血的公务员富有奉献精神？
从“为了61个阶级兄弟”到“西藏阿里公务员为车祸女子献血”，人们的看法大不相同，是时代变了，还是人心变了？",2023-12-01 06:54:30,广东,2,wangyi
52,再反转！阿里车祸献血后续，网友：到底谁在说慌！,"反转了！反转，大家都误会了！
就在近日，
一名上海的女子在西藏阿里地区游玩时，发生严峻车祸致重伤，当地连夜组织公务人员献血，父亲在连夜赶往西藏后，包专机花费120万转到华西医院
，该事件经过发酵！迅速引起网友广泛讨论！


该事件已经过去了有一段时间，一名上海女子余某，在10月份，开车前往西藏游玩，在阿里地区突发车祸，导致车辆受损严峻，好在及时送往医院抢救及时，并没有生命危险，但是经过检查，
发觉余某在受到车辆撞击后，导致腹腔大量出血！
为了防止再次发生意外，
余某几乎所有的亲属纷纷公布急需献血的朋友圈
。根据医院知情人士透露，西藏属于是偏远地区，医疗条件有限！
但是当地人看到急需献血后，连夜都自愿献血，这里面还包括许多当地的干部！
余某的父亲在得知情况后，
也是立刻赶往西藏，在知晓阿里地区的治疗范畴后，及时联系航空公司，挑选了一架飞机，及时把女儿送到四川的华西医院治疗！
这件事这样看来不算什么……11月28日，余某在某社交平台上公布了与自己老公的聊天记录截图，
聊天记录显示：自己的小姑姑在得知自己需要献血时，联系了上海卫健委，动用阿里地区所有的公务人员连夜为其献血，
瞬间被网友们发酵！
在网友们纷纷指责
余某一家耍大权
后，余某的丈夫也发声称：自己的小姑姑并不是什么部门的工作人员，就是一个一般人，
之所以向余某说联系了上海卫健委，只是觉得余某在没有生命危险后，给她一种安全感！
但是“所有公务人员献血”这件事！余某的丈夫说当晚并没有那么多人，
只有20多个理想者，至于是不是上海卫健委联系的，他也不知情！
最后在
余某父亲用120万包机这件事
，个人认为，父亲对女儿的爱是无价的，当他看到阿里的治疗条件，再看到女儿的伤势如此严峻，是不可能有丝毫的犹豫的，
随后拼凑120万包机将女儿送到华西医院
，也正是因为及时转院，余某才及时得到治疗！
对于这几张聊天记录截图，余某的丈夫说到，当时余某在医院内，目前身体正在康复中，为了感谢爱心人士的帮助，才制作了视频，但是太简单，让大家误会了，并不是想夸耀！
最后，这件事无论是怎样的结果，每个人的看法不同，那么多人连夜献血，这不正是我们想的情况吗，咱们生活就是很美好……
对此，你们怎么看待这件事……",2023-12-02 02:50:37,广东,2,wangyi
53,事大了！女子西藏车祸，阿里“全体公务员”献血，姑姑身份惹人议,"一人有难，八方支援，本是好事一桩，却因一女子死里逃生后发圈夸耀，引发了广泛的关注和热议！


近日，上海一新婚夫妻在去西藏度蜜月的途中，遭遇了车祸，男子的小姑姑联系了上海卫健委，动用了阿里所有的公务员为其献血，用血量高达32个成年人的献血量，女子父亲更是大手笔包机给女儿转院至成都华西医院，这让人质疑是否有“特权”？
受伤女子姓余，9月份举行了婚礼，这次和丈夫自驾蜜月旅行，目的地选在阿里，去探寻古格秘境、仰望冈仁波齐，两人来到了阿里高原地区，出现了高原反应，没成想还发生了车祸。
丈夫陶某没有受伤，而坐在副驾驶的余女士受伤严峻，被送到当地医院抢救。
知情人透露：
动用了所有的阿里公务员献血！
这是什么样的人？能动用“所有的阿里公务员”？这是多大的特权啊！
虽然作为当事人，只是动用所有关系保命，但是对于百姓而言，这是什么样的“特权”，能享受这么高的待遇？
对此，你们怎么看？",2023-12-02 06:38:10,广东,2,wangyi
